2822.33975784,737,3.423999999999999,7.399e-05,0.92067642,6.85361905,88000,,,,,,,13-01-2026,18:36,-90524613.42054173,0,0.0,527074800.0,43655
2439.93568194,41,2.0349999999999997,9.384e-05,0.89948256,8.17347996,88400,9.154e-05,-0.09238342,7.68189155,315.12,142827.0,78.27707008,13-01-2026,18:36,-88444549.01901366,294800,-0.0,395758800.0,30761
2070.36216108,942,3.9090000000000003,0.00012021,0.86697168,9.97249879,88800,0.00011924,-0.1255809,9.5821327,52.827,21120.0,109.03484291,13-01-2026,18:36,-88344511.65605412,606000,-11180079.08831616,321573600.0,22266
1715.30942923,3708,4.553999999999999,0.00015234,0.82245087,12.07009704,89200,0.00015292,-0.17111519,11.7900363,115.22700000000003,18166.0,153.51062091,13-01-2026,18:36,-86394230.50031675,1294000,-13482894.970575359,255836400.0,15725
1545.00107046,15,0.013000000000000001,0.00017013,0.79463013,13.19678272,89400,0.00017152,-0.19954705,12.97192457,3.646,2203.0,183.54964268,13-01-2026,18:36,-80033863.13673192,2379600,-16271568.910026418,226601000.0,13268
1381.0992425,442,1.028,0.00018833,0.76228581,14.34845996,89600,0.00019043,-0.23280804,14.18429289,82.73600000000002,13048.0,219.52152349,13-01-2026,18:36,-80010688.12067501,3468200,-16675928.772850458,197806200.0,10459
1225.20746129,619,1.4150000000000003,0.00020622,0.72561582,15.46408,89800,0.00020919,-0.27003966,15.34217946,44.86400000000004,4868.0,263.41759793,13-01-2026,18:36,-79400242.25549002,4645200,-19540245.611347977,171621000.0,7733
1077.65998361,9041,15.636999999999999,0.00022294,0.68479717,16.48639619,90000,0.00022658,-0.31173976,16.4085828,91.8930000000001,19069.0,315.92771834,13-01-2026,18:36,-78641838.83695151,5946000,-20822562.478071216,146409400.0,5289
940.75181199,712,5.228000000000001,0.00023709,0.63988231,17.3598038,90200,0.00024149,-0.35744188,17.31487719,35.476,3655.0,378.74787249,13-01-2026,18:36,-68898714.92513351,9055000,-26846988.139096677,125011600.0,3832
814.2748325,5689,37.537,0.00024774,0.59179437,18.01787581,90400,0.00025259,-0.4064832,17.99903552,43.22500000000004,19594.0,452.42498433,13-01-2026,18:36,-68228899.63499664,12306400,-28231311.613047626,104344800.0,2019
700.33180968,26232,71.51499999999999,0.00025395,0.54161415,18.40904109,90600,0.000259,-0.45766311,18.40541498,79.861,16666.0,538.5755499,13-01-2026,18:36,-63596490.11290413,16695600,-37096126.756009646,87596800.0,360
596.84439606,10566,59.88500000000006,0.00025594,0.49055193,18.50453026,90800,0.00026109,-0.50974821,18.50410334,53.769000000000034,9406.0,634.88169523,13-01-2026,18:36,-45225386.08137837,26331200,-46072026.87064305,74182000.0,922
504.45432369,26738,77.15799999999996,0.00025342,0.43957212,18.29697685,91000,0.00025845,-0.56175908,18.28750131,55.67600000000005,11323.0,742.42325774,13-01-2026,18:36,-38919128.192608416,38080000,-52043724.09597643,62648400.0,977
421.62714302,7364,50.30300000000001,0.00024688,0.38954528,17.79557274,91200,0.00025162,-0.61287677,17.76399957,21.435,3350.0,859.63648776,13-01-2026,18:36,-25431028.485785197,55176400,-60450182.64336645,53379400.0,2267
350.05763388,8263,34.97599999999997,0.00023614,0.34154375,17.02974668,91400,0.00024058,-0.66205253,16.96109841,33.04199999999997,2372.0,988.02026154,13-01-2026,18:36,-22326166.204585914,73745600,-63329964.877362445,44780400.0,3287
288.29353365,14526,34.72300000000002,0.00022219,0.29619934,16.03837393,91600,0.00022564,-0.70804687,15.93178588,12.707999999999997,1437.0,1126.13576583,13-01-2026,18:36,-19433639.97583547,93967400,-65673548.93773533,36655800.0,4552
234.3920704,4676,23.253,0.00020582,0.25393288,14.86584592,91800,0.0002086,-0.75152313,14.69606029,11.648999999999994,598.0,1272.49531222,13-01-2026,18:36,-15245888.106035572,117094400,-67291806.03323303,28818600.0,6338
189.27008137,36262,168.96500000000006,0.00018766,0.2151909,13.5638187,92000,0.00018947,-0.79134641,13.32131334,40.481,5275.0,1427.43008004,13-01-2026,18:36,-14149870.784845171,141156600,-68052758.2299406,21101000.0,8005
150.76577743,8730,20.361999999999995,0.00016849,0.18009568,12.17863519,92200,0.00016915,-0.82774112,11.84047151,14.387999999999995,2209.0,1588.34475026,13-01-2026,18:36,-7286559.094206229,172471200,-75582451.9021516,14438400.0,10404
118.92209301,6810,38.412000000000006,0.00014893,0.14888461,10.76405088,92400,0.00014819,-0.85969555,10.34208719,34.71700000000001,23485.0,1756.80873154,13-01-2026,18:36,-5970373.857242329,205531800,-79091105.45547594,8217600.0,12869
94.36444202,3798,13.433999999999994,0.00012985,0.12288167,9.43752682,92600,0.00012753,-0.88715215,8.88524177,1.1210000000000002,137.0,1932.10973563,13-01-2026,18:36,-5160514.40384423,239954400,-120349758.51569284,6693800.0,12114
75.93095529,14005,51.78099999999999,0.00011225,0.10179199,8.24881997,92800,0.00010784,-0.9105289,7.50158261,5.0169999999999995,1271.0,2112.0906524,13-01-2026,18:36,-4802118.25305227,275136600,-120614457.54947415,5197400.0,15492
59.92260225,18404,54.58800000000004,9.549e-05,0.08213366,7.03601705,93000,8.976e-05,-0.92977748,6.24482202,5.114999999999999,2243.0,2296.83937886,13-01-2026,18:36,-3738705.2242158195,313119800,-123298924.76867455,3955200.0,19004
47.55414331,13258,65.069,8.127e-05,0.06766396,6.06864672,93200,7.305e-05,-0.94630767,5.06405256,1.813,156.0,2484.21043717,13-01-2026,18:36,-2635889.65240682,354783800,-128450735.49545753,3161600.0,22686
29.9417197,7940,51.85600000000001,5.739e-05,0.04474188,4.37750823,93600,4.584e-05,-0.9699526,3.1611024,1.112,616.0,2867.63790423,13-01-2026,18:36,-2005416.82040284,443415000,-128838272.32365605,1636800.0,31421
21.4612591,22019,87.11700000000005,4.2e-05,0.03220799,3.34801406,94000,2.821e-05,-0.98290149,1.96578617,3.23,2300.0,3259.53529901,13-01-2026,18:36,-1767679.56598484,535222200,-130604737.27266173,358400.0,40321
18.46668618,70133,158.1950000000001,3.34e-05,0.0265665,2.85319355,94400,1.941e-05,-0.98831182,1.4164314,1.266,896.0,3655.79595242,13-01-2026,18:36,-1295124.10186194,635837000,-138101668.46038473,0.0,49644
2768.00690711,737,3.423999999999999,7.718e-05,0.91620904,7.13584055,88000,,,,,,,13-01-2026,18:37,-86418955.51665913,0,0.0,527376200.0,44096
2386.46299409,41,2.0349999999999997,9.78e-05,0.89360801,8.50930057,88400,9.577e-05,-0.09852227,8.04701872,324.1269999999999,143155.0,83.96054407,13-01-2026,18:37,-84378934.42611904,294800,-0.0,395904600.0,31182
2018.99698084,942,3.9090000000000003,0.00012481,0.85927538,10.3533723,88800,0.00012413,-0.1333476,9.97935353,60.819,21120.0,116.75550071,13-01-2026,18:37,-84281089.44336136,606000,-12019371.68634085,321695000.0,22600
1666.11083684,3708,4.553999999999999,0.00015733,0.81298307,12.45642042,89200,0.00015818,-0.1806648,12.19128981,118.92900000000003,18166.0,164.09960787,13-01-2026,18:37,-82379194.28741008,1294000,-14485247.86133605,255933400.0,16036
1497.88560979,15,0.016,0.00017505,0.78390833,13.58367363,89400,0.00017674,-0.21057241,13.3804238,4.196999999999999,2203.0,195.45551727,13-01-2026,18:37,-76201255.30440734,2379600,-17466281.33790247,226685800.0,13540
1336.97294305,442,1.018,0.00019315,0.75067482,14.70877421,89600,0.00019574,-0.24425035,14.54777992,85.022,13048.0,233.52235415,13-01-2026,18:37,-76178787.02026048,3468200,-17896869.842448283,197878800.0,10727
1182.08712186,619,1.5720000000000003,0.00021061,0.71293613,15.7910411,89800,0.00021356,-0.28229981,15.66621112,47.22400000000004,4868.0,279.67878453,13-01-2026,18:37,-75587844.97943239,4645200,-20943869.519397482,171681400.0,7979
1037.60941523,9041,19.006999999999998,0.00022644,0.6710803,16.76489637,90000,0.00023036,-0.32579469,16.69980019,90.26000000000009,19069.0,334.731036,13-01-2026,18:37,-74856133.05100104,5946000,-22305345.842489522,146457600.0,5524
903.35449813,715,5.232,0.00023996,0.62560134,17.56826858,90200,0.0002443,-0.37208957,17.53356038,36.597,3656.0,401.00277205,13-01-2026,18:37,-65475106.327906616,9055000,-28688331.967973523,125047600.0,3994
780.37541172,5689,38.010000000000005,0.00024936,0.57674957,18.14897616,90400,0.00025436,-0.42176385,18.13532565,44.87600000000004,19594.0,476.87539962,13-01-2026,18:37,-64829207.861743666,12307000,-30154398.102588322,104368800.0,2169
668.70188437,26234,73.69,0.00025416,0.52659096,18.45158465,90600,0.00025942,-0.47305046,18.45042777,84.025,16666.0,566.52101031,13-01-2026,18:37,-60389652.14446859,16696800,-39498294.6827426,87608800.0,442
568.33082695,10566,60.806000000000076,0.00025488,0.47555744,18.45791802,90800,0.00026021,-0.52509803,18.45591828,57.38600000000003,9466.0,665.64190079,13-01-2026,18:37,-42846926.909906015,26333400,-48939933.840569064,74182000.0,873
478.99347437,26738,81.86799999999995,0.00025096,0.42499283,18.16481228,91000,0.00025611,-0.57673339,18.14939159,55.73200000000005,11323.0,777.02954195,13-01-2026,18:37,-36841943.39235232,38083200,-55240900.073447205,62648400.0,865
399.99697496,7364,51.48100000000001,0.00024329,0.37558899,17.58585082,91200,0.00024781,-0.62722336,17.54359531,21.438,3350.0,897.60511519,13-01-2026,18:37,-24034615.874647256,55180600,-64039205.576947056,53379400.0,2049
330.64044444,8263,35.28499999999997,0.00023174,0.32837047,16.75360143,91400,0.00023578,-0.67555098,16.67158183,33.04299999999998,2372.0,1028.85354223,13-01-2026,18:37,-21089038.151041817,73750800,-67046182.71283355,44780400.0,3040
271.68088666,14526,35.155000000000015,0.00021712,0.28400144,15.71080851,91600,0.00022051,-0.72074229,15.58380407,12.717999999999998,1437.0,1169.94718739,13-01-2026,18:37,-18356956.1586341,93973600,-69486623.31500311,36655800.0,4279
220.35678214,4676,23.434999999999995,0.00020025,0.24290715,14.50482235,91800,0.00020288,-0.76309931,14.3080813,11.650999999999994,598.0,1318.29705018,13-01-2026,18:37,-14410519.599010939,117101600,-71167837.42328255,28818600.0,6034
177.17057615,36262,169.28400000000005,0.00018178,0.20587094,13.20363751,92000,0.00018326,-0.80144733,12.92041697,40.558,5275.0,1475.4899159,13-01-2026,18:37,-13380131.285724299,141164800,-71956179.05929019,21101000.0,7693
140.50842669,8730,21.250999999999998,0.0001627,0.17115374,11.78099443,92200,0.00016297,-0.83670271,11.42940896,14.462999999999994,2209.0,1638.64749975,13-01-2026,18:37,-6955571.8533729995,172480400,-79739388.36566268,14438400.0,10022
110.70649534,6810,38.56700000000001,0.00014326,0.14133515,10.383969,92400,0.00014219,-0.86719138,9.95172126,34.71700000000001,23485.0,1808.22569052,13-01-2026,18:37,-5728933.288369301,205542000,-83359160.69261043,8217600.0,12467
87.87788382,3798,13.676999999999992,0.00012455,0.11666688,9.08959025,92600,0.00012166,-0.8941465,8.47819222,1.1210000000000002,137.0,1985.30989045,13-01-2026,18:37,-4975022.055103901,239965600,-125825341.03447263,6693800.0,11586
70.10805267,15005,56.87699999999999,0.00010709,0.09552696,7.86648627,92800,0.00010264,-0.91581616,7.16087818,5.0169999999999995,1271.0,2166.87769921,13-01-2026,18:37,-4641261.85235554,275148800,-126097328.48946428,5197400.0,14961
54.52893871,18404,57.03200000000004,9.137e-05,0.07816153,6.77098366,93000,8.52e-05,-0.93402073,5.9459524,5.114999999999999,2243.0,2352.03550615,13-01-2026,18:37,-3589290.5220421897,313333000,-128851430.04516019,3955200.0,18485
43.63821486,13748,66.98700000000001,7.708e-05,0.06328055,5.75610844,93200,6.87e-05,-0.95022346,4.76358993,1.813,156.0,2540.60905311,13-01-2026,18:37,-2585739.9340233505,355198000,-134127045.68545464,3161600.0,22165
27.61957665,12490,52.95600000000001,5.477e-05,0.04255879,4.20043501,93600,4.325e-05,-0.97179228,2.99657262,1.112,616.0,2925.23920932,13-01-2026,18:37,-1985801.7561280702,444427200,-134523380.6977398,1636800.0,30955
19.85824075,22019,87.43800000000005,4.06e-05,0.03128006,3.26519394,94000,2.539e-05,-0.98499131,1.75633555,3.245,2300.0,3318.1428638,13-01-2026,18:37,-1640833.2437695703,538652400,-136325328.05068094,358400.0,40104
17.10036004,70383,161.12000000000006,3.184e-05,0.02520474,2.72776914,94400,1.608e-05,-0.99083559,1.14471095,1.266,896.0,3714.90054871,13-01-2026,18:37,-1203574.6406953202,641685200,-143957056.63742092,0.0,49652
2658.46017336,737,3.423999999999999,8.352e-05,0.90790009,7.63942472,88000,,,,,,,13-01-2026,18:39,-75185596.91888943,0,0.0,523018600.0,44783
2280.67975118,41,2.0349999999999997,0.00010567,0.88288118,9.09351903,88400,0.00010396,-0.1094768,8.66634,324.1269999999999,143945.0,95.52678186,13-01-2026,18:39,-73226311.77112311,294800,-0.0,391979800.0,31905
1917.46952474,942,3.9090000000000003,0.00013419,0.84493649,11.02273613,88800,0.00013404,-0.14837649,10.70455066,60.819,20748.0,132.62191847,13-01-2026,18:39,-73132803.90132473,606000,-13750602.6148377,318519000.0,23224
1571.39598051,1708,4.553999999999999,0.00016763,0.79377158,13.18621008,89200,0.00016904,-0.20027758,12.95786747,118.92900000000003,17966.0,186.13885295,13-01-2026,18:39,-71326547.60901965,1294000,-16502242.179253262,253357400.0,16682
1405.89578241,15,0.016,0.00018574,0.76482805,14.21764803,89400,0.0001877,-0.23211924,14.11445586,4.196999999999999,3137.0,221.26459577,13-01-2026,18:39,-68642603.27430858,1979600,-19846412.81135296,224369800.0,13786
1249.32340577,441,1.018,0.00020312,0.72682148,15.38014381,89600,0.0002061,-0.26866889,15.25312608,85.022,13048.0,263.34616863,13-01-2026,18:39,-68621514.83757243,2668200,-20540519.84828345,196009600.0,10952
1099.25194105,619,1.5720000000000003,0.00021951,0.68820383,16.3566613,89800,0.00022294,-0.30866151,16.28489045,47.22400000000004,4901.0,314.32214881,13-01-2026,18:39,-68070563.21562786,3445000,-23976660.656567693,170259000.0,8166
959.65431254,9041,19.006999999999998,0.00023405,0.64435143,17.22869731,90000,0.00023846,-0.35434257,17.20538207,90.26000000000009,19419.0,374.81285967,13-01-2026,18:39,-67390126.26411791,4345600,-25517153.5078855,145488600.0,5693
831.19974244,715,5.232,0.00024524,0.59699351,17.90191288,90200,0.00025036,-0.40227623,17.89322275,36.597,2727.0,446.40095057,13-01-2026,18:39,-58713891.62444376,7054400,-32795644.42981723,124602000.0,4015
713.94208272,5372,38.010000000000005,0.00025312,0.54617061,18.32562647,90400,0.00025791,-0.45310566,18.32158206,44.87600000000004,18499.0,529.04697079,13-01-2026,18:39,-58119583.80859915,9906200,-34012979.82202162,104260800.0,2203
609.35793546,26569,73.69,0.00025543,0.49616061,18.44897441,90600,0.00026047,-0.50381503,18.44916854,84.025,16487.0,624.02210088,13-01-2026,18:39,-54284286.94022732,13832400,-43799819.734665826,87619400.0,337
515.50793318,10550,60.806000000000076,0.00025351,0.44543264,18.27715338,90800,0.00025833,-0.55556781,18.27066533,57.38600000000003,9225.0,730.49191963,13-01-2026,18:39,-38094255.95299057,23072400,-54088072.11187439,74275400.0,517
432.39065189,26181,81.86799999999995,0.00024737,0.39534865,17.81151253,91000,0.00025212,-0.60669258,17.78625648,55.73200000000005,11313.0,846.68013652,13-01-2026,18:39,-32655647.25794157,34422400,-60826860.07046114,62776400.0,372
359.19727572,7369,51.48100000000001,0.00023718,0.347341,17.08218297,91200,0.00024138,-0.65741878,16.99355349,21.438,3260.0,973.24083111,13-01-2026,18:39,-21335227.600809477,51008600,-70405352.4549119,53540000.0,1281
295.85759753,8363,35.28499999999997,0.00022391,0.30142802,16.11439417,91400,0.00022712,-0.70402405,15.98058254,33.04299999999998,2270.0,1110.44728484,13-01-2026,18:39,-18688302.8760288,69068600,-73578117.5643305,44955600.0,2176
241.46986982,14526,35.155000000000015,0.00020747,0.25942676,14.9840032,91600,0.00021036,-0.74592849,14.82215968,12.717999999999998,1392.0,1255.96037147,13-01-2026,18:39,-16214045.78788541,88801200,-76098832.9009173,36825200.0,3331
195.03997256,4726,23.434999999999995,0.0001896,0.22002057,13.69427259,91800,0.00019156,-0.7860366,13.47513548,11.650999999999994,594.0,1409.62932949,13-01-2026,18:39,-12706454.458880091,111439000,-77847129.73800355,28973200.0,4986
156.6152599,36145,169.28400000000005,0.00017045,0.18504773,12.34663117,92000,0.00017087,-0.82294828,12.00917038,40.558,5249.0,1571.23989543,13-01-2026,18:39,-11784695.548561532,135022000,-78684449.5597206,21240000.0,6579
123.45207552,8362,21.250999999999998,0.00015119,0.15334522,10.9422079,92200,0.00015075,-0.85506881,10.53746974,14.462999999999994,2184.0,1737.42802137,13-01-2026,18:39,-6123836.97947603,165834000,-86931887.77083267,14556600.0,8733
96.81652141,6793,38.56700000000001,0.00013211,0.12602376,9.57455606,92400,0.00013012,-0.8833854,9.06607174,34.71700000000001,23552.0,1912.23332276,13-01-2026,18:39,-5091530.72397779,198318400,-90726430.56950475,8310000.0,11081
76.40464833,3798,13.676999999999992,0.00011352,0.10269838,8.27492916,92600,0.00010974,-0.90814295,7.62453988,1.1210000000000002,137.0,2091.17852022,13-01-2026,18:39,-4433856.09403966,232161400,-135763349.78714827,6773800.0,9874
60.18557691,15005,56.87699999999999,9.68e-05,0.08343121,7.09623715,92800,9.146e-05,-0.927927,6.34999578,5.0169999999999995,1271.0,2275.07815524,13-01-2026,18:39,-4143671.2396823205,266764000,-136049841.2444184,5265000.0,13184
47.69486179,18404,57.03200000000004,8.248e-05,0.06850851,6.10732065,93000,7.533e-05,-0.9439052,5.22528232,5.114999999999999,2253.0,2462.36444065,13-01-2026,18:39,-3240586.65814777,304367600,-138941465.57972845,4010400.0,16620
37.58995704,13804,66.98700000000001,6.943e-05,0.05564118,5.19191735,93200,6.002e-05,-0.95796554,4.14877743,1.813,156.0,2652.4453713,13-01-2026,18:39,-2362810.42176461,345652000,-144489172.6645129,3206400.0,20201
24.52301834,12490,52.95600000000001,4.932e-05,0.03773867,3.8008391,93600,4.145e-05,-0.97195975,2.9749619,1.112,608.0,3039.41545236,13-01-2026,18:39,-1843918.6547844498,433742400,-144902954.1424357,1660800.0,28866
18.15400521,21797,87.43800000000005,3.651e-05,0.02778916,2.95275563,94000,2.022e-05,-0.98866028,1.37523441,3.245,2360.0,3431.80353941,13-01-2026,18:39,-1537626.15571785,526828800,-146750918.73747057,358400.0,37890
15.77220348,72401,161.12000000000006,2.918e-05,0.02304685,2.52432649,94400,1.201e-05,-0.99358889,0.83387469,1.266,896.0,3829.62276485,13-01-2026,18:39,-1141923.30415548,628634000,-154849975.09047818,0.0,47264
2801.33814329,757,3.458999999999999,7.399e-05,0.92209423,6.7214896,88000,,,,,,,13-01-2026,18:51,-88161577.37447703,0,0.0,538354400.0,45019
2418.73781326,55,2.0689999999999995,9.445e-05,0.90036103,8.07415123,88400,9.197e-05,-0.09107648,7.55732582,335.46900000000016,147990.0,76.22296503,13-01-2026,18:51,-86040964.4000065,302800,-0.0,402866000.0,31713
2050.17177032,943,3.9090000000000003,0.00012147,0.86693395,9.91658798,88800,0.00012045,-0.12534532,9.51406371,63.260000000000005,22895.0,107.63751588,13-01-2026,18:51,-85907933.82027721,627600,-11280236.594789699,326573600.0,23001
1695.8454425,1809,6.654999999999999,0.00015411,0.82192991,12.02259386,89200,0.00015489,-0.17228208,11.77301025,119.20000000000005,18003.0,153.51333825,13-01-2026,18:51,-83974621.84086543,1329600,-13744597.520862298,259439200.0,16305
1526.59773361,17,0.018000000000000002,0.00017229,0.79245191,13.20274455,89400,0.00017368,-0.20146178,12.97085674,5.496999999999998,3139.0,184.13896332,13-01-2026,18:51,-80906837.43538293,2042400,-16508298.149377048,229472600.0,13410
1363.51673492,402,1.061,0.00019065,0.76059223,14.32102237,89600,0.00019315,-0.23460413,14.16221676,86.096,13058.0,221.06706478,13-01-2026,18:51,-80880885.27391157,2758600,-17086310.355238527,200133800.0,10493
1208.19971666,619,1.6430000000000002,0.00020879,0.72276608,15.45311537,89800,0.00021176,-0.27324791,15.3434244,47.90600000000005,5295.0,266.44118625,13-01-2026,18:51,-80332751.54647374,3555200,-19973004.087135766,173406600.0,7666
1063.37045719,8839,19.180999999999997,0.00022468,0.68054002,16.48457036,90000,0.00022858,-0.31573161,16.40286353,90.4270000000001,21296.0,320.8263326,13-01-2026,18:51,-79584875.9218612,4475600,-21383810.168329515,147738400.0,5125
928.81631227,696,5.3309999999999995,0.00023833,0.63525534,17.33475511,90200,0.0002428,-0.36229052,17.29512329,40.369000000000014,4084.0,385.99604174,13-01-2026,18:51,-70185744.45075879,7163800,-28216127.747379117,126329400.0,3509
804.45052764,5524,39.081,0.00024855,0.58757401,17.9580169,90400,0.00025257,-0.41142422,17.94736309,47.83900000000005,17731.0,461.91696612,13-01-2026,18:51,-69539288.29741885,9991200,-29792535.581845276,105737200.0,1640
692.95307266,27116,76.67699999999998,0.00025302,0.53614897,18.32720457,90600,0.00025771,-0.46317466,18.32444801,89.781,17778.0,550.43918448,13-01-2026,18:51,-65095503.58273549,13923400,-37982785.308119,88691200.0,-46
591.11021189,11033,65.3510000000001,0.00025428,0.48546725,18.3906943,90800,0.00025883,-0.51455221,18.39071975,59.40600000000004,9256.0,649.00205677,13-01-2026,18:51,-46305388.06448693,23278800,-47768493.12980444,75200800.0,441
500.50492629,27581,84.75699999999995,0.0002512,0.43491964,18.15748928,91000,0.00025541,-0.56594433,18.15108363,56.52700000000006,11261.0,757.59052174,13-01-2026,18:51,-39783669.09670456,34840800,-53775656.16726756,63561600.0,484
418.70322594,5906,52.86500000000001,0.00024431,0.38560721,17.64112375,91200,0.00024879,-0.61647065,17.61288074,21.618,3221.0,875.9302714,13-01-2026,18:51,-25979242.724700082,51919000,-62306883.0325817,54174600.0,1781
346.05980898,8382,35.40899999999998,0.00023401,0.33748849,16.85396335,91400,0.00023771,-0.66470334,16.81163115,33.17899999999998,2272.0,1003.48841208,13-01-2026,18:51,-23506381.472298443,70178400,-65128254.4367611,45431800.0,2698
283.72273816,14526,35.246000000000016,0.00022048,0.29211257,15.84378426,91600,0.00022356,-0.71161087,15.74907914,12.763999999999998,1393.0,1140.99369571,13-01-2026,18:51,-20605708.15342808,90114200,-67408180.10900687,37143400.0,3924
230.08287808,4847,24.889,0.00020424,0.24935838,14.63880231,91800,0.00020672,-0.75520726,14.49493783,11.560999999999995,595.0,1287.21586988,13-01-2026,18:51,-16484351.658915918,112955200,-68997584.3271309,29133600.0,5661
184.83769851,36863,172.57400000000007,0.00018586,0.21073916,13.32188927,92000,0.00018791,-0.79585492,13.07394664,41.786,6050.0,1441.72096876,13-01-2026,18:51,-15369139.948862158,136765600,-69763477.7697095,21242800.0,7288
146.97938992,8406,22.341999999999995,0.00016657,0.17584999,11.9275595,92200,0.00016708,-0.83101954,11.62814634,14.488999999999995,2185.0,1603.98739931,13-01-2026,18:51,-8555467.86868803,167948600,-78485889.6307075,14562000.0,9547
116.20967218,7391,38.947,0.00014696,0.14555465,10.54088948,92400,0.00014615,-0.86283689,10.12511328,34.80600000000001,23531.0,1773.36195325,13-01-2026,18:51,-7319959.11702051,200812800,-81990602.09819986,8318200.0,11982
92.74620357,4842,13.917999999999992,0.00012813,0.1206826,9.26461401,92600,0.00012573,-0.88890786,8.73547841,1.1220000000000003,138.0,1949.40505425,13-01-2026,18:51,-6461053.42993813,235155200,-123719582.22012562,6780600.0,11176
73.70027495,14980,57.89999999999999,0.00011045,0.09917426,8.04669416,92800,0.00010651,-0.91147128,7.39962227,5.018000000000001,1272.0,2130.15706369,13-01-2026,18:51,-6011976.31225219,270466000,-123988600.11761211,5270600.0,14574
58.63272057,18978,57.609000000000044,9.413e-05,0.08081697,6.91072797,93000,8.929e-05,-0.92926924,6.24335107,5.1259999999999994,2253.0,2315.53149553,13-01-2026,18:51,-4907946.193501189,308772800,-126698159.90262578,4015000.0,18118
46.6471047,13814,70.27900000000001,7.994e-05,0.06633006,5.94146412,93200,7.253e-05,-0.94634224,5.03224892,1.814,157.0,2502.83831424,13-01-2026,18:51,-3795214.42252373,350875200,-131915052.36205487,3210000.0,21837
30.72272343,12492,58.42100000000001,5.722e-05,0.04505082,4.37643128,93600,4.75e-05,-0.9677283,3.33411602,1.1550000000000002,609.0,2887.23403514,13-01-2026,18:51,-3150831.31819793,440605600,-132307997.97739054,1662800.0,30681
22.39510565,22329,88.67100000000005,4.247e-05,0.03315161,3.40883947,94000,2.667e-05,-0.98412686,1.83386855,3.306,2361.0,3278.70860379,13-01-2026,18:51,-2767043.05711037,535332800,-134066323.5047908,359200.0,39886
18.13064032,125036,183.62199999999993,3.23e-05,0.02539128,2.73133437,94400,2.024e-05,-0.98750216,1.49243175,1.2779999999999996,898.0,3675.14288746,13-01-2026,18:51,-2266982.74305152,638991600,-141807354.51833898,0.0,49492
2783.571193,757,3.468999999999999,7.406e-05,0.92193927,6.72678784,88000,,,,,,,13-01-2026,18:53,-87162072.33654004,0,0.0,539877600.0,45272
2401.68807037,55,2.0699999999999994,9.542e-05,0.89942439,8.12191997,88400,9.192e-05,-0.09105421,7.55046635,339.0560000000004,148310.0,77.70358029,13-01-2026,18:53,-85054908.94343904,302800,-0.0,404031200.0,31928
2033.35906068,943,3.9090000000000003,0.00012136,0.86734811,9.88846273,88800,0.00012038,-0.12530381,9.50526764,64.792,22905.0,109.47144418,13-01-2026,18:53,-84922816.09956868,627600,-11524217.992809901,327508800.0,23169
1679.96524088,1809,6.715,0.00015416,0.82178177,12.02031685,89200,0.00015645,-0.17496729,11.87835683,119.30800000000005,18003.0,155.98963096,13-01-2026,18:53,-83005358.50534745,1329600,-14031661.421752801,260148400.0,16444
1511.10440642,67,0.068,0.00017228,0.79000274,13.28382857,89400,0.00017539,-0.20426846,13.06629301,5.596999999999999,3139.0,186.75141982,13-01-2026,18:53,-79966301.38459553,2042400,-16839942.74792568,230068800.0,13530
1348.23731933,402,1.061,0.00019082,0.7607598,14.3053655,89600,0.00019451,-0.23834854,14.27286643,86.196,13058.0,224.50975194,13-01-2026,18:53,-79865057.38936539,2768600,-17426155.45474066,200617000.0,10609
1194.42434862,619,1.6430000000000002,0.00021018,0.71924437,15.53381304,89800,0.00021162,-0.27314907,15.3295314,47.94100000000005,5295.0,270.33721891,13-01-2026,18:53,-79323065.98699473,3575200,-20357803.79557318,173776800.0,7767
1049.56820621,8824,19.261,0.00022639,0.67704928,16.54385329,90000,0.00023007,-0.31960759,16.47229809,91.75600000000009,21609.0,325.66174612,13-01-2026,18:53,-78583717.31519894,4505600,-21789239.369701628,147995600.0,5213
915.96187331,696,5.430999999999999,0.00023945,0.63093159,17.38623994,90200,0.00024351,-0.36662883,17.34829663,40.38300000000001,4077.0,392.32974045,13-01-2026,18:53,-69322327.4636019,7200800,-28826464.041608706,126536200.0,3559
794.01950941,5734,38.204,0.00024768,0.58689365,17.95196197,90400,0.00025241,-0.41205915,17.94068235,47.94100000000005,17731.0,470.09479223,13-01-2026,18:53,-68684817.99977814,10035200,-30425992.393423356,105892200.0,1682
684.54800318,27185,77.73499999999997,0.00025145,0.53472569,18.3185565,90600,0.00026147,-0.46734341,18.32406339,90.607,17799.0,559.64673728,13-01-2026,18:53,-64131910.1328212,14016400,-38761243.154453486,88794400.0,-8
584.04533101,10954,66.3070000000001,0.00025322,0.48111919,18.36510188,90800,0.00025827,-0.51944703,18.36369461,61.450000000000045,9256.0,660.18878666,13-01-2026,18:53,-45522472.66637289,23434600,-48722395.43130021,75256400.0,445
494.26995531,27581,85.00499999999994,0.00024961,0.4306853,18.10732222,91000,0.00025507,-0.57112741,18.09246108,57.21900000000006,11459.0,770.24160424,13-01-2026,18:53,-39124840.11048936,35043600,-54833102.84062517,63569600.0,466
412.84272066,5906,55.80600000000001,0.00024306,0.38128459,17.56544618,91200,0.00024825,-0.616784,17.59563308,21.679999999999996,3261.0,888.85660748,13-01-2026,18:53,-25492380.473084252,52168800,-63659301.38361133,54174600.0,1719
340.52257418,8402,35.656999999999975,0.00023282,0.33336842,16.75741682,91400,0.00023813,-0.66549383,16.78395251,33.28099999999998,2272.0,1016.66464625,13-01-2026,18:53,-23054131.36486629,70475200,-66557862.78060361,45431800.0,2630
277.96676035,14526,35.255000000000024,0.00021918,0.28804223,15.72519518,91600,0.00022265,-0.7167401,15.60044636,12.763999999999998,1393.0,1154.30670838,13-01-2026,18:53,-20193060.69660593,90462000,-68867724.85688362,37143400.0,3854
224.33081391,4847,24.903,0.00020286,0.2454942,14.50354914,91800,0.00020528,-0.75989057,14.33045127,11.560999999999995,595.0,1300.48534105,13-01-2026,18:53,-16155315.53576183,113354000,-70475674.10165696,29133600.0,5586
179.83898724,37032,172.85700000000008,0.00018603,0.21056823,13.30587638,92000,0.00018779,-0.79624535,13.04961085,41.786,6050.0,1455.67613717,13-01-2026,18:53,-15067984.08074006,137215400,-71249462.8795817,21242800.0,7214
142.39659817,8406,22.341999999999995,0.00016477,0.17421238,11.84587977,92200,0.00016522,-0.83505712,11.43747057,14.488999999999995,2185.0,1618.13094235,13-01-2026,18:53,-8408186.70526838,168483200,-80056303.50946021,14562000.0,9458
111.95706579,7391,40.31700000000001,0.00014513,0.14262514,10.38759497,92400,0.00014404,-0.86636423,9.93651067,34.80600000000001,23531.0,1787.95783294,13-01-2026,18:53,-7211200.90105136,201432200,-83591919.61849496,8318200.0,11895
89.01650415,4842,14.918999999999993,0.00012765,0.11907987,9.17101169,92600,0.0001255,-0.89002603,8.66634543,1.1220000000000003,138.0,1965.15736603,13-01-2026,18:53,-6383726.22779747,235859400,-125664355.38540609,6780600.0,11059
70.90617504,14980,59.077999999999996,0.00011014,0.09833163,7.99091605,92800,0.00010592,-0.91262245,7.32235642,5.018000000000001,1272.0,2146.71495466,13-01-2026,18:53,-5952708.31470317,271255000,-125935547.10191824,5270600.0,14464
56.38014871,18978,57.819000000000045,9.239e-05,0.07860773,6.76093091,93000,8.698e-05,-0.93221916,6.03604818,5.1259999999999994,2253.0,2332.13231654,13-01-2026,18:53,-4890533.81260397,309646600,-128666168.52424575,4015000.0,18010
44.68811446,14092,70.78099999999999,7.818e-05,0.06411062,5.78117957,93200,7.219e-05,-0.94679609,4.99485531,1.814,157.0,2520.64551621,13-01-2026,18:53,-3820551.35038559,351833800,-133920462.63341038,3210000.0,21730
29.559214,12492,58.42300000000001,5.602e-05,0.04381653,4.27549942,93600,4.368e-05,-0.97164927,2.99186329,1.1550000000000002,609.0,2904.8067962,13-01-2026,18:53,-3190806.44141527,441845000,-134316203.97945535,1662800.0,30600
20.95144419,22429,89.29300000000003,4.164e-05,0.03206638,3.31414467,94000,2.695e-05,-0.98375714,1.86867305,3.306,2361.0,3297.17115263,13-01-2026,18:53,-2821552.74012727,536853000,-136085231.31834117,359200.0,39831
18.67679648,125912,218.799,3.363e-05,0.02716816,2.88794846,94400,1.787e-05,-0.98953546,1.27821046,1.2879999999999998,898.0,3693.31889742,13-01-2026,18:53,-2351632.79838976,640832600,-143869852.4097006,0.0,49461
2743.68335246,757,3.468999999999999,7.733e-05,0.91770184,6.98993462,88000,,,,,,,13-01-2026,18:55,-83920788.85017699,0,0.0,540547200.0,45663
2362.50077942,56,2.0699999999999994,9.831e-05,0.89527123,8.35294589,88400,9.636e-05,-0.0970252,7.90023681,339.0560000000004,149324.0,81.64563865,13-01-2026,18:55,-81843820.55236477,302800,-0.0,404251200.0,32271
1995.60457515,943,3.9090000000000003,0.00012608,0.86063889,10.2117874,88800,0.00012543,-0.13259117,9.86945549,64.792,22905.0,114.82449381,13-01-2026,18:55,-81711520.50871724,628000,-12191653.3457726,327684800.0,23441
1643.83577159,1809,6.715,0.00015952,0.8128425,12.37344981,89200,0.00016041,-0.1811379,12.12423507,119.30800000000005,18003.0,162.9166146,13-01-2026,18:55,-79829665.39435078,1330400,-14821708.376490649,260280400.0,16696
1475.74589342,55,0.068,0.00017803,0.78311803,13.51538839,89400,0.00017952,-0.21119224,13.30795246,5.596999999999999,3139.0,194.75097312,13-01-2026,18:55,-76855966.48354447,2043400,-17754696.18913445,230178800.0,13761
1314.27374132,402,1.061,0.00019634,0.74905397,14.65448664,89600,0.00019886,-0.24578981,14.49297401,86.196,13058.0,233.30957781,13-01-2026,18:55,-76774800.45940638,2767400,-18366019.493758127,200705000.0,10833
1161.57334583,619,1.6430000000000002,0.00021399,0.71072801,15.73525001,89800,0.00021742,-0.28565507,15.6417441,47.94100000000005,5295.0,280.61382089,13-01-2026,18:55,-76246462.41539574,3571800,-21412575.960801106,173842800.0,7976
1018.53506798,8824,19.261,0.00022982,0.66779353,16.71158166,90000,0.00023374,-0.32901553,16.64714076,91.75600000000009,21659.0,337.72653872,13-01-2026,18:55,-75527448.51432696,4500000,-22898426.142413657,148039600.0,5411
887.48496736,696,5.430999999999999,0.00024236,0.62109489,17.50809544,90200,0.00024665,-0.37680295,17.47784887,40.38300000000001,4077.0,406.53368826,13-01-2026,18:55,-66539895.07447144,7193000,-30213245.24455014,126568200.0,3701
767.67073693,5734,38.204,0.00025089,0.5718323,18.06193182,90400,0.0002556,-0.42742369,18.05576627,47.94100000000005,17741.0,487.03708397,13-01-2026,18:55,-65922205.53718888,10025200,-31870683.091586158,105912200.0,1814
660.18352278,27119,77.73499999999997,0.00025447,0.52053929,18.33592305,90600,0.00025941,-0.47919414,18.33528705,90.607,17799.0,579.09484538,13-01-2026,18:55,-61520381.53163225,14004200,-40511207.99829793,88804400.0,78
562.86402464,10966,66.3070000000001,0.00025385,0.46971833,18.30738489,90800,0.00025864,-0.53043989,18.3070289,61.450000000000045,9306.0,681.66019234,13-01-2026,18:55,-43616864.57736144,23407000,-50818517.15121655,75256400.0,423
475.40815841,27577,85.00499999999994,0.00024946,0.41981967,17.98851732,91000,0.00025403,-0.58174951,17.97370731,57.21900000000006,11459.0,794.15636495,13-01-2026,18:55,-37444497.6831592,35003000,-57162046.90113259,63569600.0,397
396.10382559,5906,55.80600000000001,0.00024153,0.37081855,17.38936982,91200,0.00024594,-0.63228366,17.34165846,21.679999999999996,3261.0,915.15050683,13-01-2026,18:55,-24334166.898686644,52114400,-66262284.68709464,54174600.0,1569
326.60077574,8402,35.656999999999975,0.00023019,0.32355717,16.53413108,91400,0.00023398,-0.67993019,16.45974856,33.28099999999998,2272.0,1045.35866916,13-01-2026,18:55,-21994777.704752102,70407000,-69246590.48986727,45431800.0,2460
265.89070725,14526,35.255000000000024,0.00021597,0.27859864,15.45473767,91600,0.00021879,-0.72568799,15.33769448,12.763999999999998,1393.0,1184.67123078,13-01-2026,18:55,-19250677.98698462,90380000,-71621645.38619879,37143400.0,3665
213.92582904,4862,24.903,0.00019877,0.23689745,14.20558411,91800,0.00020135,-0.76870942,14.01858206,11.560999999999995,595.0,1332.5212143,13-01-2026,18:55,-15388349.573471121,113258200,-73271892.41067533,29133600.0,5373
171.3610212,37856,172.85700000000008,0.00018018,0.19871664,12.83469164,92000,0.00018154,-0.80798766,12.57013854,41.786,6050.0,1489.20245299,13-01-2026,18:55,-14348242.192678642,137108800,-74064742.53318383,21242800.0,6994
134.65383272,8416,22.341999999999995,0.00016049,0.1648075,11.41565814,92200,0.0001607,-0.84256431,11.07998069,14.488999999999995,2185.0,1653.08050916,13-01-2026,18:55,-7861199.37413144,168530600,-83074417.37377332,14562000.0,9216
105.86291814,7991,40.31700000000001,0.00014089,0.13579013,10.03247754,92400,0.00013952,-0.87288095,9.58573139,34.80600000000001,23531.0,1824.44194477,13-01-2026,18:55,-6727952.71795992,201635600,-86686398.28628792,8318200.0,11654
84.04612012,4842,14.918999999999993,0.00012197,0.11188282,8.7598055,92600,0.00011911,-0.89813592,8.18642989,1.1220000000000003,138.0,2002.46400339,13-01-2026,18:55,-5882002.13910318,236338800,-129617341.68867078,6780600.0,10762
66.40088191,14664,59.077999999999996,0.00010442,0.09112689,7.54313407,92800,9.975e-05,-0.91983597,6.85263344,5.018000000000001,1272.0,2184.63978655,13-01-2026,18:55,-5475050.825482139,272010400,-129893681.72113861,5270600.0,14191
52.95840926,18978,57.819000000000045,8.909e-05,0.07499754,6.5146325,93000,8.287e-05,-0.93675437,5.71262404,5.1259999999999994,2253.0,2371.2533636,13-01-2026,18:55,-4501348.293153901,310614800,-132672543.52963021,4015000.0,17746
42.20414478,14092,70.78099999999999,7.52e-05,0.06101123,5.55454582,93200,6.658e-05,-0.95241334,4.56265145,1.814,157.0,2560.19369537,13-01-2026,18:55,-3496303.60221762,353014800,-138014977.35782102,3210000.0,21471
27.21394378,12492,58.42300000000001,5.349e-05,0.04129073,4.06954629,93600,4.172e-05,-0.97310044,2.85978734,1.1550000000000002,609.0,2945.70921494,13-01-2026,18:55,-2901562.79397786,443451600,-138416927.7679941,1662800.0,30380
19.85615495,22444,89.29300000000003,3.89e-05,0.02949101,3.08733658,94000,2.412e-05,-0.98594892,1.64757251,3.306,2361.0,3337.57149337,13-01-2026,18:55,-2561606.2082781,538885200,-140210864.67989257,359200.0,39647
16.81116955,125866,218.799,3.074e-05,0.02406947,2.60551142,94400,1.494e-05,-0.99165879,1.04652352,1.2879999999999998,898.0,3734.36706947,13-01-2026,18:55,-2115954.6665803,643296400,-148090870.97573915,0.0,49309
2794.78355,762,3.4659999999999993,7.429e-05,0.9219891,6.69574086,88000,,,,,,,13-01-2026,19:04,-89857467.05434252,0,0.0,546493600.0,45664
2411.96676759,56,2.0709999999999997,9.454e-05,0.90113209,7.98963617,88400,9.2e-05,-0.09078348,7.503009,341.26800000000054,151031.0,74.94819715,13-01-2026,19:04,-87727841.98924252,304800,-0.0,407765200.0,32034
2042.80302811,943,3.9090000000000003,0.0001219,0.86750306,9.83960587,88800,0.00012088,-0.12497022,9.4483172,64.804,25639.0,105.6060618,13-01-2026,19:04,-87592771.85025747,632000,-11319501.16376165,329449200.0,23117
1687.39712705,1809,6.7749999999999995,0.00015508,0.8219645,11.96282374,89200,0.00015573,-0.17158596,11.68584125,119.30800000000005,18123.0,150.31674443,13-01-2026,19:04,-85666408.59474975,1336400,-14027134.982251849,261388800.0,16303
1517.27134627,55,0.08,0.00017347,0.79350223,13.09971272,89400,0.00017486,-0.20073698,12.88033669,5.797999999999998,3139.0,179.86336482,13-01-2026,19:04,-82613907.19191629,2050400,-16751325.341556739,230983200.0,13367
1352.56347301,582,1.061,0.0001925,0.76163865,14.21770472,89600,0.00019471,-0.23389536,14.07022013,86.334,13058.0,215.41759199,13-01-2026,19:04,-82530457.26787144,2775400,-17315916.44372672,201205400.0,10413
1196.35934843,619,1.6430000000000002,0.00021123,0.72374353,15.35190951,89800,0.00021415,-0.27211514,15.23800905,48.065000000000055,5295.0,259.29277916,13-01-2026,19:04,-81743265.32657962,3616800,-20128839.35993214,174039200.0,7578
1049.45926282,8804,19.276,0.00022835,0.68172888,16.37919057,90000,0.0002321,-0.31484797,16.30417949,92.76700000000011,23112.0,312.35868142,13-01-2026,19:04,-81002718.88990144,4582000,-21501794.625584338,147932000.0,5001
913.76712916,772,5.430999999999999,0.00024254,0.63548668,17.24726132,90200,0.00024682,-0.3619289,17.20572286,40.890000000000015,3596.0,376.35635361,13-01-2026,19:04,-71763279.54003419,7308000,-28721028.47056338,126447200.0,3327
789.35805307,5735,38.414,0.0002527,0.58625747,17.88404354,90400,0.00025719,-0.41136562,17.86037946,49.00200000000005,17743.0,452.20728277,13-01-2026,19:04,-71057851.31632267,10188400,-30074405.918144938,105681600.0,1474
677.89394321,27532,77.88699999999997,0.00025822,0.53498437,18.2436238,90600,0.00026313,-0.46447494,18.24142748,90.967,18670.0,540.52562811,13-01-2026,19:04,-66530882.88196621,14215800,-38097919.73633305,88464600.0,-195
576.39214726,11157,64.0680000000001,0.00025896,0.48318092,18.29780869,90800,0.0002642,-0.51732246,18.29657283,59.572000000000045,9329.0,639.92449459,13-01-2026,19:04,-47867106.837508485,23749600,-48189533.213146746,74981600.0,267
487.45823307,27798,85.02799999999993,0.00025517,0.43184268,18.04604424,91000,0.00025996,-0.56962494,18.03433167,57.42700000000006,11469.0,750.15689815,13-01-2026,19:04,-41436299.65052867,35514800,-54159388.82317685,63364400.0,328
407.32868094,8006,55.85900000000001,0.00024746,0.38170574,17.50281087,91200,0.00025204,-0.62033369,17.47436322,21.728999999999996,3231.0,869.98851666,13-01-2026,19:04,-27885935.687648818,52839600,-62762938.288059205,54041000.0,1623
337.39112895,11106,35.66699999999998,0.00023601,0.33368065,16.69838816,91400,0.00023993,-0.66958882,16.6330576,33.28099999999998,2284.0,999.8581005,13-01-2026,19:04,-24624862.268043175,71765600,-65573871.18538766,45363800.0,2693
276.63590254,14526,35.255000000000024,0.0002212,0.28862878,15.67886447,91600,0.00022453,-0.71579391,15.56445931,12.763999999999998,1053.0,1138.90398941,13-01-2026,19:04,-20877796.38992447,92912800,-67857547.08692966,37143400.0,4132
224.22059335,4862,24.958,0.00020419,0.24665625,14.48361307,91800,0.00020681,-0.75898976,14.30371252,11.560999999999995,595.0,1286.55928163,13-01-2026,19:04,-16859383.269628428,116965200,-69056812.9877784,29133600.0,6018
179.90372543,38005,174.8820000000001,0.00018557,0.20810379,13.15986091,92000,0.00018722,-0.79778345,12.93724833,41.786,6050.0,1443.35741058,13-01-2026,19:04,-15769222.74476073,141990000,-69822315.76034825,21242800.0,7764
142.81731578,8536,22.351999999999993,0.00016593,0.17357546,11.7722169,92200,0.00016629,-0.8337599,11.45070638,14.488999999999995,2185.0,1605.15771785,13-01-2026,19:04,-8931981.659793578,174615800,-78554628.09435725,14562000.0,10169
112.19938427,8832,40.91600000000001,0.00014605,0.14309497,10.37010856,92400,0.00014501,-0.86568805,9.93214579,34.80600000000001,23531.0,1773.90412435,13-01-2026,19:04,-7712893.052295499,208948800,-82061897.7078595,8318200.0,12749
88.43594738,4882,14.970999999999993,0.00012707,0.1181153,9.08104297,92600,0.00012431,-0.89215925,8.50979148,1.1220000000000003,138.0,1950.88959628,13-01-2026,19:04,-6721948.090422859,245048200,-123803635.65793934,6780600.0,12130
69.84722539,14441,59.39399999999999,0.00010911,0.09644705,7.84577292,92800,0.00010518,-0.91391682,7.21155976,5.018000000000001,1272.0,2132.24929951,13-01-2026,19:04,-6290203.795313699,282124000,-124072858.42222598,5270600.0,15703
55.59319335,19515,57.819000000000045,9.29e-05,0.07882993,6.74898391,93000,8.708e-05,-0.93272799,5.97759966,5.1259999999999994,2253.0,2317.43555001,13-01-2026,19:04,-5281540.01345671,322088000,-126785079.5312027,4015000.0,19404
44.16487663,23764,70.996,7.86e-05,0.0642865,5.7709215,93200,7.198e-05,-0.94679379,4.97442216,1.613,157.0,2506.25781487,13-01-2026,19:04,-4196638.84523146,365955000,-132006261.82537523,3210000.0,23296
29.05931841,12496,58.42300000000001,5.63e-05,0.04392653,4.26748736,93600,4.487e-05,-0.97054096,3.07673313,1.1550000000000002,609.0,2891.1974801,13-01-2026,19:04,-3147104.71699614,463194600,-132399744.30230983,1662800.0,32931
21.56251127,22644,89.41000000000005,4.156e-05,0.0320381,3.29819047,94000,2.866e-05,-0.98229538,2.00373373,3.306,2361.0,3283.74970086,13-01-2026,19:04,-2783979.4741447796,565432600,-134160483.56769073,359200.0,42885
18.2204177,125997,219.86400000000015,3.31e-05,0.02644229,2.81201488,94400,1.905e-05,-0.98851502,1.38029232,1.2879999999999998,898.0,3679.04476736,13-01-2026,19:04,-2295717.9689468998,676728200,-141913416.6114212,0.0,53252
2806.23362734,767,3.454999999999999,7.406e-05,0.92154399,6.70901167,88000,,,,,,,13-01-2026,19:10,-93256301.96550894,0,0.0,550114000.0,45686
2424.12386387,56,2.0709999999999997,9.397e-05,0.90091358,7.9839825,88400,9.147e-05,-0.09069734,7.48033056,344.4490000000007,152772.0,75.49474253,13-01-2026,19:10,-91103920.77333915,306800,-0.0,409939600.0,31914
2054.8346125,943,3.9090000000000003,0.00012101,0.86743196,9.8202863,88800,0.00011991,-0.12444347,9.39849504,65.663,25639.0,106.12985655,13-01-2026,19:10,-90968169.83696243,636000,-11533482.805793159,330874000.0,22901
1699.06972141,1809,6.7749999999999995,0.00015373,0.82278946,11.89999466,89200,0.00015422,-0.17011085,11.59456858,119.39800000000004,18103.0,150.37454546,13-01-2026,19:10,-89030460.79737493,1342400,-14254546.197878608,262064000.0,16012
1527.97103328,55,0.08,0.0001719,0.79563693,12.98904474,89400,0.00017334,-0.19862946,12.76910655,5.967999999999998,3144.0,179.28444146,13-01-2026,19:10,-85956843.67134425,2057400,-16976776.594340988,231279600.0,13040
1363.11240746,582,1.063,0.00019089,0.76322133,14.1326861,89600,0.00019303,-0.23165236,13.96260958,86.35400000000001,13361.0,214.42697932,13-01-2026,19:10,-85872805.26451385,2783400,-17540446.878291227,201124000.0,10049
1206.83347772,619,1.6430000000000002,0.00020953,0.72645482,15.24203226,89800,0.00021244,-0.26922241,15.12186639,48.06600000000006,5800.0,258.30545652,13-01-2026,19:10,-85079473.84337215,3625800,-20405405.748985745,173640600.0,7178
1059.89779139,8835,19.825999999999997,0.00022646,0.68450377,16.28069301,90000,0.00023021,-0.31202723,16.2036674,93.0020000000001,25016.0,311.25532817,13-01-2026,19:10,-84332443.92066346,4592000,-21903577.396801744,147317200.0,4567
924.27778656,697,5.441,0.00024033,0.6384511,17.1597514,90200,0.00024479,-0.35887542,17.11582281,41.61100000000002,3098.0,375.64806759,13-01-2026,19:10,-74968246.9337328,7325200,-29689940.686302464,125997000.0,2866
800.79828783,5734,38.418000000000006,0.00025045,0.58921446,17.81230525,90400,0.00025522,-0.40870642,17.79124124,49.541000000000054,17770.0,452.02616823,13-01-2026,19:10,-74324025.31650047,10197800,-30853698.399696283,105296400.0,1032
689.12858867,27593,78.79299999999998,0.00025588,0.5388568,18.18503991,90600,0.00026095,-0.46053094,18.18226266,91.903,18801.0,540.42874334,13-01-2026,19:10,-69732247.93408325,14217200,-38886203.40914338,88149800.0,-625
588.52425207,12184,64.31400000000009,0.00025659,0.48748154,18.2626474,90800,0.00026168,-0.51308463,18.26156065,60.04800000000004,9187.0,639.73558128,13-01-2026,19:10,-50717122.786911935,23755200,-49046804.21267872,74763400.0,-125
498.40483609,27854,84.92999999999994,0.00025323,0.43648461,18.03952037,91000,0.00025794,-0.56490122,18.02922061,57.33700000000006,11448.0,749.75715707,13-01-2026,19:10,-43546543.299691066,35730000,-54924054.99789809,63214400.0,47
416.73686558,8006,58.179000000000016,0.00024623,0.38655333,17.52769834,91200,0.00025077,-0.61565173,17.49851448,21.778999999999996,3271.0,867.7539265,13-01-2026,19:10,-29663974.9952402,53275600,-63507274.932035446,53955000.0,1406
345.26479743,11286,38.38699999999998,0.00023546,0.33851306,16.7532111,91400,0.00023986,-0.6653854,16.67761957,33.83099999999998,1934.0,996.24998242,13-01-2026,19:10,-26327579.64940672,72422400,-66345698.025616944,45349800.0,2510
282.77110185,14527,35.23000000000002,0.00022165,0.29296438,15.75196252,91600,0.00022521,-0.71161627,15.63634191,13.101999999999999,1053.0,1133.9409281,13-01-2026,19:10,-22430921.14561174,93826400,-68272445.49161722,37131400.0,4025
228.94730354,4897,24.958,0.00020531,0.25035596,14.56517765,91800,0.000208,-0.75530331,14.38826471,11.561999999999996,595.0,1280.05975244,13-01-2026,19:10,-18323105.34903679,118135800,-69466485.28890651,29123600.0,5947
183.96300407,38077,175.24200000000008,0.00018692,0.21168433,13.26175104,92000,0.00018849,-0.79488985,13.01679995,41.609,6050.0,1435.18539623,13-01-2026,19:10,-17201950.403601408,143424600,-70228120.84160832,21234800.0,7723
145.88559159,8536,22.471999999999994,0.00016744,0.17633065,11.86290023,92200,0.00016792,-0.8313035,11.53265447,14.488999999999995,2185.0,1596.97444647,13-01-2026,19:10,-10197191.09762802,176328800,-78910992.48879981,14556000.0,10178
115.35022913,8847,41.751000000000005,0.00014763,0.14590003,10.48231656,92400,0.00014683,-0.86223123,10.08305141,34.80600000000001,23531.0,1766.30165047,13-01-2026,19:10,-8951911.68781578,210940200,-82400381.65433677,8314200.0,12790
91.67028635,4882,16.193999999999992,0.00012842,0.12013718,9.16901281,92600,0.00012597,-0.88959522,8.63452524,1.1220000000000003,138.0,1942.77753608,13-01-2026,19:10,-7931408.210702669,247321000,-123963225.79154633,6778600.0,12220
72.64151399,28777,59.718999999999994,0.00011063,0.09890924,7.97342584,92800,0.00010685,-0.91147466,7.34671386,4.618,1262.0,2124.31995626,13-01-2026,19:10,-7483873.872741969,284678200,-124231329.09152538,5270600.0,15823
58.08305105,19596,57.88600000000005,9.447e-05,0.08096585,6.87087339,93000,8.932e-05,-0.92972293,6.16815354,5.1259999999999994,2253.0,2309.14888585,13-01-2026,19:10,-5393469.02465174,327790800,-126912220.87632549,4015000.0,19950
45.71429397,23764,70.48599999999999,8e-05,0.06598782,5.87546557,93200,7.242e-05,-0.94670968,4.96900516,1.613,157.0,2496.78621178,13-01-2026,19:10,-4255273.55627594,374822600,-132114733.31614554,3210000.0,24166
29.93646995,12496,58.84300000000001,5.706e-05,0.04460987,4.31087721,93600,4.613e-05,-0.96941289,3.16675624,1.1550000000000002,609.0,2880.57892579,13-01-2026,19:10,-3168919.07437286,478391800,-132506728.751395,1662800.0,34438
21.33076215,22744,89.41000000000005,4.179e-05,0.0321266,3.29805902,94000,2.79e-05,-0.9830906,1.92212139,3.306,2361.0,3272.47918819,13-01-2026,19:10,-2794832.94587766,586959400,-134261001.3172011,359200.0,45026
18.23215683,126682,221.0300000000003,3.284e-05,0.02597382,2.76387211,94400,1.773e-05,-0.98967193,1.25553323,1.2879999999999998,898.0,3668.64912224,13-01-2026,19:10,-2309686.09153806,704624600,-141987324.6805177,0.0,56033
2733.13181025,769,3.455999999999999,7.779e-05,0.91722446,6.95178334,88000,,,,,,,13-01-2026,19:21,-86493644.05079827,0,0.0,553799000.0,46731
2352.76056327,56,2.0709999999999997,9.901e-05,0.89430518,8.32629075,88400,9.702e-05,-0.09798315,7.87963218,350.5720000000013,154721.0,83.08827377,13-01-2026,19:21,-84391865.68871602,307600,-0.0,412148200.0,32806
1986.20729092,943,3.966,0.00012699,0.85907867,10.18885443,88800,0.00012635,-0.13399756,9.84433153,68.068,25687.0,116.36890283,13-01-2026,19:21,-84260111.09717292,637600,-12855500.805968171,332385800.0,23591
1634.83627528,1809,6.7749999999999995,0.00016052,0.81120104,12.31887234,89200,0.00016139,-0.18260518,12.06632232,121.49300000000005,18113.0,164.70589655,13-01-2026,19:21,-82387117.62183532,1344800,-15844668.812962381,262898200.0,16601
1467.109837,68,0.093,0.0001788,0.78149352,13.44110031,89400,0.00018054,-0.21298782,13.24342349,6.0059999999999985,3244.0,196.42743432,13-01-2026,19:21,-79429698.7998538,2060200,-18827986.717172533,231777000.0,13558
1304.36581688,402,1.273,0.00019751,0.74774466,14.55103871,89600,0.00019987,-0.24760559,14.40778229,87.14700000000002,12771.0,234.46582669,13-01-2026,19:21,-79329935.3309378,2789200,-19465197.314106613,201304600.0,10530
1151.35891047,619,1.6600000000000004,0.0002155,0.70932874,15.61646319,89800,0.00021875,-0.28688962,15.5206857,48.90000000000005,5829.0,280.93451569,13-01-2026,19:21,-78805580.27255204,3598600,-22459560.386764605,173386400.0,7572
1006.87129729,8847,20.202999999999996,0.00023198,0.66651285,16.57314175,90000,0.00023574,-0.33060171,16.51618862,99.94500000000009,28008.0,337.31905532,13-01-2026,19:21,-78092889.10697111,4531800,-24097127.678721614,146634000.0,4898
873.54212018,696,5.594999999999999,0.0002453,0.61970081,17.35611245,90200,0.00024995,-0.37810145,17.32568358,42.35500000000002,3363.0,403.17542483,13-01-2026,19:21,-69185098.73984648,7234400,-33544759.780124173,125483200.0,2999
751.56213628,5646,38.655,0.00025475,0.56995834,17.90089873,90400,0.00025963,-0.42880807,17.89067627,49.62200000000005,17794.0,481.48693311,13-01-2026,19:21,-68577113.4242012,10076200,-34900638.733827464,105005000.0,1160
641.85869459,27877,80.72799999999998,0.00026058,0.51857145,18.16123333,90600,0.00026457,-0.48124637,18.1608448,92.467,18070.0,572.83601795,13-01-2026,19:21,-64333793.60276433,14047200,-43468217.22158681,88085600.0,-567
544.16455424,12641,67.81300000000013,0.00025924,0.46657814,18.1169846,90800,0.0002642,-0.53411446,18.11425601,62.94600000000004,8834.0,673.93920915,13-01-2026,19:21,-46440698.773678906,23593600,-53819364.06594331,74780200.0,-189
457.20580901,28478,86.64299999999993,0.00025433,0.41526873,17.76920086,91000,0.00025909,-0.58642228,17.75248844,57.47600000000006,11348.0,786.74576666,13-01-2026,19:21,-39561914.64353106,35668200,-59772943.03957441,63241600.0,-43
379.60624142,7404,60.14100000000001,0.00024557,0.36530727,17.13448679,91200,0.00025002,-0.63750888,17.09003194,21.858999999999998,3331.0,909.37890778,13-01-2026,19:21,-26541607.61454428,53438400,-68700933.99963209,53972600.0,1217
312.97594107,11189,39.071999999999974,0.00023276,0.31795149,16.25326909,91400,0.00023675,-0.68607986,16.16560274,34.498999999999974,1928.0,1042.70885702,13-01-2026,19:21,-23731003.0030706,72689400,-71730075.14144728,45369800.0,2260
255.50815299,14782,37.87100000000002,0.000217,0.27350204,15.16528003,91600,0.00022022,-0.73152208,15.02571439,13.106999999999998,1053.0,1185.20369139,13-01-2026,19:21,-20229115.19843837,94178200,-73740417.81778184,37152600.0,3736
205.99105833,4818,25.113999999999997,0.00019909,0.23228025,13.91441314,91800,0.00020133,-0.77357376,13.71673004,11.561999999999996,595.0,1335.86626332,13-01-2026,19:21,-16452193.68094019,118623400,-74988437.3048155,29146000.0,5633
164.53215351,38131,176.9230000000001,0.00017975,0.19470656,12.55334122,92000,0.0001809,-0.81218438,12.27917251,41.612,6047.0,1494.14488761,13-01-2026,19:21,-15459728.76190625,144032200,-75783277.7314909,21258400.0,7405
129.25096507,7537,23.476999999999993,0.00015962,0.16107124,11.13678101,92200,0.00015949,-0.84699766,10.76654279,14.488999999999995,2185.0,1658.64463726,13-01-2026,19:21,-9185953.216416439,177067200,-84818371.86686857,14580200.0,9764
100.7331199,9606,42.23400000000001,0.00013944,0.13167488,9.72629635,92400,0.00013781,-0.87732172,9.25894903,34.87300000000001,23464.0,1829.92753595,13-01-2026,19:21,-8211788.6926838495,211609600,-88442510.39928167,8339000.0,12329
78.90009446,5275,16.608999999999995,0.00012008,0.10714402,8.4087322,92600,0.0001168,-0.90286104,7.8298868,1.1220000000000003,138.0,2008.45261098,13-01-2026,19:21,-7244146.34292445,248073200,-131379930.10281247,6790600.0,11624
62.23447099,30164,72.32,0.00010248,0.08738028,7.23960514,92800,9.731e-05,-0.92401586,6.51548854,4.628,1327.0,2191.36469476,13-01-2026,19:21,-6827948.34464795,285591800,-131657096.56312771,5269800.0,15238
49.18848613,20449,58.958000000000055,8.677e-05,0.07105655,6.18979587,93000,8.01e-05,-0.94071798,5.37776262,5.525999999999999,2253.0,2377.78585548,13-01-2026,19:21,-4950707.76170559,329143200,-134565037.51307422,4014400.0,19364
39.20526848,23825,77.74600000000001,7.308e-05,0.0578834,5.27789766,93200,6.463e-05,-0.9547123,4.34194249,1.613,157.0,2568.34723306,13-01-2026,19:21,-3944852.40883322,376784400,-139922189.04547065,3209600.0,23613
26.52302158,12388,58.95500000000001,5.247e-05,0.0401204,3.93676926,93600,4.036e-05,-0.97435679,2.7208235,1.1880000000000002,608.0,2955.60172318,13-01-2026,19:21,-3010786.88729722,481596800,-140325419.56106108,1662800.0,33992
20.44751694,22747,89.81400000000005,3.959e-05,0.03050763,3.1442956,94000,2.486e-05,-0.98524536,1.70154379,3.306,2361.0,3349.18406171,13-01-2026,19:21,-2682219.69596418,591364400,-142122425.40875453,359200.0,44692
16.5270222,134150,226.92700000000073,3.068e-05,0.02408182,2.58116922,94400,1.606e-05,-0.99074247,1.13540331,1.2879999999999998,898.0,3745.61113399,13-01-2026,19:21,-2217100.02813,710230800,-150029848.97845185,0.0,55798
2730.08993382,769,3.444999999999999,7.828e-05,0.91610401,7.00793522,88000,,,,,,,13-01-2026,19:27,-85857668.24859576,0,0.0,550200600.0,46434
2349.21503684,56,2.0709999999999997,9.927e-05,0.89392714,8.33087734,88400,9.742e-05,-0.09879604,7.91114484,355.2090000000014,154095.0,84.07671864,13-01-2026,19:27,-83758229.08948818,307600,-0.0,408860600.0,32541
1982.94905719,943,3.885,0.00012729,0.85850185,10.19609657,88800,0.00012666,-0.13446775,9.84774775,69.42200000000001,25887.0,117.25499396,13-01-2026,19:27,-83626673.04742514,637600,-12955801.9588308,329158600.0,23321
1630.88740627,1809,6.7749999999999995,0.00016088,0.81086246,12.30711219,89200,0.00016179,-0.18342756,12.07520494,121.89400000000005,18113.0,165.59528213,13-01-2026,19:27,-81756752.08649497,1344800,-15991181.98747332,259811400.0,16341
1462.88078588,99,0.124,0.00017921,0.78111148,13.42694785,89400,0.00018092,-0.21351686,13.23531759,6.170999999999998,3383.0,197.43871065,13-01-2026,19:27,-78806476.76855254,2060200,-18990609.33269401,228760400.0,13302
1300.98292079,202,1.6350000000000002,0.00019788,0.74720682,14.53744687,89600,0.00020033,-0.24847653,14.40540222,87.57000000000001,12578.0,235.71315018,13-01-2026,19:27,-78661651.57075042,2795400,-19658544.49082296,198386000.0,10286
1147.92408068,656,1.8380000000000003,0.00021591,0.70837133,15.60861033,89800,0.00021906,-0.28767756,15.50887798,48.903000000000056,5829.0,282.26642384,13-01-2026,19:27,-78398853.02075084,3571000,-22623344.493786998,170527200.0,7308
1003.90763901,8816,20.348999999999997,0.00023231,0.66555034,16.5577215,90000,0.00023608,-0.33141314,16.49834951,103.52600000000008,28308.0,338.46741479,13-01-2026,19:27,-77645814.82382476,4477800,-24268675.478350356,143834200.0,4640
870.23444871,696,5.599999999999999,0.00024603,0.61889148,17.33147439,90200,0.00025025,-0.37889657,17.30129539,43.22700000000002,3463.0,404.6426931,13-01-2026,19:27,-68795365.07831259,7147800,-33850011.05622567,122802800.0,2731
747.6699948,5648,38.785000000000004,0.00025544,0.56915759,17.87046293,90400,0.00026021,-0.42965332,17.86084631,49.669000000000054,17792.0,482.11988653,13-01-2026,19:27,-68189681.90201043,9957000,-35251288.70243097,102464000.0,898
638.3883752,28078,83.15799999999997,0.00026044,0.5175998,18.12588297,90600,0.00026518,-0.48220148,18.12548189,95.818,18141.0,572.56544176,13-01-2026,19:27,-63966841.77138004,13895800,-43829165.72357273,85683600.0,-822
539.3143868,12687,68.79900000000012,0.00026052,0.46532883,18.07480621,90800,0.00026547,-0.53530008,18.07230048,63.938000000000045,8834.0,673.49977064,13-01-2026,19:27,-46042172.97251443,23450200,-54216075.40254089,72531400.0,-428
452.01826932,28961,87.81099999999994,0.00025562,0.41387818,17.71917553,91000,0.00026043,-0.5880967,17.69906547,58.42900000000007,11348.0,786.15704578,13-01-2026,19:27,-39199891.34718283,35542000,-60165772.376374654,61146000.0,-268
374.59077909,7504,60.341000000000015,0.00024687,0.36335857,17.06844345,91200,0.00025111,-0.6392693,17.02641931,21.998999999999995,3331.0,908.95942123,13-01-2026,19:27,-26108990.24940631,53426000,-69087082.5318861,52030200.0,1026
307.72234048,11139,39.71999999999998,0.00023392,0.31568889,16.17079528,91400,0.00023763,-0.68801198,16.08956974,34.54899999999998,1878.0,1042.26161205,13-01-2026,19:27,-23298061.04311495,72810800,-72114826.36400323,43580600.0,2098
250.61971206,14702,38.34100000000004,0.00021775,0.27106999,15.06706898,91600,0.00022081,-0.73392369,14.92690822,13.306999999999997,853.0,1184.74350745,13-01-2026,19:27,-19870341.892508235,94423400,-74072193.67143312,35506600.0,3599
201.59752946,4818,25.139,0.0001994,0.22972206,13.80017043,91800,0.00020161,-0.77624484,13.59674235,11.561999999999996,595.0,1335.7776142,13-01-2026,19:27,-16185730.88580211,118976400,-75082779.88328797,27603200.0,5531
160.63317976,38349,177.15100000000007,0.00017969,0.19233221,12.43411516,92000,0.00018077,-0.81455658,12.15788289,41.694,6129.0,1494.81517451,13-01-2026,19:27,-15214433.988863831,144493000,-75877567.56373696,19818800.0,7322
125.45701648,7537,23.542999999999992,0.0001592,0.15853514,10.99904425,92200,0.00015892,-0.84955781,10.62450874,14.490999999999996,2187.0,1659.55945449,13-01-2026,19:27,-9054312.17824759,177679400,-85039289.76830874,13260200.0,9685
97.29310693,9816,43.894000000000005,0.00013871,0.1292517,9.58233534,92400,0.00013705,-0.87940799,9.12917204,34.87300000000001,23464.0,1831.65203184,13-01-2026,19:27,-8108742.64503783,212373200,-88668746.29527837,7139000.0,12273
76.26770415,5481,17.750999999999994,0.00011931,0.10536636,8.29061793,92600,0.00011598,-0.90449983,7.71668171,1.1220000000000003,138.0,2010.15528297,13-01-2026,19:27,-7153713.50741295,249030200,-131646629.57037213,5710600.0,11594
59.78158902,30164,72.765,0.00010155,0.08550666,7.10858834,92800,9.623e-05,-0.9257871,6.38618239,4.693,1327.0,2193.7627778,13-01-2026,19:27,-6735690.220966801,286783400,-131924030.999422,4309800.0,15243
46.91039647,21448,60.66900000000004,8.56e-05,0.06906722,6.04357366,93000,7.851e-05,-0.9429564,5.20678728,6.125999999999999,2253.0,2381.09847426,13-01-2026,19:27,-4932438.369767521,330569400,-134835154.2055626,3174400.0,19398
37.8056307,23825,78.44,7.2e-05,0.0562998,5.15322782,93200,6.269e-05,-0.95711057,4.14701616,1.613,157.0,2571.2991227,13-01-2026,19:27,-3926304.18627896,378645000,-140199769.06807038,2489600.0,23701
25.4894386,12388,58.95800000000001,5.159e-05,0.03900165,3.83932097,93600,3.964e-05,-0.97504566,2.65398767,1.1880000000000002,608.0,2959.47374513,13-01-2026,19:27,-3025585.0348514603,484326200,-140603463.0303343,1182800.0,34188
19.86690178,22747,89.81700000000006,3.88e-05,0.02954224,3.05529341,94000,2.448e-05,-0.98555213,1.66766298,3.306,2361.0,3353.49260675,13-01-2026,19:27,-2709821.86947466,594962600,-142402823.06737334,119200.0,44997
16.59983425,136020,234.82600000000105,3.07e-05,0.02413811,2.58091736,94400,1.75e-05,-0.98955067,1.25950235,1.8879999999999997,298.0,3750.60246081,13-01-2026,19:27,-2257909.4546850002,714697800,-150320419.11191007,0.0,56212
2709.9005602,769,3.444999999999999,7.942e-05,0.91422935,7.11842081,88000,,,,,,,13-01-2026,19:29,-84190714.92544335,0,0.0,550243000.0,46605
2328.92556528,56,2.0709999999999997,0.0001004,0.89231607,8.41432187,88400,9.923e-05,-0.10156501,8.06440259,355.2090000000014,154129.0,86.75363424,13-01-2026,19:29,-82106801.39464955,307600,-0.0,408879400.0,32708
1962.88810714,963,3.885,0.00012867,0.8558584,10.31495958,88800,0.0001281,-0.1367646,9.95356979,69.42200000000001,25907.0,120.0847387,13-01-2026,19:29,-81976381.56299387,637600,-13371250.89177696,329167400.0,23446
1612.17943482,1809,6.7749999999999995,0.00016232,0.808097,12.40598845,89200,0.00016325,-0.1860642,12.17219471,121.89400000000005,18113.0,169.67283822,13-01-2026,19:29,-80086120.31581806,1352800,-16482286.21727786,259818200.0,16460
1444.67956343,99,0.124,0.0001812,0.77700397,13.55732987,89400,0.00018244,-0.21678521,13.3402572,6.170999999999998,3383.0,202.39072704,13-01-2026,19:29,-77169687.71822867,2072200,-19555570.33595672,228766200.0,13411
1284.19429711,202,1.6350000000000002,0.00019934,0.74189753,14.68185345,89600,0.00020151,-0.25210387,14.50344192,87.57000000000001,12581.0,241.86003591,13-01-2026,19:29,-77026664.4414491,2811400,-20240258.16553304,198390800.0,10394
1132.30050752,656,1.8380000000000003,0.0002169,0.70464305,15.6865699,89800,0.00022077,-0.29309004,15.62941344,48.903000000000056,5829.0,289.63087448,13-01-2026,19:29,-76767257.19343288,3591000,-23283099.27731675,170531600.0,7407
989.00489689,8813,20.348999999999997,0.00023315,0.66166698,16.61784597,90000,0.00023748,-0.33716466,16.59397159,103.52600000000008,28308.0,346.69774669,13-01-2026,19:29,-76024468.06049976,4501800,-24971357.64466067,143838200.0,4734
856.4069053,696,5.599999999999999,0.00024651,0.61482965,17.37128367,90200,0.00025087,-0.38320065,17.34477737,43.22700000000002,3463.0,413.61472706,13-01-2026,19:29,-67308367.90420818,7175200,-34785677.45796119,122806400.0,2789
735.28576314,5648,38.785000000000004,0.00025607,0.56478299,17.88753766,90400,0.00026102,-0.43547199,17.88828441,49.669000000000054,17792.0,492.23513364,13-01-2026,19:29,-66712308.69811939,9987800,-36218025.257769965,102467200.0,952
625.38637041,28260,83.15799999999997,0.00026072,0.51160842,18.11811856,90600,0.00026549,-0.4883279,18.11789984,95.818,18141.0,582.22682089,13-01-2026,19:29,-62559414.70790467,13930000,-44975872.75549284,85686400.0,-792
527.40464095,12788,68.79900000000012,0.00026056,0.45925012,18.03095879,90800,0.00026569,-0.53983824,18.03697758,63.938000000000045,8834.0,684.84011466,13-01-2026,19:29,-44885995.88011806,23524200,-55538049.51325834,72533800.0,-437
440.90978415,28969,87.81099999999994,0.00025543,0.40765388,17.63785926,91000,0.00026045,-0.59250072,17.63798552,58.42900000000007,11348.0,798.31371308,13-01-2026,19:29,-38141545.33164945,35676000,-61587927.08616478,61148000.0,-291
364.81610483,7504,60.341000000000015,0.00024651,0.35916016,16.98591462,91200,0.00025036,-0.64528238,16.91025989,21.998999999999995,3331.0,922.02615983,13-01-2026,19:29,-25368829.794608105,53621600,-70647191.10219662,52031800.0,964
299.46210668,11139,39.71999999999998,0.000233,0.31156386,16.06562496,91400,0.00023676,-0.69251782,15.97320328,34.54899999999998,1878.0,1056.52887675,13-01-2026,19:29,-22631249.743963785,73068000,-73718460.24059035,43581800.0,2030
243.44888444,14716,38.34100000000004,0.00021657,0.26701372,14.94035011,91600,0.00021956,-0.73778369,14.80322744,13.306999999999997,853.0,1200.83881187,13-01-2026,19:29,-19295541.337655272,94742200,-75702621.47112685,35507400.0,3525
195.88441187,4818,25.139,0.00019799,0.22639238,13.67545857,91800,0.00020005,-0.77951,13.47145636,11.561999999999996,595.0,1353.11021836,13-01-2026,19:29,-15712947.55423623,119359600,-76726936.97765197,27603600.0,5452
156.22780471,38349,177.15100000000007,0.00017729,0.18821763,12.25793997,92000,0.00017835,-0.81844814,11.98648587,41.694,6131.0,1513.20054471,13-01-2026,19:29,-14769176.45784657,144940600,-77532037.55757616,19818800.0,7246
121.74821231,7537,23.542999999999992,0.00015758,0.15602778,10.87493374,92200,0.00015717,-0.85209102,10.49557296,14.490999999999996,2187.0,1679.04787072,13-01-2026,19:29,-8777996.37502278,178191400,-86809470.09719318,13260200.0,9586
94.31358229,9826,43.894000000000005,0.00013709,0.12708368,9.46218111,92400,0.00013516,-0.8820885,8.97761235,34.87300000000001,23464.0,1851.65358473,13-01-2026,19:29,-7860380.09884231,212949600,-90481547.79045781,7139000.0,12175
73.63059713,5493,17.750999999999994,0.00011757,0.10314081,8.15581063,92600,0.00011367,-0.90776445,7.5141024,1.1220000000000003,138.0,2030.5430057,13-01-2026,19:29,-6933654.839260771,249673000,-133928747.50256252,5710600.0,11452
57.7544892,30164,72.765,9.951e-05,0.08315419,6.95450656,92800,9.365e-05,-0.92879715,6.18085392,4.693,1327.0,2214.80925606,13-01-2026,19:29,-6529201.96922568,287495000,-134208962.43734913,4309800.0,15107
45.81038471,21448,60.66900000000004,8.458e-05,0.06826956,5.9844129,93000,7.731e-05,-0.94398184,5.12838252,6.125999999999999,2253.0,2402.80512797,13-01-2026,19:29,-4787095.55699688,331349800,-137148014.32014075,3174400.0,19259
36.48043671,23825,78.44,7.11e-05,0.05555493,5.09489119,93200,6.099e-05,-0.95865761,4.02172239,1.613,157.0,2593.56933542,13-01-2026,19:29,-3804554.4257368,379494200,-142561534.27345717,2489600.0,23562
25.03579116,12388,58.95800000000001,5.121e-05,0.03885856,3.82450595,93600,3.827e-05,-0.97612688,2.5546013,1.1880000000000002,608.0,2981.97227458,13-01-2026,19:29,-2935408.02112105,485313000,-142968724.65911812,1182800.0,34059
19.36018075,22747,89.81700000000006,3.843e-05,0.02940139,3.04021298,94000,2.357e-05,-0.98620766,1.600722,3.306,2361.0,3375.93113364,13-01-2026,19:29,-2625264.6402309705,596087000,-144781763.80206275,119200.0,44880
16.06150471,136032,234.82600000000105,3e-05,0.02349453,2.52049456,94400,1.512e-05,-0.99140754,1.06040542,1.8879999999999997,298.0,3773.43190419,13-01-2026,19:29,-2184878.60871072,715959800,-152752337.20858678,0.0,56102
2724.17262195,769,3.444999999999999,7.868e-05,0.91548469,7.03350256,88000,,,,,,,13-01-2026,19:32,-87162513.06459008,0,0.0,553722200.0,46656
2343.33188755,56,2.0709999999999997,9.987e-05,0.89278536,8.37968207,88400,9.82e-05,-0.10029559,7.98380989,355.2090000000014,154918.0,85.67662287,13-01-2026,19:32,-85067624.31831053,307600,-0.0,411163000.0,32640
1977.17620854,963,3.885,0.00012785,0.85754119,10.22363856,88800,0.00012729,-0.1357119,9.89149415,69.42200000000001,26929.0,118.7897888,13-01-2026,19:32,-84936397.73260774,637600,-13272851.06177466,330571000.0,23300
1626.04239197,1809,6.7749999999999995,0.00016138,0.80908035,12.35496768,89200,0.00016238,-0.18524221,12.12686444,121.89400000000005,18114.0,167.76659967,13-01-2026,19:32,-83032377.04378371,1352800,-16471741.28436986,260750600.0,16260
1458.91746322,99,0.124,0.00017988,0.77882918,13.48169971,89400,0.00018134,-0.21551163,13.28202833,6.170999999999998,3532.0,200.14111866,13-01-2026,19:32,-80090866.35670999,2072200,-19510665.47079224,229463200.0,13193
1298.01156017,202,1.6350000000000002,0.00019839,0.74464456,14.58705503,89600,0.00020059,-0.25035328,14.4361045,87.57000000000001,12581.0,238.95843508,13-01-2026,19:32,-79946433.5278512,2811400,-20217563.90189936,198882200.0,10153
1145.43298365,656,1.8380000000000003,0.00021607,0.70651251,15.6254759,89800,0.00021923,-0.29057354,15.55280952,48.903000000000056,5829.0,286.56434597,13-01-2026,19:32,-79684235.19269685,3591000,-23223899.97364084,170817400.0,7150
1000.77716357,8810,20.348999999999997,0.00023228,0.66365688,16.56382065,90000,0.00023574,-0.33451571,16.52814295,103.52600000000008,29135.0,343.17591995,13-01-2026,19:32,-78932831.15542246,4501800,-24894283.54629997,143918400.0,4459
868.75289452,696,5.599999999999999,0.00024519,0.61671047,17.32928929,90200,0.0002496,-0.3812726,17.30159185,43.22700000000002,3465.0,409.61217672,13-01-2026,19:32,-70115984.34437078,7174600,-34892713.97404322,122846400.0,2501
746.72154693,5648,38.785000000000004,0.00025465,0.56712378,17.85270649,90400,0.00025936,-0.43248721,17.84961249,49.669000000000054,17990.0,487.69118686,13-01-2026,19:32,-69511332.32978486,9986600,-36312020.16637802,102467400.0,663
636.65982095,28372,83.15799999999997,0.00025966,0.51501906,18.09660244,90600,0.00026419,-0.48446559,18.0959859,95.818,18142.0,577.70732986,13-01-2026,19:32,-65293849.03272422,13928200,-45085584.61798942,85686400.0,-1076
538.13167326,14600,68.79900000000012,0.00025923,0.46339309,18.03328885,90800,0.00026401,-0.537012,18.03177412,63.938000000000045,8834.0,679.16120541,13-01-2026,19:32,-47230536.592730805,23544200,-55566350.99630954,72533800.0,-672
450.393495,29219,87.81099999999994,0.00025514,0.41172501,17.6645467,91000,0.0002593,-0.58947155,17.65252496,58.42900000000007,11348.0,791.43043283,13-01-2026,19:32,-39373814.1631348,36080200,-61566061.08490148,61148000.0,-371
372.43959318,7504,60.341000000000015,0.00024589,0.36171063,17.0103701,91200,0.00025027,-0.64154359,16.95729592,21.998999999999995,3331.0,913.51274542,13-01-2026,19:32,-26213766.6327298,54460000,-70547213.63665631,52031800.0,973
306.01554581,11139,39.71999999999998,0.00023331,0.31409453,16.10607597,91400,0.0002371,-0.68980197,16.01920582,34.54899999999998,1878.0,1046.81019227,13-01-2026,19:32,-23418979.92550708,74340600,-73590124.59165034,43581800.0,2091
249.08113088,14716,38.34100000000004,0.00021698,0.26936618,14.99165035,91600,0.00022017,-0.73531335,14.85983268,13.306999999999997,853.0,1190.39616403,13-01-2026,19:32,-20010272.760729488,96449000,-75556034.13273339,35507400.0,3639
200.33133339,4823,25.139,0.00019855,0.2282788,13.72585169,91800,0.00020066,-0.77750318,13.52793094,11.561999999999996,595.0,1341.25269415,13-01-2026,19:32,-16344794.83869941,121500600,-76571442.06065097,27603600.0,5619
159.77342464,38349,177.15100000000007,0.00017866,0.19082946,12.35125305,92000,0.00017963,-0.81583523,12.08292653,41.694,6131.0,1500.7734508,13-01-2026,19:32,-15378596.81775944,147516800,-77369487.41367023,19818800.0,7459
125.33847991,7538,23.542999999999992,0.00015837,0.15777227,10.94387323,92200,0.00015812,-0.85009498,10.57952836,14.490999999999996,2187.0,1666.11044076,13-01-2026,19:32,-9251445.756240081,181202800,-86570729.44052503,13260200.0,9864
98.03426286,9928,43.894000000000005,0.00013821,0.12935723,9.57013299,92400,0.00013664,-0.87872553,9.14851964,34.87300000000001,23464.0,1838.8410118,13-01-2026,19:32,-8306644.2946785,216396400,-90214512.97446714,7139000.0,12501
77.15359819,5443,17.750999999999994,0.00011909,0.10597637,8.30970945,92600,0.00011583,-0.90380647,7.74326411,1.1220000000000003,138.0,2018.18965304,13-01-2026,19:32,-7333360.1330044195,253575600,-133361078.47534233,5710600.0,11859
61.01059548,30164,72.765,0.00010135,0.08615666,7.13554223,92800,9.631e-05,-0.92480917,6.43821619,4.693,1327.0,2201.35046645,13-01-2026,19:32,-6913413.098056249,291843400,-133639588.64746185,4309800.0,15560
48.73368947,21468,60.66900000000004,8.679e-05,0.07190919,6.22230656,93000,7.923e-05,-0.94145209,5.30458463,6.125999999999999,2253.0,2389.23672796,13-01-2026,19:32,-5073089.4959975295,336144000,-136560780.716441,3174400.0,19768
38.81490834,23825,78.44,7.264e-05,0.05770412,5.24442225,93200,6.4e-05,-0.95519054,4.28806522,1.613,157.0,2579.1087355,13-01-2026,19:32,-4026874.65045557,384738200,-141943731.06453487,2489600.0,24126
26.33686187,12388,58.95800000000001,5.218e-05,0.04000611,3.91226514,93600,4.074e-05,-0.97378197,2.76083951,1.1880000000000002,608.0,2966.97064707,13-01-2026,19:32,-3102109.45925507,491456600,-142348651.13600838,1182800.0,34719
19.85627753,22747,89.81700000000006,3.895e-05,0.02987688,3.07817917,94000,2.471e-05,-0.9852916,1.69031622,3.306,2361.0,3360.45991264,13-01-2026,19:32,-2775848.41440951,603130200,-144152569.28942695,119200.0,45632
16.99208707,136780,234.82600000000105,3.086e-05,0.02444926,2.60393826,94400,1.597e-05,-0.99076904,1.1281124,1.8879999999999997,298.0,3755.45883051,13-01-2026,19:32,-2324177.6694346,723902600,-152086615.14317,0.0,56949
2556.05708654,747,3.445999999999999,8.944e-05,0.89892611,7.95393207,88000,,,,,,,13-01-2026,19:51,-77359911.26932192,0,0.0,560814800.0,48345
2181.00380898,56,2.0709999999999997,0.0001127,0.87200146,9.41147208,88400,0.00011125,-0.12053496,9.02488231,366.4150000000019,150572.0,109.70666732,13-01-2026,19:51,-75450536.62567654,298800,-0.0,418042400.0,34289
1823.8790133,863,3.9050000000000002,0.00014233,0.8256319,11.56476717,88800,0.00014241,-0.16365698,11.10416035,72.25300000000001,27498.0,152.99557743,13-01-2026,19:51,-75328400.41237366,620000,-16518752.311707038,335498800.0,24427
1485.36507935,1809,6.7749999999999995,0.00017544,0.77500343,13.48709506,89200,0.0001771,-0.22004593,13.31709649,122.23500000000004,18399.0,214.52706588,13-01-2026,19:51,-73754392.82389578,1286400,-20725824.69987718,263954400.0,17076
1324.98497911,405,0.124,0.00019127,0.74555947,14.42722104,89400,0.00019584,-0.25481059,14.43370421,8.621999999999998,5391.0,254.49016056,13-01-2026,19:51,-71067367.39535162,1981400,-24672908.1850033,231862000.0,13810
1172.240361,202,1.6350000000000002,0.00020972,0.70269433,15.57062405,89600,0.00021232,-0.29220331,15.4480911,87.60800000000002,11466.0,301.97034496,13-01-2026,19:51,-70530748.47881207,2757400,-26044864.64058226,200847800.0,10703
1028.40505518,562,1.857,0.00022475,0.66302157,16.42107644,89800,0.00022803,-0.3303202,16.29528962,48.964000000000055,5848.0,357.90237677,13-01-2026,19:51,-70293955.92589006,3573800,-29507256.61589362,172126800.0,7590
894.00673124,9097,20.357999999999997,0.00023763,0.61978029,17.12729822,90000,0.00024171,-0.37607077,17.07096787,106.96400000000007,30587.0,423.89632252,13-01-2026,19:51,-69715992.28487891,4502600,-31600269.71524458,144575400.0,4776
770.96106593,652,5.604999999999999,0.00024571,0.56979117,17.66556263,90200,0.00025138,-0.42881087,17.6542241,43.25700000000002,4017.0,499.50739629,13-01-2026,19:51,-61583213.050788626,7250800,-44565986.53216382,123141400.0,2424
657.1450234,3902,38.80500000000001,0.00025289,0.52025967,17.91748615,90400,0.00025785,-0.47202572,17.90254235,51.775000000000055,18720.0,586.52651463,13-01-2026,19:51,-61080546.435802266,10129400,-46572507.74306075,102510800.0,499
557.23127109,30723,85.98399999999998,0.00025447,0.47431346,17.90758891,90600,0.00025991,-0.52881272,17.89602217,96.649,18568.0,685.86979678,13-01-2026,19:51,-58516366.554495454,13788400,-57552284.09693435,85624200.0,-1666
466.67154142,15182,71.73000000000013,0.00025096,0.42051666,17.58498747,90800,0.00025495,-0.58273791,17.55345553,65.03600000000004,8394.0,795.87662225,13-01-2026,19:51,-41396550.21279739,23592000,-70287514.4835454,72451200.0,-1564
388.11187883,30042,90.70299999999995,0.00024297,0.37315804,17.02908927,91000,0.00024867,-0.63435752,16.91342404,58.469000000000065,11804.0,917.20742816,13-01-2026,19:51,-34311542.870958954,36432000,-76968102.8507119,60957000.0,-1389
319.44123146,7496,60.38800000000001,0.00023152,0.32348176,16.15584396,91200,0.00023682,-0.67778272,16.13201272,22.083999999999996,3666.0,1048.3073118,13-01-2026,19:51,-22651885.807148088,55280400,-87794819.33271253,51823600.0,-334
260.1761331,10999,40.04999999999997,0.00021679,0.27888559,15.1101376,91400,0.00021921,-0.72717246,14.94666853,34.54899999999998,1814.0,1189.99877868,13-01-2026,19:51,-20257354.33612393,75628000,-91637913.93777134,43423400.0,716
211.34670259,14787,38.50100000000004,0.00019848,0.23731379,13.89440939,91600,0.00020198,-0.77142933,13.60769155,13.352999999999996,796.0,1339.37635455,13-01-2026,19:51,-17395677.04815703,98175400,-93796571.72229685,35386000.0,2237
169.12637861,5079,25.323999999999998,0.00018065,0.20024352,12.60035801,91800,0.00018186,-0.80568742,12.37329556,11.561999999999996,585.0,1498.43007033,13-01-2026,19:51,-14270493.3569587,123680200,-94862715.30051865,27507800.0,4205
134.35191123,39713,177.55100000000007,0.00016181,0.16842864,11.31434915,92000,0.00016346,-0.83670766,11.09192467,41.696000000000005,6121.0,1669.82621186,13-01-2026,19:51,-13411500.479998512,150200800,-95739296.8916617,19746600.0,6080
103.85151224,8812,23.95799999999999,0.00014134,0.13669053,9.84839476,92200,0.00013938,-0.87245113,9.38857165,14.804999999999996,1823.0,1834.17796158,13-01-2026,19:51,-8075983.029321521,184664000,-105960303.13445677,13209600.0,8384
81.26464074,11000,44.715,0.00012215,0.11127348,8.52685413,92400,0.00011674,-0.90432801,7.6404399,35.054000000000016,23645.0,2010.19971626,13-01-2026,19:51,-7160843.503462641,220889600,-109304009.55841711,7037200.0,11146
63.60894553,5490,18.261999999999993,0.00010344,0.0896134,7.27887227,92600,9.844e-05,-0.92183854,6.56836675,1.1220000000000003,263.0,2193.35441316,13-01-2026,19:51,-6266932.45532264,259315200,-156835181.8493848,5593800.0,10181
48.99698069,29994,73.06499999999998,8.942e-05,0.0736655,6.28125721,92800,8.343e-05,-0.9367757,5.58181761,4.693,1364.0,2379.52331361,13-01-2026,19:51,-5917719.34436294,298838800,-157412034.0600459,4203000.0,13971
39.69018687,25492,64.71400000000006,7.454e-05,0.05999208,5.35651397,93000,6.603e-05,-0.95311344,4.40565347,6.126999999999999,2253.0,2569.18439757,13-01-2026,19:51,-4448103.90554708,344361200,-160657703.85980994,3085000.0,18234
31.50110843,24824,79.53899999999999,6.213e-05,0.04814987,4.50046778,93200,4.998e-05,-0.96741948,3.27572754,1.6229999999999998,157.0,2760.58533681,13-01-2026,19:51,-3436321.6618570397,394982000,-166446076.30753514,2417600.0,22752
21.26412955,12408,58.95900000000001,4.42e-05,0.03305178,3.31504096,93600,3.15e-05,-0.98085317,2.09825378,1.2040000000000002,592.0,3150.61182857,13-01-2026,19:51,-2654338.1461907197,506153200,-166879488.20541432,1145600.0,33776
16.15460177,24741,95.83400000000006,3.451e-05,0.02625341,2.73913726,94000,1.753e-05,-0.99032624,1.16434108,3.306,2312.0,3545.0788092,13-01-2026,19:51,-2390492.82673432,622287600,-168744650.40792775,110400.0,45126
13.97934025,142411,242.50500000000147,2.741e-05,0.02160506,2.32500386,94400,1.082e-05,-0.99422164,0.73951963,1.8879999999999997,276.0,3941.81995426,13-01-2026,19:51,-1990811.82434275,748318400,-176940872.61479816,0.0,56939
2469.36909585,631,3.4809999999999985,9.473e-05,0.8904939,8.38800527,88000,,,,,,,13-01-2026,20:01,-81376357.91971259,0,0.0,534354200.0,45298
2097.73028219,66,2.105999999999999,0.00011856,0.86556714,9.68866351,88400,0.00011823,-0.13113164,9.52432048,395.1170000000023,150745.0,120.94135036,13-01-2026,20:01,-79818186.02023123,252400,-0.0,393144600.0,31358
1746.85543663,763,4.024,0.0001484,0.81973515,11.75502654,88800,0.00014945,-0.1764234,11.59577234,77.75100000000002,29799.0,169.62186896,13-01-2026,20:01,-79679735.8216067,531200,-18231303.8600182,312233000.0,21485
1412.72905265,1958,7.2829999999999995,0.00018155,0.75813401,13.971478,89200,0.00018398,-0.23887949,13.8761608,126.36400000000005,21399.0,238.97423157,13-01-2026,20:01,-78346885.123458,1115200,-23285865.933157243,243241000.0,14272
1261.20880297,605,0.528,0.00019874,0.72269524,14.9938341,89400,0.00020054,-0.27296715,14.87838103,10.419999999999998,5371.0,284.28376622,13-01-2026,20:01,-75580761.6383693,1798800,-28399675.514523674,213024800.0,11084
1114.13997411,708,2.137,0.00021327,0.68413802,15.91671276,89600,0.00021655,-0.31470131,15.89053252,90.41000000000003,14056.0,337.41794101,13-01-2026,20:01,-74817730.31257245,2603400,-29926563.622891292,183882800.0,8174
977.03420776,2572,4.491,0.00022653,0.63949038,16.75003249,89800,0.00023023,-0.35682293,16.69155216,53.485000000000056,8148.0,401.34773714,13-01-2026,20:01,-74028919.21090257,3549600,-34669310.20172785,157552000.0,5240
850.65167382,6295,22.902999999999995,0.00023624,0.59531299,17.34235487,90000,0.00024108,-0.4033007,17.3270247,120.68800000000014,25169.0,473.23014136,13-01-2026,20:01,-71515987.22854385,5010200,-37939491.56394457,132850800.0,2841
737.48695397,2584,7.417999999999998,0.00024276,0.54242895,17.74910428,90200,0.00024662,-0.45353573,17.73155908,48.55700000000004,5106.0,558.59719313,13-01-2026,20:01,-66161134.94184697,7729800,-49850220.99183441,113183400.0,490
629.22940165,7480,47.74500000000002,0.00024632,0.4982792,17.85368285,90400,0.0002493,-0.50439474,17.85061562,58.95700000000007,18312.0,653.60375842,13-01-2026,20:01,-64255468.65278849,10966200,-52702418.25995619,94537200.0,-1145
537.97963821,31143,93.37299999999998,0.00024345,0.44665562,17.69169361,90600,0.00024847,-0.55187637,17.70295491,109.81200000000003,14244.0,762.52967791,13-01-2026,20:01,-59548832.72844649,15698600,-64671210.284143224,79553400.0,-2897
455.55378346,15125,76.41000000000015,0.00023775,0.40185355,17.31130026,90800,0.00024078,-0.60133102,17.27385811,70.26500000000006,6783.0,879.66592645,13-01-2026,20:01,-42794532.85567246,26659600,-75532683.01629326,67418400.0,-2425
381.48745425,31462,95.9539999999999,0.00022766,0.35627789,16.68289692,91000,0.00023248,-0.65292371,16.5220958,67.01000000000006,9382.0,1003.84825895,13-01-2026,20:01,-35904281.880839944,40645600,-81499456.9954036,56640000.0,-2012
318.35906116,5357,63.30300000000001,0.0002165,0.3108998,15.80836083,91200,0.00022184,-0.69796547,15.6056202,24.481999999999996,3857.0,1139.92906103,13-01-2026,20:01,-23901923.595226448,60924000,-90917561.3608725,47738000.0,-616
262.55284862,7215,46.048999999999985,0.00020193,0.26945143,14.78180726,91400,0.00020463,-0.73308062,14.71256381,34.74799999999998,1786.0,1287.06590245,13-01-2026,20:01,-22196474.104592327,82273800,-95314267.74926522,39607400.0,437
215.57698386,15314,43.64400000000004,0.00018607,0.23126288,13.63033719,91600,0.00018841,-0.77939147,13.27027528,13.410999999999996,804.0,1436.2609434,13-01-2026,20:01,-20302155.301799033,105066600,-97612967.45104092,31834000.0,1899
175.43484801,6040,26.973999999999997,0.00016923,0.19701161,12.41576683,91800,0.00017054,-0.80848405,12.20413215,11.588999999999993,592.0,1597.635059,13-01-2026,20:01,-17000809.37096699,130922200,-98767721.24953452,24221400.0,3938
140.19679813,37762,183.9460000000001,0.00015196,0.16575242,11.14228914,92000,0.00015093,-0.84248804,10.77632145,41.868,6145.0,1763.52987585,13-01-2026,20:01,-15941182.88898659,157985800,-99713521.20446251,16727200.0,5906
110.9746544,8753,27.41599999999999,0.00013431,0.13762671,9.84599762,92200,0.00013276,-0.86568036,9.6815792,15.386999999999995,2351.0,1934.71279961,13-01-2026,20:01,-10647071.39800153,192601800,-110550412.29156077,10462000.0,8187
89.24582676,13665,54.06100000000001,0.00011715,0.11424001,8.64570245,92400,0.00011293,-0.89883567,7.91960194,35.496000000000016,23724.0,2109.76649447,13-01-2026,20:01,-9675710.24803833,228968400,-115098922.08344388,4667000.0,10886
71.33821679,5897,20.661999999999995,0.0001016,0.09466997,7.54483544,92600,0.00010076,-0.90858281,7.35284538,1.4420000000000002,458.0,2292.78118689,13-01-2026,20:01,-8456166.02536293,268068000,-165151022.39825016,3616800.0,9808
58.38869747,28942,76.46199999999999,8.705e-05,0.07868366,6.56931692,92800,8.267e-05,-0.93155584,5.90592193,5.111999999999999,1326.0,2483.78880621,13-01-2026,20:01,-8035484.5609523,308347000,-166201116.18184578,2658200.0,13677
46.42387302,42778,83.66100000000006,7.37e-05,0.06398171,5.60406562,93000,6.814e-05,-0.94624067,4.88879806,8.126999999999999,1253.0,2669.46145993,13-01-2026,20:01,-6345598.878775559,354414400,-169494620.13888025,1964800.0,18054
37.49720493,24374,80.731,6.198e-05,0.05144316,4.72069019,93200,5.396e-05,-0.96049879,3.81681394,1.6229999999999998,157.0,2854.8631012,13-01-2026,20:01,-4359678.4387260005,409037400,-172839455.34817255,1522000.0,23336
25.20145066,13462,59.00800000000001,4.501e-05,0.03602743,3.54053673,93600,3.547e-05,-0.97597898,2.52944004,1.2040000000000002,592.0,3243.27974065,13-01-2026,20:01,-3445721.56576218,528033000,-173287668.85506094,699200.0,35200
19.6164533,23559,101.55100000000007,3.459e-05,0.02767438,2.84773464,94000,0.0,-1.0,0.0,4.455,1182.0,3635.51014845,13-01-2026,20:01,-3106459.63697726,652413400,-175207690.46152574,113200.0,47421
17.17188416,153991,252.70500000000177,2.818e-05,0.02363892,2.49511216,94400,1.678e-05,-0.98913912,1.28182829,1.9249999999999996,283.0,4041.94396288,13-01-2026,20:01,-2644315.61368256,786217400,-179504863.45699364,0.0,60407
