tick_size,contract_value,tags,contract_type,spot_price,mark_change_24h,close,turnover,product_trading_status,oi,turnover_symbol,oi_change_usd_6h,underlying_asset_symbol,turnover_usd,oi_value,oi_value_symbol,low,open,strike_price,high,symbol,timestamp,product_id,time,mark_price,size,leverage,mark_vol,volume,oi_contracts,sort_priority,ltp_change_24h,oi_value_usd,description,price_band.lower_limit,price_band.upper_limit,quotes.ask_iv,quotes.ask_size,quotes.best_ask,quotes.best_ask_mm,quotes.best_bid,quotes.best_bid_mm,quotes.bid_iv,quotes.bid_size,quotes.impact_mid_price,quotes.mark_iv,greeks.delta,greeks.gamma,greeks.rho,greeks.spot,greeks.theta,greeks.vega
0.100000000000000000,0.001000000000000000,[],put_options,92301.2,5.2278,5629.0,175117.37459999998,operational,0.0950,USD,1199.7600,BTC,175117.37459999998,0.0950,BTC,4303.0,5360.0,98000,6381.0,P-BTC-98000-111225,2025-12-10 22:36:41,111858,2025-12-09T22:34:10.930506855Z,5698.9,1898.0,200,0.16810468,1.8980000000000004,95,1,5.0187,8771.3880,BTC  Put,3865.934,7557.466,0.82512304,6487,5736,5736,5658,5658,0.000005,9717,,0.16810468,-1.00000000,0.00000000,-1.49793696,92301.9,-0.00000000,0.00000000
0.100000000000000000,0.001000000000000000,[],put_options,92301.2,5.2292,5288.0,7760.9622,operational,0.0200,USD,1845.7800,BTC,7760.9622,0.0200,BTC,5018.0,5588.0,97600,6018.5,P-BTC-97600-111225,2025-12-10 22:36:41,111844,2025-12-09T22:34:10.930506855Z,5298.8,84.0,200,0.16594256,0.084,20,1,-5.3686,1845.2220,BTC  Put,3506.028,7195.972,0.77213544,6481,5347,5347,5273,5273,0.000005,9719,,0.16594256,-1.00000000,0.00000000,-1.49191578,92288.7,-0.00000000,0.00000000
0.100000000000000000,0.001000000000000000,[],put_options,92301.2,5.1213,3990.0,13258.424299999999,operational,0.0020,USD,0.0000,BTC,13258.424299999999,0.0020,BTC,3668.0,4694.0,97200,5259.0,P-BTC-97200-111225,2025-12-10 22:36:41,111838,2025-12-09T22:34:10.930506855Z,4901.08979414,142.0,200,0.49881858,0.14200000000000002,2,1,-14.9979,184.5024,BTC  Put,3065.8914149,6762.68016708,0.73441556,6478,4938,4938,4868,4868,0.000005,9717,,0.49748336,-0.99390635,0.00000909,-1.47716840,92300.7,-29.30036586,0.62204462
0.100000000000000000,0.001000000000000000,[],put_options,92301.2,4.8371,4796.0,36997.631,operational,0.2100,USD,16612.0200,BTC,36997.631,0.2100,BTC,3075.0,4074.0,96800,5040.0,P-BTC-96800-111225,2025-12-10 22:36:41,111809,2025-12-09T22:34:10.930506855Z,4505.84525482,400.0,200,0.52718112,0.4,210,1,17.7221,19368.4260,BTC  Put,2707.1233268,6407.9405785,0.69960788,6499,4541,4541,4475,4475,0.000005,9717,,0.52553012,-0.98580859,0.00001811,-1.45972437,92301.9,-64.51961604,1.30297639
0.100000000000000000,0.001000000000000000,[],put_options,92301.2,4.2326,4564.0,6948.096100000001,operational,0.0010,USD,0.0000,BTC,6948.096100000001,0.0010,BTC,2623.0,4157.0,96400,4564.0,P-BTC-96400-111225,2025-12-10 22:36:41,111785,2025-12-09T22:34:10.930506855Z,4109.69587831,75.0,200,0.51805548,0.07500000000000001,1,1,9.7907,92.2445,BTC  Put,2309.61322411,6013.54680165,0.6454899,6479,4153,4153,4091,4091,0.000005,9719,,0.51839848,-0.98506270,0.00002046,-1.45261846,92287.7,-62.36065287,1.36152133
0.100000000000000000,0.001000000000000000,[],put_options,92301.2,3.2453,3067.0,36472.73240000001,operational,0.0770,USD,738.3100,BTC,36472.73240000001,0.0770,BTC,1973.0,3605.0,96000,4534.0,P-BTC-96000-111225,2025-12-10 22:36:41,111764,2025-12-09T22:34:10.930506855Z,3715.32152627,394.0,200,0.50608886,0.394,77,1,-14.9237,7101.8409,BTC  Put,1897.75445202,5588.1369074,0.59908595,6486,3747,3747,3688,3688,0.000005,9718,,0.50778027,-0.98005325,0.00002746,-1.43945265,92295.3,-76.17581546,1.74319034
0.100000000000000000,0.001000000000000000,[],put_options,92301.2,1.7738,2211.7,126700.86619999999,operational,0.0000,USD,-9321.1900,BTC,126700.86619999999,0.0000,BTC,2211.7,3070.0,95600,3985.0,P-BTC-95600-111225,2025-12-10 22:36:41,111668,2025-12-09T22:34:10.930506855Z,3320.99944137,1370.0,200,0.4843087,1.3699999999999999,0,1,-27.9577,0.0000,BTC  Put,1514.87104253,5227.57372059,0.56449948,6478,3348,3348,3294,3294,0.000005,9717,,0.48430527,-0.96738842,0.00004168,-1.41558271,92301.2,-114.27546160,2.63086185
0.100000000000000000,0.001000000000000000,[],put_options,92301.2,-0.4999,2821.0,8400.8691,operational,0.0070,USD,-276.8700,BTC,8400.8691,0.0070,BTC,1844.0,2716.0,95200,3408.0,P-BTC-95200-111225,2025-12-10 22:36:41,111658,2025-12-09T22:34:10.930506855Z,2928.8848988,91.0,200,0.46177089,0.091,7,1,3.8660,645.3566,BTC  Put,1120.10316488,4837.62764984,0.52723913,6480,2968,2968,2918,2918,0.35504326,9719,,0.46171866,-0.95520674,0.00005621,-1.39250822,92287.7,-142.18034578,3.40744762
0.100000000000000000,0.001000000000000000,[],put_options,92301.2,-1.8805,2776.0,1638449.7811999999,operational,0.7830,USD,-73646.6200,BTC,1638449.7811999999,0.7830,BTC,1079.0,2687.0,95000,3518.0,P-BTC-95000-111225,2025-12-10 22:36:41,111878,2025-12-09T22:34:10.930506855Z,2735.31332477,17714.0,200,0.45373982,17.714,783,1,3.3122,72236.2131,BTC  Put,888.77982678,4610.52244562,0.50736478,6548,2760,2760,2712,2712,0.3737919,9717,,0.45391222,-0.94685665,0.00006608,-1.37766396,92300.5,-158.96422733,3.90662142
0.100000000000000000,0.001000000000000000,[],put_options,92301.2,-3.5061,1178.0,4526.8535,operational,0.0390,USD,92.2900,BTC,4526.8535,0.0390,BTC,1178.0,2753.0,94800,3108.0,P-BTC-94800-111225,2025-12-10 22:36:41,111657,2025-12-09T22:34:10.930506855Z,2542.54387738,49.0,200,0.44428096,0.049,39,1,-57.2103,3595.5504,BTC  Put,735.01671999,4457.24004765,0.49237378,6478,2566,2566,2520,2520,0.38649585,9720,,0.4441201,-0.93568465,0.00007797,-1.35897229,92301.9,-181.77639908,4.53807464
0.100000000000000000,0.001000000000000000,[],put_options,92301.2,-5.4226,2005.0,203758.97260000004,operational,1.7280,USD,159475.3900,BTC,203758.97260000004,1.7280,BTC,864.0,2861.0,94600,2998.0,P-BTC-94600-111225,2025-12-10 22:36:41,111850,2025-12-09T22:34:10.930506855Z,2350.17306886,2166.0,200,0.43245615,2.1660000000000004,1728,1,-29.9196,159338.8800,BTC  Put,534.5505723,4259.34089044,0.46875728,6631,2370,2370,2330,2330,0.38776698,9717,,0.43250364,-0.92604619,0.00008977,-1.34235834,92301.2,-195.82073288,5.05360255
0.100000000000000000,0.001000000000000000,[],put_options,92301.2,-7.6538,2130.0,132719.46509999997,operational,0.1590,USD,830.6000,BTC,132719.46509999997,0.1590,BTC,874.0,2160.0,94400,3018.4,P-BTC-94400-111225,2025-12-10 22:36:41,111656,2025-12-09T22:34:10.930506855Z,2160.04849607,1434.0,200,0.42182839,1.4340000000000002,159,1,-1.3889,14664.4746,BTC  Put,342.73503241,4081.43635739,0.45732748,6479,2194,2194,2152,2152,0.38252654,9733,,0.42191751,-0.91306572,0.00010367,-1.32128914,92287.7,-216.48511575,5.71001824
0.100000000000000000,0.001000000000000000,[],put_options,92301.2,-10.2856,1580.0,182654.73150000002,operational,1.3240,USD,110654.5100,BTC,182654.73150000002,1.3240,BTC,727.0,2362.0,94200,2644.0,P-BTC-94200-111225,2025-12-10 22:36:41,111824,2025-12-09T22:34:10.930506855Z,1973.43441207,1947.0,200,0.41301866,1.9469999999999998,1324,1,-33.1075,122107.6212,BTC  Put,142.20672607,3864.71986201,0.43873349,6598,1991,1991,1954,1954,0.38165212,9717,,0.41321496,-0.89560140,0.00012186,-1.29363644,92301.1,-241.16050181,6.53437191
0.100000000000000000,0.001000000000000000,[],put_options,92301.2,-13.2917,1536.0,1872703.8751000003,operational,2.6780,USD,193160.8800,BTC,1872703.8751000003,2.6780,BTC,575.0,2000.0,94000,2726.0,P-BTC-94000-111225,2025-12-10 22:36:41,111636,2025-12-09T22:34:10.930506855Z,1790.30435378,20160.0,200,0.40521814,20.160000000000004,2678,1,-23.2000,247026.4862,BTC  Put,0.1,3696.93708748,0.42840756,6677,1819,1819,1781,1781,0.37661633,9719,,0.40537204,-0.87622622,0.00014037,-1.26363094,92288.7,-266.83517459,7.37666409
0.100000000000000000,0.001000000000000000,[],put_options,92301.2,-16.8236,1717.0,274752.3228,operational,0.5310,USD,0.0000,BTC,274752.3228,0.5310,BTC,484.0,2120.0,93800,2563.0,P-BTC-93800-111225,2025-12-10 22:36:41,111808,2025-12-09T22:34:10.930506855Z,1610.47340546,2967.0,200,0.39662911,2.966999999999999,531,1,-19.0094,48956.5008,BTC  Put,0.1,3472.73346787,0.41978694,6531,1630,1630,1594,1594,0.37744746,9717,,0.39641453,-0.84702021,0.00016398,-1.21965046,92301.9,-304.99654178,8.52463960
0.100000000000000000,0.001000000000000000,[],put_options,92301.2,-20.7229,1242.0,582297.3066000001,operational,0.6020,USD,184.5800,BTC,582297.3066000001,0.6020,BTC,470.0,1705.0,93600,2366.0,P-BTC-93600-111225,2025-12-10 22:36:41,111635,2025-12-09T22:34:10.930506855Z,1436.56440509,6286.0,200,0.3896599,6.285999999999998,602,1,-27.1554,55561.5900,BTC  Put,0.1,3315.39421348,0.40665159,6479,1457,1457,1423,1423,0.37071846,9763,,0.38967119,-0.81979095,0.00018705,-1.17855954,92296.3,-330.36700043,9.47551640
0.100000000000000000,0.001000000000000000,[],put_options,92301.2,-25.0683,992.0,789374.3477,operational,1.0220,USD,50943.5300,BTC,789374.3477,1.0220,BTC,390.0,1661.0,93400,2301.0,P-BTC-93400-111225,2025-12-10 22:36:41,111793,2025-12-09T22:34:10.930506855Z,1270.28252388,8474.0,200,0.38434142,8.473999999999998,1022,1,-40.2769,94211.9458,BTC  Put,0.1,3107.67120868,0.39768133,6577,1294,1294,1262,1262,0.36723034,9719,,0.38441994,-0.78593289,0.00021109,-1.12825258,92289,-360.62345890,10.51624132
0.100000000000000000,0.001000000000000000,[],put_options,92301.2,-29.7804,1392.0,576649.4791000001,operational,0.4790,USD,-6737.1000,BTC,576649.4791000001,0.4790,BTC,363.0,1410.0,93200,2108.0,P-BTC-93200-111225,2025-12-10 22:36:41,111634,2025-12-09T22:34:10.930506855Z,1112.60195081,6231.0,200,0.38038896,6.230999999999998,479,1,-1.2766,44195.5577,BTC  Put,0.1,2936.16213244,0.39320379,6515,1128,1128,1098,1098,0.36754859,9717,,0.38033039,-0.74034254,0.00023609,-1.06150439,92300.7,-398.84641771,11.69708532
0.100000000000000000,0.001000000000000000,[],put_options,92301.2,-34.6108,1200.0,4960303.844500002,operational,2.7740,USD,71616.2600,BTC,4960303.844500002,2.7740,BTC,264.0,1325.0,93000,1985.0,P-BTC-93000-111225,2025-12-10 22:36:41,111784,2025-12-09T22:34:10.930506855Z,966.08569856,53155.0,200,0.37859666,53.15499999999995,2774,1,-9.4340,256252.4110,BTC  Put,0.1,2721.78571207,0.38848523,6681,982,982,954,954,0.36636139,9718,,0.37879262,-0.69402603,0.00025753,-0.99393822,92296.3,-428.17814740,12.65769656
0.100000000000000000,0.001000000000000000,[],put_options,92301.2,-39.4178,968.0,1621687.6619999995,operational,0.3020,USD,-12366.7300,BTC,1621687.6619999995,0.3020,BTC,302.0,1292.0,92800,1876.0,P-BTC-92800-111225,2025-12-10 22:36:41,111594,2025-12-09T22:34:10.930506855Z,832.9665594,17490.0,200,0.37951274,17.48999999999999,302,1,-25.0774,27859.9228,BTC  Put,0.1,2533.60730214,0.38854931,6501,853,853,827,827,0.36923992,9719,,0.37949841,-0.64256207,0.00027296,-0.91932295,92289,-457.24441136,13.46566296
0.100000000000000000,0.001000000000000000,[],put_options,92301.2,-44.2440,678.0,3104409.1559999995,operational,0.9880,USD,-63033.3900,BTC,3104409.1559999995,0.9880,BTC,199.0,1232.0,92600,1710.0,P-BTC-92600-111225,2025-12-10 22:36:41,111595,2025-12-09T22:34:10.930506855Z,712.88223633,33463.0,200,0.38183253,33.462999999999994,988,1,-44.9675,91070.9748,BTC  Put,0.1,2323.15226636,0.38824841,6479,729,729,707,707,0.37259468,9783,,0.38188969,-0.58657757,0.00028376,-0.83846156,92289,-479.15207093,14.05438704
0.100000000000000000,0.001000000000000000,[],put_options,92301.2,-48.7725,641.0,4043229.8360999995,operational,2.8780,USD,73369.7500,BTC,4043229.8360999995,2.8780,BTC,165.0,1140.0,92400,1614.0,P-BTC-92400-111225,2025-12-10 22:36:41,111596,2025-12-09T22:34:10.930506855Z,607.93593193,43737.0,200,0.38680842,43.736999999999995,2878,1,-43.7719,265526.2946,BTC  Put,0.1,2120.86302455,0.39232446,6479,623,623,604,604,0.37908982,9816,,0.38679535,-0.52913795,0.00028589,-0.75583915,92287.7,-496.22818830,14.35623937
0.100000000000000000,0.001000000000000000,[],put_options,92301.2,-53.1626,533.0,4634307.855699997,operational,4.8530,USD,123113.5300,BTC,4634307.855699997,4.8530,BTC,177.0,1203.0,92200,1528.0,P-BTC-92200-111225,2025-12-10 22:36:41,111597,2025-12-09T22:34:10.930506855Z,514.59817624,50153.0,200,0.39182257,50.153000000000006,4853,1,-55.6941,447893.5613,BTC  Put,0.1,1873.55631117,0.39555392,6478,520,520,507,507,0.38649519,10087,,0.39199072,-0.46838391,0.00028184,-0.66863068,92301.1,-502.92924107,14.35076349
0.100000000000000000,0.001000000000000000,[],put_options,92301.2,-57.5233,397.0,12878473.2713,operational,9.3060,USD,-318673.9200,BTC,12878473.2713,9.3060,BTC,117.0,986.0,92000,1411.0,P-BTC-92000-111225,2025-12-10 22:36:41,111598,2025-12-09T22:34:10.930506855Z,432.16223918,139459.0,200,0.39669714,139.45900000000006,9306,1,-59.7363,858217.0014,BTC  Put,0.1,1709.63934759,0.40039907,6478,437,437,425,425,0.39186044,9931,,0.39669517,-0.41315951,0.00027244,-0.58947932,92302.1,-498.94547596,14.05386598
0.100000000000000000,0.001000000000000000,[],put_options,92301.2,-61.5654,360.0,2621943.7652000003,operational,3.3450,USD,73369.7600,BTC,2621943.7652000003,3.3450,BTC,105.0,839.0,91800,1300.0,P-BTC-91800-111225,2025-12-10 22:36:41,111599,2025-12-09T22:34:10.930506855Z,361.31453304,28407.0,200,0.40232782,28.406999999999975,3345,1,-57.0918,308305.3050,BTC  Put,0.1,1517.26278656,0.4081416,6648,370,370,354,354,0.39631481,9718,,0.40225585,-0.36222723,0.00025829,-0.51657236,92298.9,-487.68551347,13.52885652
0.100000000000000000,0.001000000000000000,[],put_options,92301.2,-65.5445,299.0,4513686.443699999,operational,1.3850,USD,-65063.7400,BTC,4513686.443699999,1.3850,BTC,98.0,970.0,91600,1209.0,P-BTC-91600-111225,2025-12-10 22:36:41,111600,2025-12-09T22:34:10.930506855Z,299.79141558,48883.0,200,0.40770086,48.88299999999999,1385,1,-69.1753,127798.6590,BTC  Put,0.1,1338.11448765,0.41265684,6479,310,310,294,294,0.40018708,9768,,0.40772373,-0.31578084,0.00024249,-0.45009843,92289,-467.35365335,12.83141252
0.100000000000000000,0.001000000000000000,[],put_options,92301.2,-69.4305,195.0,1834737.2122,operational,1.3480,USD,76230.7100,BTC,1834737.2122,1.3480,BTC,72.0,750.0,91400,1109.0,P-BTC-91400-111225,2025-12-10 22:36:41,111601,2025-12-09T22:34:10.930506855Z,245.62486105,19796.0,200,0.41178971,19.795999999999985,1348,1,-74.0000,124364.0536,BTC  Put,0.1,1161.67349367,0.41561514,6563,250,250,238,238,0.40551493,9717,,0.41132896,-0.26773375,0.00022222,-0.38145102,92301.8,-437.19662112,11.88129701
0.100000000000000000,0.001000000000000000,[],put_options,92301.2,-73.0896,222.0,1702848.5711,operational,4.1900,USD,284342.4100,BTC,1702848.5711,4.1900,BTC,61.0,724.0,91200,1017.0,P-BTC-91200-111225,2025-12-10 22:36:41,111602,2025-12-09T22:34:10.930506855Z,199.97212256,18336.0,200,0.41614203,18.335999999999995,4190,1,-69.3370,386312.9720,BTC  Put,0.1,1006.83496707,0.41990786,6848,207,207,196,196,0.40986154,9719,,0.4161671,-0.22975374,0.00020271,-0.32719997,92288.7,-407.12994550,10.94979380
0.100000000000000000,0.001000000000000000,[],put_options,92301.2,-76.3592,159.0,8860918.2029,operational,13.7260,USD,901848.1100,BTC,8860918.2029,13.7260,BTC,59.0,636.0,91000,948.0,P-BTC-91000-111225,2025-12-10 22:36:41,111603,2025-12-09T22:34:10.930506855Z,162.10171687,95758.0,200,0.42094123,95.75800000000007,13726,1,-75.0000,1266215.2644,BTC  Put,0.1,861.04500747,0.42419052,6479,168,168,158,158,0.4140865,10134,,0.42095322,-0.19338641,0.00018138,-0.27529782,92287.5,-371.80140893,9.89779891
0.100000000000000000,0.001000000000000000,[],put_options,92301.2,-79.3615,144.0,1589312.0348000003,operational,2.6790,USD,49466.9000,BTC,1589312.0348000003,2.6790,BTC,54.0,684.0,90800,889.0,P-BTC-90800-111225,2025-12-10 22:36:41,111678,2025-12-09T22:34:10.930506855Z,130.83588804,17189.0,200,0.4260228,17.189,2679,1,-78.9474,247142.5722,BTC  Put,0.1,727.83373388,0.42933846,6479,136,136,128,128,0.42029573,9946,,0.42598789,-0.16191954,0.00015997,-0.23043429,92287.5,-336.85767082,8.84767709
0.100000000000000000,0.001000000000000000,[],put_options,92301.2,-82.0816,97.0,1587189.0143000002,operational,4.0610,USD,172672.7200,BTC,1587189.0143000002,4.0610,BTC,39.0,537.0,90600,825.0,P-BTC-90600-111225,2025-12-10 22:36:41,111680,2025-12-09T22:34:10.930506855Z,104.68342258,17146.0,200,0.43071274,17.145999999999997,4061,1,-81.9367,374619.9402,BTC  Put,0.1,591.01415942,0.43496331,6731,108,108,101,101,0.42592158,9717,,0.43066975,-0.13269957,0.00013813,-0.18880976,92301.1,-298.72081850,7.74287858
0.100000000000000000,0.001000000000000000,[],put_options,92301.2,-84.3493,98.0,1221893.0480000004,operational,2.3350,USD,144340.0000,BTC,1221893.0480000004,2.3350,BTC,41.0,438.0,90400,750.0,P-BTC-90400-111225,2025-12-10 22:36:41,111637,2025-12-09T22:34:10.930506855Z,84.21689276,13237.0,200,0.43683388,13.236999999999995,2335,1,-77.6256,215357.5170,BTC  Put,0.1,532.26362306,0.44156495,6479,88,88,81,81,0.43126323,9904,,0.43674989,-0.11025438,0.00011959,-0.15683699,92296.4,-265.84388110,6.79645516
0.100000000000000000,0.001000000000000000,[],put_options,92301.2,-86.3129,52.0,6882684.898599999,operational,31.4110,USD,682200.2900,BTC,6882684.898599999,31.4110,BTC,30.0,554.0,90200,680.0,P-BTC-90200-111225,2025-12-10 22:36:41,111686,2025-12-09T22:34:10.930506855Z,67.92819193,73825.0,200,0.44365429,73.82500000000002,31411,1,-90.6137,2899191.3246,BTC  Put,0.1,494.92999066,0.44691268,7267,71,71,65,65,0.4367641,9719,,0.44366018,-0.09112434,0.00010279,-0.12959144,92289,-234.18387085,5.91371747
0.100000000000000000,0.001000000000000000,[],put_options,92301.2,-87.8998,47.0,12274996.001900002,operational,47.7920,USD,3404448.9200,BTC,12274996.001900002,47.7920,BTC,29.2,440.0,90000,643.0,P-BTC-90000-111225,2025-12-10 22:36:41,111638,2025-12-09T22:34:10.930506855Z,55.27519836,132124.0,200,0.45172495,132.1240000000001,47792,1,-89.3182,4410900.5104,BTC  Put,0.1,452.2767517,0.45494121,9353,58,58,53,53,0.4452127,9719,,0.45181177,-0.07564580,0.00008773,-0.10756034,92287.5,-207.38643884,5.14103226
0.100000000000000000,0.001000000000000000,[],put_options,92301.2,-89.0246,51.0,2411632.1560999993,operational,7.1080,USD,447417.0700,BTC,2411632.1560999993,7.1080,BTC,26.0,456.0,89800,566.0,P-BTC-89800-111225,2025-12-10 22:36:41,111692,2025-12-09T22:34:10.930506855Z,46.13403579,26011.0,200,0.46243815,26.011000000000003,7108,1,-88.8158,655273.7256,BTC  Put,0.1,436.89525637,0.4667848,7040,49,49,44,44,0.45568563,9719,,0.46233347,-0.06375650,0.00007504,-0.09065077,92287.5,-186.31688348,4.50677573
0.100000000000000000,0.001000000000000000,[],put_options,92301.2,-89.8748,34.0,2294835.5346,operational,1.5210,USD,57126.8900,BTC,2294835.5346,1.5210,BTC,21.0,349.0,89600,516.0,P-BTC-89600-111225,2025-12-10 22:36:41,111639,2025-12-09T22:34:10.930506855Z,39.03203556,24809.0,200,0.47436373,24.809,1521,1,-90.2579,140383.2807,BTC  Put,0.1,408.15436992,0.47925072,6478,41,41,37,37,0.4690703,9723,,0.47431212,-0.05355792,0.00006365,-0.07615409,92301.2,-167.06579163,3.93070289
0.100000000000000000,0.001000000000000000,[],put_options,92301.2,-90.5144,45.0,2400550.3196999994,operational,2.8170,USD,184393.4200,BTC,2400550.3196999994,2.8170,BTC,24.0,329.0,89400,469.0,P-BTC-89400-111225,2025-12-10 22:36:41,111695,2025-12-09T22:34:10.930506855Z,33.59150592,26002.0,200,0.48751173,26.00199999999999,2817,1,-86.3222,259667.9613,BTC  Put,0.1,400.77842366,0.49260646,6675,36,36,32,32,0.48121056,9719,,0.48751871,-0.04650769,0.00005539,-0.06612939,92288.7,-153.27110403,3.51194201
0.100000000000000000,0.001000000000000000,[],put_options,92301.2,-91.0103,27.0,2062430.4219999998,operational,8.0450,USD,97272.6100,BTC,2062430.4219999998,8.0450,BTC,19.0,365.0,89200,430.0,P-BTC-89200-111225,2025-12-10 22:36:41,111659,2025-12-09T22:34:10.930506855Z,29.20003453,22319.0,200,0.50128327,22.319000000000003,8045,1,-92.6027,742363.6380,BTC  Put,0.1,381.83068546,0.50635234,7233,31,31,28,28,0.49671561,9719,,0.50116308,-0.04007629,0.00004768,-0.05698993,92296.3,-140.00131127,3.11437143
0.100000000000000000,0.001000000000000000,[],put_options,92301.2,-91.2659,27.0,4139450.223700001,operational,9.2030,USD,424252.5300,BTC,4139450.223700001,9.2030,BTC,17.0,278.0,89000,393.0,P-BTC-89000-111225,2025-12-10 22:36:41,111701,2025-12-09T22:34:10.930506855Z,26.01295056,44684.0,200,0.51694065,44.684,9203,1,-90.2878,849103.7514,BTC  Put,0.1,377.5176341,0.52217174,6875,28,28,24,24,0.50783545,9719,,0.51697408,-0.03507376,0.00004164,-0.04987526,92287.5,-128.93952335,2.79285085
0.100000000000000000,0.001000000000000000,[],put_options,92301.2,-91.4981,27.0,2983474.246899999,operational,4.5990,USD,-28794.1700,BTC,2983474.246899999,4.5990,BTC,15.0,310.1,88800,357.0,P-BTC-88800-111225,2025-12-10 22:36:41,111660,2025-12-09T22:34:10.930506855Z,23.19078456,32175.0,200,0.53227421,32.17500000000002,4599,1,-91.2931,424457.3466,BTC  Put,0.1,368.18667373,0.5354508,6478,24,24,21,21,0.5232783,9720,,0.53234736,-0.03016335,0.00003577,-0.04289746,92301.1,-117.04344272,2.46640508
0.100000000000000000,0.001000000000000000,[],put_options,92301.2,-91.6400,23.0,6918488.0902,operational,5.5700,USD,344053.3900,BTC,6918488.0902,5.5700,BTC,10.0,247.0,88400,303.0,P-BTC-88400-111225,2025-12-10 22:36:41,111661,2025-12-09T22:34:10.930506855Z,19.31719561,74296.0,200,0.56606286,74.2960000000001,5570,1,-90.6883,513730.5690,BTC  Put,0.1,358.1610095,0.57329405,6818,21,21,18,18,0.55908013,9719,,0.56604963,-0.02505362,0.00002865,-0.03564337,92296.4,-107.23642905,2.11276851
0.100000000000000000,0.001000000000000000,[],put_options,92301.2,-93.5426,12.0,15048947.383199997,operational,32.0710,USD,1599829.8100,BTC,15048947.383199997,32.0710,BTC,7.0,189.0,88000,254.0,P-BTC-88000-111225,2025-12-10 22:36:41,111669,2025-12-09T22:34:10.930506855Z,12.62048494,161972.0,200,0.57713126,161.9720000000001,32071,1,-93.6508,2958726.1405,BTC  Put,0.1,310.43852385,0.58568168,7819,14,14,11,11,0.56553319,9718,,0.57689255,-0.01662979,0.00001991,-0.02365214,92298.3,-77.06938964,1.49295872
0.100000000000000000,0.001000000000000000,[],put_options,92301.2,-95.3101,8.0,3690282.6928000003,operational,14.9300,USD,1129801.9400,BTC,3690282.6928000003,14.9300,BTC,5.0,133.0,87600,206.0,P-BTC-87600-111225,2025-12-10 22:36:41,111676,2025-12-09T22:34:10.930506855Z,7.79372619,39899.0,200,0.58444751,39.899,14930,1,-93.9850,1376298.1620,BTC  Put,0.1,264.49735082,0.59429593,7537,9,9,6,6,0.56402594,9719,,0.58439786,-0.01044777,0.00001323,-0.01485360,92288.7,-51.94989391,0.99912829
0.100000000000000000,0.001000000000000000,[],put_options,92301.2,-96.7243,6.0,5376579.008900002,operational,6.1850,USD,-391766.8000,BTC,5376579.008900002,6.1850,BTC,2.1,143.0,87200,178.0,P-BTC-87200-111225,2025-12-10 22:36:41,111682,2025-12-09T22:34:10.930506855Z,4.61099848,58097.0,200,0.58982755,58.09700000000002,6185,1,-95.8042,570557.5910,BTC  Put,0.1,221.32336895,0.60726136,3624,6,6,3,3,0.5606477,9719,,0.5895357,-0.00651060,0.00000863,-0.00925316,92287.5,-34.68026065,0.65950172
0.100000000000000000,0.001000000000000000,[],put_options,92301.2,-97.7228,3.0,6281339.576400001,operational,12.4840,USD,281666.0300,BTC,6281339.576400001,12.4840,BTC,3.0,111.0,86800,142.0,P-BTC-86800-111225,2025-12-10 22:36:41,111685,2025-12-09T22:34:10.930506855Z,2.70128611,67736.0,200,0.59580876,67.736,12484,1,-97.2973,1152279.4420,BTC  Put,0.1,188.53094801,0.62182099,3530,4,4,1,1,0.54069221,9767,,0.59643213,-0.00378013,0.00000528,-0.00537111,92301.1,-21.52532770,0.40638498
0.100000000000000000,0.001000000000000000,[],put_options,92301.2,-98.2171,2.0,2592777.1992999995,operational,7.4630,USD,206635.0700,BTC,2592777.1992999995,7.4630,BTC,1.0,95.0,86400,118.0,P-BTC-86400-111225,2025-12-10 22:36:41,111688,2025-12-09T22:34:10.930506855Z,1.82146005,28062.0,200,0.61107439,28.061999999999998,7463,1,-97.8947,689122.9718,BTC  Put,0.1,186.46297595,0.64178631,3526,3,3,0.4,0.1,0.53373098,1550,,0.61139368,-0.00259131,0.00000367,-0.00368156,92289,-15.70535401,0.28925307
0.100000000000000000,0.001000000000000000,[],put_options,92301.2,-98.6468,2.0,13466836.321400005,operational,15.5960,USD,-17904.0700,BTC,13466836.321400005,15.5960,BTC,0.4,74.0,86000,107.0,P-BTC-86000-111225,2025-12-10 22:36:41,111690,2025-12-09T22:34:10.930506855Z,1.16708198,145317.0,200,0.62323565,145.317,15596,1,-97.2973,1437690.7468,BTC  Put,0.1,185.79819145,0.6545487,3240,2,2,0.5,0.1,0.57843149,2000,,0.62355148,-0.00189240,0.00000267,-0.00268874,92287.7,-12.20352843,0.21755282
0.100000000000000000,0.001000000000000000,[],put_options,92301.2,-98.2434,2.0,42736330.68680002,operational,142.9630,USD,8397006.9500,BTC,42736330.68680002,142.9630,BTC,0.6,69.0,85600,87.0,P-BTC-85600-111225,2025-12-10 22:36:41,111699,2025-12-09T22:34:10.930506855Z,1.2715402,461060.0,200,0.66579245,461.0600000000002,142963,1,-97.1014,13189909.3430,BTC  Put,0.1,185.92515009,0.69488823,3239,2,2,0.7,0.1,0.63197136,2000,,0.66601644,-0.00190842,0.00000251,-0.00271311,92301.9,-13.15540428,0.21925202
0.100000000000000000,0.001000000000000000,[],call_options,92301.2,-96.0255,2.2,45665929.35250001,operational,124.5260,USD,2045401.1100,BTC,45665929.35250001,124.5260,BTC,2.2,89.0,98400,89.0,C-BTC-98400-111225,2025-12-10 22:36:41,111884,2025-12-09T22:34:10.930506855Z,2.75476607,493203.0,200,0.61497947,493.20299999999895,124526,1,-97.5281,11484597.1390,BTC  Call,0.1,190.90021431,0.62093198,3240,3,3,2.2,1,0.60143664,1959,,0.61557047,0.00384399,0.00000518,0.00538341,92296.3,-22.61591627,0.41252967
0.100000000000000000,0.001000000000000000,[],call_options,92301.2,-95.6126,5.0,8306218.779499998,operational,40.3400,USD,1433525.0400,BTC,8306218.779499998,40.3400,BTC,3.0,94.0,98000,94.0,C-BTC-98000-111225,2025-12-10 22:36:41,111859,2025-12-09T22:34:10.930506855Z,3.80402298,89867.0,200,0.60049325,89.86700000000005,40340,1,-94.6809,3722429.9760,BTC  Call,0.1,209.55944799,0.62060848,3240,5,5,3,3,0.58634013,12179,,0.60008001,0.00575970,0.00000751,0.00806422,92288.7,-32.08008627,0.59165909
0.100000000000000000,0.001000000000000000,[],call_options,92301.2,-94.1153,8.0,4646291.978500001,operational,10.7180,USD,58234.3600,BTC,4646291.978500001,10.7180,BTC,5.0,113.0,97600,113.0,C-BTC-97600-111225,2025-12-10 22:36:41,111839,2025-12-09T22:34:10.930506855Z,6.3488308,50271.0,200,0.59898828,50.27100000000003,10718,1,-92.9204,989656.1762,BTC  Call,0.1,252.37380165,0.60765199,6479,7,7,5,5,0.5833862,9883,,0.59902006,0.00843964,0.00001068,0.01181392,92287.5,-44.29290685,0.82894972
0.100000000000000000,0.001000000000000000,[],call_options,92301.2,-92.4553,8.0,9085466.670099996,operational,17.5440,USD,260347.2700,BTC,9085466.670099996,17.5440,BTC,7.0,128.0,97200,144.0,C-BTC-97200-111225,2025-12-10 22:36:41,111821,2025-12-09T22:34:10.930506855Z,10.11276964,98208.0,200,0.59526851,98.20800000000001,17544,1,-93.7500,1618577.8608,BTC  Call,0.1,294.5295093,0.60217343,6478,11,11,9,9,0.58603272,9993,,0.5955842,0.01341822,0.00001604,0.01877718,92301.1,-66.13424955,1.24147675
0.100000000000000000,0.001000000000000000,[],call_options,92301.2,-91.1911,15.0,27197008.257699996,operational,27.5580,USD,-7298398.7000,BTC,27197008.257699996,27.5580,BTC,10.0,158.0,96800,174.0,C-BTC-96800-111225,2025-12-10 22:36:41,111795,2025-12-09T22:34:10.930506855Z,14.92974567,294720.0,200,0.58612052,294.7199999999998,27558,1,-90.5063,2540803.5072,BTC  Call,0.1,332.14913082,0.59362128,7046,16,16,13,13,0.57563141,9719,,0.58612836,0.01897776,0.00002194,0.02655033,92289,-87.58736179,1.67088935
0.100000000000000000,0.001000000000000000,[],call_options,92301.2,-91.3500,16.0,5140999.142099999,operational,18.6550,USD,464951.9800,BTC,5140999.142099999,18.6550,BTC,14.0,143.0,96400,236.0,C-BTC-96400-111225,2025-12-10 22:36:41,111775,2025-12-09T22:34:10.930506855Z,18.5288066,55555.0,200,0.56125612,55.55500000000001,18655,1,-88.8112,1721026.3525,BTC  Call,0.1,351.40438061,0.56843549,6478,20,20,17,17,0.55391464,10186,,0.56122999,0.02442656,0.00002830,0.03417881,92298.9,-104.05687413,2.06837454
0.100000000000000000,0.001000000000000000,[],call_options,92301.2,-91.4133,25.0,12648451.82,operational,16.9190,USD,445663.5800,BTC,12648451.82,16.9190,BTC,15.0,252.0,96000,300.0,C-BTC-96000-111225,2025-12-10 22:36:41,111765,2025-12-09T22:34:10.930506855Z,23.12710477,136693.0,200,0.53548143,136.6930000000001,16919,1,-90.0794,1560459.6728,BTC  Call,0.1,358.50591948,0.54329928,6478,25,25,21,21,0.52735578,9739,,0.535182,0.03083990,0.00003602,0.04315695,92296.4,-120.56633812,2.51209383
0.100000000000000000,0.001000000000000000,[],call_options,92301.2,-91.2847,20.0,6968545.702699998,operational,9.9730,USD,324857.2800,BTC,6968545.702699998,9.9730,BTC,20.0,366.0,95600,410.4,C-BTC-95600-111225,2025-12-10 22:36:41,111671,2025-12-09T22:34:10.930506855Z,29.30037769,75350.0,200,0.5094894,75.35000000000008,9973,1,-94.5355,919905.5308,BTC  Call,0.1,386.38607766,0.5134337,6479,30,30,26,26,0.50013043,9968,,0.50948905,0.03842448,0.00004560,0.05377787,92287.7,-136.70516674,3.00928046
0.100000000000000000,0.001000000000000000,[],call_options,92301.2,-90.7702,26.0,2480471.325599999,operational,4.8980,USD,167412.2500,BTC,2480471.325599999,4.8980,BTC,26.0,398.0,95200,515.0,C-BTC-95200-111225,2025-12-10 22:36:41,111667,2025-12-09T22:34:10.930506855Z,38.34389174,26829.0,200,0.48486024,26.829,4898,1,-93.4673,451958.5418,BTC  Call,0.1,405.46861605,0.4891053,6810,40,40,36,36,0.47869857,9717,,0.48480403,0.05209495,0.00006101,0.07291471,92301.1,-166.79208172,3.84531856
0.100000000000000000,0.001000000000000000,[],call_options,92301.2,-90.3656,56.0,10894166.3667,operational,29.4410,USD,783256.7400,BTC,10894166.3667,29.4410,BTC,30.0,478.0,95000,585.0,C-BTC-95000-111225,2025-12-10 22:36:41,111879,2025-12-09T22:34:10.930506855Z,44.22890636,117818.0,200,0.472713,117.8180000000001,29441,1,-88.2845,2720787.0709,BTC  Call,0.1,420.30229817,0.47515329,6479,45,45,41,41,0.46576371,11487,,0.47287838,0.05933964,0.00006955,0.08305991,92296.3,-179.68944947,4.26143963
0.100000000000000000,0.001000000000000000,[],call_options,92301.2,-89.8181,48.0,2300930.9524000003,operational,13.7710,USD,745233.6800,BTC,2300930.9524000003,13.7710,BTC,48.0,520.0,94800,654.0,C-BTC-94800-111225,2025-12-10 22:36:41,111666,2025-12-09T22:34:10.930506855Z,51.05487168,24896.0,200,0.46017424,24.895999999999994,13771,1,-90.7692,1270695.6143,BTC  Call,0.1,442.4518173,0.46416081,6478,53,53,48,48,0.45378016,10849,,0.46112149,0.06949798,0.00008061,0.09727584,92301.1,-198.22893877,4.81839156
0.100000000000000000,0.001000000000000000,[],call_options,92301.2,-89.2370,52.0,1886418.1993,operational,4.2790,USD,164551.2900,BTC,1886418.1993,4.2790,BTC,40.0,532.0,94600,745.0,C-BTC-94600-111225,2025-12-10 22:36:41,111851,2025-12-09T22:34:10.930506855Z,59.32965676,20321.0,200,0.44786397,20.320999999999998,4279,1,-90.2256,394662.4396,BTC  Call,0.1,464.59063805,0.45076394,6478,61,61,56,56,0.44149464,9969,,0.44884389,0.08060764,0.00009286,0.11282830,92302.1,-215.75571543,5.39555721
0.100000000000000000,0.001000000000000000,[],call_options,92301.2,-88.6511,65.0,1892195.8857999998,operational,2.1820,USD,62110.5000,BTC,1892195.8857999998,2.1820,BTC,60.0,653.0,94400,852.0,C-BTC-94400-111225,2025-12-10 22:36:41,111665,2025-12-09T22:34:10.930506855Z,69.34083066,20410.0,200,0.43566676,20.409999999999993,2182,1,-90.0459,201111.6670,BTC  Call,0.1,472.46248197,0.43835144,6550,71,71,66,66,0.43009549,9717,,0.43577228,0.09411653,0.00010712,0.13173544,92301.2,-235.74422477,6.05736390
0.100000000000000000,0.001000000000000000,[],call_options,92301.2,-87.7583,85.0,1813477.5293,operational,6.7770,USD,481102.5600,BTC,1813477.5293,6.7770,BTC,80.0,764.0,94200,949.0,C-BTC-94200-111225,2025-12-10 22:36:41,111825,2025-12-09T22:34:10.930506855Z,82.17897388,19564.0,200,0.42460364,19.563999999999993,6777,1,-88.8743,624817.7136,BTC  Call,0.1,497.3538955,0.42799743,6601,83,83,76,76,0.41760214,9719,,0.42470487,0.10889243,0.00012235,0.15239711,92287.5,-255.23828774,6.73548526
0.100000000000000000,0.001000000000000000,[],call_options,92301.2,-86.5965,80.0,15804135.904100008,operational,23.3060,USD,332886.4200,BTC,15804135.904100008,23.3060,BTC,62.0,876.0,94000,1044.2,C-BTC-94000-111225,2025-12-10 22:36:41,111645,2025-12-09T22:34:10.930506855Z,98.63076339,170665.0,200,0.41470581,170.66500000000025,23306,1,-90.8676,2148428.6510,BTC  Call,0.1,553.8809105,0.41763302,6478,101,101,94,94,0.40852096,11387,,0.41472859,0.13121778,0.00014282,0.18363714,92301.9,-284.46013411,7.68328719
0.100000000000000000,0.001000000000000000,[],call_options,92301.2,-85.2466,109.0,979061.9542,operational,2.7600,USD,6460.2300,BTC,979061.9542,2.7600,BTC,109.0,782.0,93800,1196.0,C-BTC-93800-111225,2025-12-10 22:36:41,111810,2025-12-09T22:34:10.930506855Z,119.17192153,10550.0,200,0.40548693,10.54999999999999,2760,1,-86.0614,254625.4560,BTC  Call,0.1,659.74166981,0.40890496,6479,120,120,112,112,0.39954769,9955,,0.4054945,0.15371401,0.00016247,0.21506807,92287.5,-309.77182847,8.55056633
0.100000000000000000,0.001000000000000000,[],call_options,92301.2,-83.5895,105.0,2694838.0412,operational,2.9520,USD,115084.3800,BTC,2694838.0412,2.9520,BTC,105.0,778.0,93600,1322.0,C-BTC-93600-111225,2025-12-10 22:36:41,111644,2025-12-09T22:34:10.930506855Z,144.90357807,29042.0,200,0.39710124,29.041999999999987,2952,1,-86.5039,272452.7736,BTC  Call,0.1,796.44586816,0.40031287,6478,148,148,140,140,0.39202181,9990,,0.39712508,0.18553616,0.00018705,0.25954795,92301.1,-342.63707423,9.64958488
0.100000000000000000,0.001000000000000000,[],call_options,92301.2,-81.5550,150.0,1434243.5150000001,operational,3.0790,USD,130588.9400,BTC,1434243.5150000001,3.0790,BTC,150.0,819.0,93400,1422.0,C-BTC-93400-111225,2025-12-10 22:36:41,111794,2025-12-09T22:34:10.930506855Z,178.41290944,15490.0,200,0.39092746,15.489999999999995,3079,1,-81.6850,283964.7777,BTC  Call,0.1,935.71576018,0.39395647,6479,179,179,169,169,0.38454886,9871,,0.39098305,0.21809122,0.00020975,0.30500210,92289,-370.84141406,10.63029614
0.100000000000000000,0.001000000000000000,[],call_options,92301.2,-79.0791,192.0,1583828.6664,operational,2.6690,USD,101148.7400,BTC,1583828.6664,2.6690,BTC,182.0,905.0,93200,1604.0,C-BTC-93200-111225,2025-12-10 22:36:41,111643,2025-12-09T22:34:10.930506855Z,220.71664298,17110.0,200,0.38636576,17.10999999999998,2669,1,-78.7845,246078.5972,BTC  Call,0.1,1091.87850414,0.38999661,6478,225,225,214,214,0.38064371,9875,,0.38641203,0.26245178,0.00023440,0.36690425,92301.1,-406.18422791,11.76143710
0.100000000000000000,0.001000000000000000,[],call_options,92301.2,-76.0591,260.0,10857947.551100003,operational,7.2350,USD,-300492.9800,BTC,10857947.551100003,7.2350,BTC,200.0,1172.0,93000,1746.0,C-BTC-93000-111225,2025-12-10 22:36:41,111786,2025-12-09T22:34:10.930506855Z,274.7491244,117308.0,200,0.38454476,117.30800000000019,7235,1,-77.8157,667598.0490,BTC  Call,0.1,1268.32488462,0.38877385,6479,276,276,262,262,0.37772139,9851,,0.38457654,0.30656082,0.00025387,0.42834816,92287.7,-435.07591592,12.66724112
0.100000000000000000,0.001000000000000000,[],call_options,92301.2,-72.6193,315.0,4154088.2695999993,operational,5.5550,USD,87951.4200,BTC,4154088.2695999993,5.5550,BTC,237.0,1344.0,92800,1888.0,C-BTC-92800-111225,2025-12-10 22:36:41,111604,2025-12-09T22:34:10.930506855Z,341.36947749,44838.0,200,0.3848651,44.83800000000001,5555,1,-76.5625,512443.1950,BTC  Call,0.1,1420.83243407,0.38889653,6479,342,342,326,326,0.37702737,10066,,0.38493298,0.35859044,0.00027037,0.50076225,92287.7,-462.65221859,13.48060076
0.100000000000000000,0.001000000000000000,[],call_options,92301.2,-68.8015,468.0,6074347.969999997,operational,2.4390,USD,-83429.2600,BTC,6074347.969999997,2.4390,BTC,330.0,1519.0,92600,2082.0,C-BTC-92600-111225,2025-12-10 22:36:41,111605,2025-12-09T22:34:10.930506855Z,421.00760692,65633.0,200,0.38678933,65.63300000000004,2439,1,-69.1903,224950.4334,BTC  Call,0.1,1619.92846725,0.39189,6518,428,428,409,409,0.37840482,9717,,0.38687011,0.41782174,0.00028093,0.58307562,92300.7,-486.34197389,14.08970883
0.100000000000000000,0.001000000000000000,[],call_options,92301.2,-64.5744,455.0,6379362.261400001,operational,3.8260,USD,-252133.5500,BTC,6379362.261400001,3.8260,BTC,364.0,1494.0,92400,2262.0,C-BTC-92400-111225,2025-12-10 22:36:41,111606,2025-12-09T22:34:10.930506855Z,515.75264555,69049.0,200,0.39141367,69.04900000000008,3826,1,-69.5448,352889.1970,BTC  Call,0.1,1859.47862932,0.3961596,6478,523,523,506,506,0.38432831,10042,,0.3914586,0.47533915,0.00028275,0.66273779,92302.1,-502.55045868,14.36863652
0.100000000000000000,0.001000000000000000,[],call_options,92301.2,-60.3775,628.0,5126585.973700002,operational,2.9590,USD,-278620.4900,BTC,5126585.973700002,2.9590,BTC,507.0,1361.0,92200,2381.5,C-BTC-92200-111225,2025-12-10 22:36:41,111607,2025-12-09T22:34:10.930506855Z,622.1957921,55556.0,200,0.39631745,55.55600000000004,2959,1,-53.8575,273111.8533,BTC  Call,0.1,2018.57515614,0.40249113,6479,628,628,611,611,0.39064924,9874,,0.39626603,0.52964753,0.00027802,0.73774127,92295.3,-510.20811869,14.35576782
0.100000000000000000,0.001000000000000000,[],call_options,92301.2,-56.1658,650.0,8171972.611800006,operational,5.2710,USD,-248165.1200,BTC,8171972.611800006,5.2710,BTC,583.0,1781.0,92000,2615.0,C-BTC-92000-111225,2025-12-10 22:36:41,111608,2025-12-09T22:34:10.930506855Z,740.25552656,88600.0,200,0.40164149,88.60000000000018,5271,1,-63.5036,486479.5656,BTC  Call,0.1,2225.7136243,0.40586709,6638,739,739,722,722,0.39379831,9719,,0.4016961,0.58247948,0.00027059,0.81055317,92288.7,-504.72214931,14.08605626
0.100000000000000000,0.001000000000000000,[],call_options,92301.2,-52.0191,820.0,6958100.1428,operational,4.1520,USD,168150.5600,BTC,6958100.1428,4.1520,BTC,775.0,1480.0,91800,2760.0,C-BTC-91800-111225,2025-12-10 22:36:41,111609,2025-12-09T22:34:10.930506855Z,869.23462418,75558.0,200,0.40732085,75.55800000000005,4152,1,-44.5946,382973.8368,BTC  Call,0.1,2463.89571298,0.41590937,6849,873,873,847,847,0.39675785,9719,,0.40726013,0.63387743,0.00025662,0.88108211,92288.7,-494.38511937,13.57645946
0.100000000000000000,0.001000000000000000,[],call_options,92301.2,-48.0892,941.0,1088187.0720000004,operational,1.1080,USD,-6367.9400,BTC,1088187.0720000004,1.1080,BTC,926.0,1840.0,91600,2241.0,C-BTC-91600-111225,2025-12-10 22:36:41,111610,2025-12-09T22:34:10.930506855Z,1007.43446483,11796.0,200,0.41280924,11.795999999999992,1108,1,-48.8587,102165.9100,BTC  Call,0.1,2623.72094377,0.42211293,6575,1011,1011,981,981,0.39878364,9719,,0.41289232,0.68251800,0.00024064,0.94762178,92288.7,-473.08864692,12.86065853
0.100000000000000000,0.001000000000000000,[],call_options,92301.2,-44.3787,1300.0,432946.5551,operational,0.3630,USD,-3968.4300,BTC,432946.5551,0.3630,BTC,1206.0,1731.0,91400,2700.0,C-BTC-91400-111225,2025-12-10 22:36:41,111611,2025-12-09T22:34:10.930506855Z,1153.38031794,4689.0,200,0.41736976,4.6889999999999965,363,1,-24.8989,33445.2228,BTC  Call,0.1,2836.25377855,0.42924706,6512,1158,1158,1128,1128,0.40427216,9719,,0.41723848,0.72616029,0.00022140,1.00691012,92287.7,-448.79274699,12.01434024
0.100000000000000000,0.001000000000000000,[],call_options,92301.2,-40.8996,1164.0,323210.62549999997,operational,0.3280,USD,-1661.2000,BTC,323210.62549999997,0.3280,BTC,1164.0,1760.0,91200,2253.0,C-BTC-91200-111225,2025-12-10 22:36:41,111612,2025-12-09T22:34:10.930506855Z,1307.98008357,3501.0,200,0.42243259,3.501,328,1,-33.8636,30272.0056,BTC  Call,0.1,3011.24557232,0.43657962,6478,1322,1322,1289,1289,0.40654106,9742,,0.42239717,0.76874237,0.00020015,1.06460551,92298.9,-415.36956985,10.99078291
0.100000000000000000,0.001000000000000000,[],call_options,92301.2,-37.6258,1576.0,857157.5709999998,operational,0.7850,USD,-50574.3700,BTC,857157.5709999998,0.7850,BTC,1269.0,2206.0,91000,3557.0,C-BTC-91000-111225,2025-12-10 22:36:41,111613,2025-12-09T22:34:10.930506855Z,1469.93452725,9281.0,200,0.42771521,9.280999999999995,785,1,-28.5585,72434.5405,BTC  Call,0.1,3204.9342218,0.44322961,6525,1476,1476,1442,1442,0.40925023,9719,,0.42772084,0.80285933,0.00018036,1.11031682,92289,-382.74250634,10.01438053
0.100000000000000000,0.001000000000000000,[],call_options,92301.2,-34.5983,3273.3,18165.458300000002,operational,0.0170,USD,-92.2900,BTC,18165.458300000002,0.0170,BTC,1601.6,2655.0,90800,3273.3,C-BTC-90800-111225,2025-12-10 22:36:41,111679,2025-12-09T22:34:10.930506855Z,1638.26447797,197.0,200,0.43316154,0.197,17,1,23.2881,1568.4897,BTC  Call,0.1,3395.71702221,0.44955894,6478,1654,1654,1621,1621,0.41240462,9718,,0.43316365,0.83678908,0.00015835,1.15552570,92302.1,-343.86599106,8.89465569
0.100000000000000000,0.001000000000000000,[],call_options,92301.2,-31.7555,1807.0,28470.4285,operational,0.0110,USD,0.0000,BTC,28470.4285,0.0110,BTC,1807.0,2337.0,90600,2976.0,C-BTC-90600-111225,2025-12-10 22:36:41,111681,2025-12-09T22:34:10.930506855Z,1812.77277132,309.0,200,0.43951392,0.30900000000000005,11,1,-22.6786,1014.7291,BTC  Call,0.1,3591.36583172,0.46257243,6479,1820,1820,1782,1782,0.4150003,9719,,0.43943476,0.86048565,0.00014002,1.18633993,92287.5,-315.58886617,8.01196980
0.100000000000000000,0.001000000000000000,[],call_options,92301.2,-29.1186,1832.0,5632.668100000001,operational,0.0660,USD,-2584.0900,BTC,5632.668100000001,0.0660,BTC,1832.0,2390.0,90400,3327.5,C-BTC-90400-111225,2025-12-10 22:36:41,111640,2025-12-09T22:34:10.930506855Z,1991.63555396,61.0,200,0.44599604,0.061000000000000006,66,1,-23.3473,6079.5306,BTC  Call,108.21235375,3783.06064557,0.4703464,6484,2010,2010,1970,1970,0.4120815,9717,,0.44631146,0.88721292,0.00011985,1.22129916,92301.9,-274.02821606,6.90815494
0.100000000000000000,0.001000000000000000,[],call_options,92301.2,-26.6933,2001.0,11345.7374,operational,0.0020,USD,-1661.2000,BTC,11345.7374,0.0020,BTC,2001.0,2574.0,90200,3600.0,C-BTC-90200-111225,2025-12-10 22:36:41,111687,2025-12-09T22:34:10.930506855Z,2174.87537833,123.0,200,0.45338631,0.12300000000000003,2,1,-22.2611,184.5030,BTC  Call,288.2639597,3972.73434068,0.47447674,6479,2184,2184,2142,2142,0.4017392,9719,,0.45439596,0.91015325,0.00010196,1.25099400,92296.3,-231.19477911,5.85244995
0.100000000000000000,0.001000000000000000,[],call_options,92301.2,-24.4262,2669.0,587388.9391999999,operational,0.2660,USD,18273.2200,BTC,587388.9391999999,0.2660,BTC,2300.0,2767.0,90000,4497.5,C-BTC-90000-111225,2025-12-10 22:36:41,111641,2025-12-09T22:34:10.930506855Z,2363.10414919,6363.0,200,0.46449626,6.362999999999997,266,1,-3.5417,24520.5716,BTC  Call,471.29941105,4164.73977123,0.4990325,6479,2371,2371,2327,2327,0.41593578,9742,,0.46466008,0.91941962,0.00008983,1.26112927,92287.7,-222.90268794,5.39356133
0.100000000000000000,0.001000000000000000,[],call_options,92301.2,-22.3958,3161.0,92.7598,operational,0.0010,USD,92.2900,BTC,92.7598,0.0010,BTC,3161.0,3161.0,89800,3161.0,C-BTC-89800-111225,2025-12-10 22:36:41,111693,2025-12-09T22:34:10.930506855Z,2553.55963828,1.0,200,0.47591212,0.001,1,1,0.0000,92.1835,BTC  Call,703.52831744,4404.46277768,0.51720526,6478,2575,2575,2533,2533,0.42754833,9717,,0.47544893,0.93087552,0.00007725,1.27424155,92301.1,-205.14278274,4.79843141
0.100000000000000000,0.001000000000000000,[],call_options,92301.2,-20.5427,4056.0,27830.0663,operational,0.0050,USD,184.5800,BTC,27830.0663,0.0050,BTC,2805.0,3118.9,89600,4381.5,C-BTC-89600-111225,2025-12-10 22:36:41,111642,2025-12-09T22:34:10.930506855Z,2745.97652145,302.0,200,0.48838686,0.30200000000000005,5,1,30.0458,460.6690,BTC  Call,853.95227528,4550.76294212,0.52236136,6480,2757,2757,2709,2709,0.38548909,9719,,0.49031337,0.94854462,0.00006254,1.29644423,92296.3,-159.56113486,3.80766899
0.100000000000000000,0.001000000000000000,[],call_options,92301.2,-18.8285,3308.4,9671.4466,operational,0.0510,USD,-369.1600,BTC,9671.4466,0.0510,BTC,2563.0,3149.0,89400,3988.0,C-BTC-89400-111225,2025-12-10 22:36:41,111696,2025-12-09T22:34:10.930506855Z,2940.16514663,105.0,200,0.50232236,0.10500000000000001,51,1,5.0619,4703.9544,BTC  Call,1046.0396448,4742.07435416,0.55566976,6480,2963,2963,2912,2912,0.40075708,9717,,0.50777775,0.95140261,0.00005640,1.29733946,92301.1,-161.52477659,3.63813118
0.100000000000000000,0.001000000000000000,[],call_options,92301.2,-17.3540,3399.0,553.7167,operational,0.0190,USD,0.0000,BTC,553.7167,0.0190,BTC,3055.0,3249.0,89200,3399.0,C-BTC-89200-111225,2025-12-10 22:36:41,111662,2025-12-09T22:34:10.930506855Z,3136.82342582,6.0,200,0.52088301,0.006,19,1,4.6168,1755.1478,BTC  Call,1238.18860973,4935.21045061,0.58106706,6480,3161,3161,3112,3112,0.42395957,9717,,0.5211101,0.95462377,0.00005086,1.29881671,92301.2,-160.46323598,3.44341595
0.100000000000000000,0.001000000000000000,[],call_options,92301.2,-16.0397,5288.0,37620.4378,operational,0.0200,USD,-1292.0500,BTC,37620.4378,0.0200,BTC,2968.4,3556.0,89000,5288.0,C-BTC-89000-111225,2025-12-10 22:36:41,111700,2025-12-09T22:34:10.930506855Z,3331.73093838,408.0,200,0.53241208,0.40800000000000003,20,1,48.7064,1843.3820,BTC  Call,1444.75356411,5158.13869649,0.6017785,6479,3355,3355,3301,3301,0.36287427,9720,,0.53316699,0.96209751,0.00004334,1.30648097,92298.9,-140.65948841,2.97619743
0.100000000000000000,0.001000000000000000,[],call_options,92301.2,-14.8107,3670.0,5164.0957,operational,0.0100,USD,0.0000,BTC,5164.0957,0.0100,BTC,3273.0,3832.0,88800,3923.0,C-BTC-88800-111225,2025-12-10 22:36:41,111663,2025-12-09T22:34:10.930506855Z,3530.64138903,56.0,200,0.55574767,0.056,10,1,-4.2276,922.3640,BTC  Call,1631.84337066,5321.08241246,0.63693963,6479,3547,3547,3491,3491,0.40180013,9720,,0.55519248,0.96168276,0.00004118,1.30283872,92287.7,-150.67291757,3.00240044
0.100000000000000000,0.001000000000000000,[],call_options,92301.2,-12.8162,5226.0,277.9424,operational,0.0010,USD,92.2900,BTC,277.9424,0.0010,BTC,3741.0,4117.0,88400,5226.0,C-BTC-88400-111225,2025-12-10 22:36:41,111664,2025-12-09T22:34:10.930506855Z,3925.22724824,3.0,200,0.58742942,0.003,1,1,26.9371,92.2919,BTC  Call,2067.99020186,5758.41116314,0.69470733,6478,3954,3954,3893,3893,0.000005,9718,,0.58702718,0.96721597,0.00003366,1.30454655,92295.3,-142.74666672,2.64218710
0.100000000000000000,0.001000000000000000,[],call_options,92301.2,-11.2208,4069.0,31977.856499999998,operational,0.1210,USD,0.0000,BTC,31977.856499999998,0.1210,BTC,3898.0,4675.0,88000,5126.0,C-BTC-88000-111225,2025-12-10 22:36:41,111670,2025-12-09T22:34:10.930506855Z,4320.01371746,347.0,200,0.61320336,0.34700000000000003,121,1,-12.9626,11154.2519,BTC  Call,2425.01433881,6113.68095539,0.73296592,6479,4348,4348,4283,4283,0.000005,9730,,0.61223138,0.97711177,0.00002449,1.31253181,92296.4,-107.76920457,1.95821239
0.100000000000000000,0.001000000000000000,[],call_options,92301.2,-9.9734,5230.0,184.744,operational,0.0000,USD,-92.2900,BTC,184.744,0.0000,BTC,4527.0,4527.0,87600,5230.0,C-BTC-87600-111225,2025-12-10 22:36:41,111672,2025-12-09T22:34:10.930506855Z,4714.24185656,2.0,200,0.62781078,0.002,0,1,15.5290,0.0000,BTC  Call,2812.67101262,6502.86117572,0.76851549,6478,4746,4746,4677,4677,0.000005,9717,,0.63008567,0.98665369,0.00001564,1.31995802,92301.2,-67.18702120,1.23574342
0.100000000000000000,0.001000000000000000,[],call_options,92301.2,-8.0200,5740.0,14309.851999999999,operational,0.0050,USD,461.4400,BTC,14309.851999999999,0.0050,BTC,5127.0,5602.0,86800,5740.0,C-BTC-86800-111225,2025-12-10 22:36:41,111684,2025-12-09T22:34:10.930506855Z,5509.67331991,155.0,200,0.68153522,0.15500000000000003,5,1,2.4634,461.3035,BTC  Call,3612.55282648,7303.67463626,0.88248439,6479,5548,5548,5472,5472,0.000005,9717,,0.68210519,0.99016886,0.00001074,1.31272143,92301.8,-57.55524085,0.94757780
0.100000000000000000,0.001000000000000000,[],call_options,92301.2,-7.2987,5632.0,5336.307400000001,operational,0.0500,USD,0.0000,BTC,5336.307400000001,0.0500,BTC,5632.0,5761.0,86400,5823.0,C-BTC-86400-111225,2025-12-10 22:36:41,111689,2025-12-09T22:34:10.930506855Z,5905.73923816,58.0,200,0.67283774,0.05800000000000001,50,1,-2.2392,4605.4750,BTC  Call,4031.73591464,7723.20791464,0.94042212,6483,5949,5949,5869,5869,0.000005,9717,,0.68761413,0.99162893,0.00000890,1.30868269,92301.8,-52.42207941,0.82313638
0.100000000000000000,0.001000000000000000,[],call_options,92301.2,-6.6359,6894.0,6630.450199999999,operational,0.0570,USD,0.0000,BTC,6630.450199999999,0.0570,BTC,5943.0,6166.0,86000,7036.0,C-BTC-86000-111225,2025-12-10 22:36:41,111691,2025-12-09T22:34:10.930506855Z,6307.81001346,72.0,200,0.74796395,0.07200000000000001,57,1,11.8067,5257.6629,BTC  Call,4440.93613913,8130.83626189,1.00303113,6483,6350,6350,6266,6266,0.000005,9717,,0.74813385,0.99181188,0.00000818,1.30284950,92300.5,-54.84702678,0.80731264
0.100000000000000000,0.001000000000000000,[],call_options,92301.2,-6.0794,8080.0,32119.408,operational,0.0180,USD,1107.4700,BTC,32119.408,0.0180,BTC,6087.0,7025.0,85600,8781.0,C-BTC-85600-111225,2025-12-10 22:36:41,111694,2025-12-09T22:34:10.930506855Z,6707.80359999,347.0,200,0.79135168,0.3470000000000001,18,1,15.0178,1661.3550,BTC  Call,4811.98979421,8500.11310929,1.0552498,6480,6750,6750,6666,6666,0.000005,9717,,0.79443069,0.99272386,0.00000704,1.29800430,92301.1,-51.78223452,0.72761773
0.100000000000000000,0.001000000000000000,[],call_options,92301.2,-8.9356,,,operational,0.0000,USD,0.0000,BTC,,0.0000,BTC,,,87200,,C-BTC-87200-111225,2025-12-10 22:36:41,111683,,5111.81459293,,200,0.65513585,,0,1,,0.0000,BTC  Call,3210.91229123,6900.88918449,0.83038986,6479,5135,5135,5063,5063,0.000005,9719,,0.65534011,0.98636279,0.00001463,1.31349997,92287.5,-74.55247879,1.25881350
