call_mark,call_oi,call_volume,call_gamma,call_delta,call_vega,strike_price,put_gamma,put_delta,put_vega,put_volume,put_oi,put_mark,Expiry,timestamp_IST,max_pain
153.13565429,131,5.31,0.0010627,0.95215356,0.16999816,3160,0.00097864,-0.0408996,0.1498066,1493.3899999999999,114402,1.55214534,17-01-2026,18:12,1409
115.166767,1103,26.799999999999997,0.00193889,0.90491097,0.28876631,3200,0.00189616,-0.08856585,0.27396089,1328.5399999999995,38952,3.49981994,17-01-2026,18:12,615
97.02064839,450,16.799999999999997,0.0025557,0.86656373,0.3677366,3220,0.00253255,-0.12753659,0.35644799,228.7,13791,5.35750709,17-01-2026,18:12,305
79.82461415,229,24.599999999999998,0.00327124,0.81284373,0.45901476,3240,0.00327361,-0.18220305,0.45146822,465.0400000000001,33153,8.16705032,17-01-2026,18:12,21
63.77859663,2956,65.34,0.00400453,0.74531373,0.54793779,3260,0.00403882,-0.25308083,0.54607293,353.84000000000003,17801,12.21569469,17-01-2026,18:12,-218
49.4898571,5072,192.13999999999996,0.00464711,0.65881424,0.62640109,3280,0.00469901,-0.33930545,0.62509032,444.8999999999999,17196,17.77696485,17-01-2026,18:12,-393
37.21289177,41396,1004.6099999999994,0.00502977,0.56179116,0.67293662,3300,0.0051059,-0.43750903,0.6727497,1378.319999999999,51249,25.47192941,17-01-2026,18:12,-526
27.94583297,40932,1039.6799999999998,0.0049474,0.46170904,0.67799161,3320,0.00506372,-0.53983449,0.67771678,421.8199999999998,14823,36.1482546,17-01-2026,18:12,-445
20.69670139,23684,632.54,0.00455829,0.36885604,0.64396728,3340,0.00464002,-0.63344393,0.64264244,143.93,5000,48.8396707,17-01-2026,18:12,-216
15.1937976,31406,520.8199999999999,0.00402089,0.28869752,0.58318862,3360,0.00407095,-0.71500508,0.57963198,152.35000000000005,1607,63.42423775,17-01-2026,18:12,35
11.07883659,28905,536.4399999999999,0.00341121,0.22307668,0.50960092,3380,0.00342996,-0.78264055,0.50202591,27.97999999999999,117,79.30498646,17-01-2026,18:12,365
8.0778583,33032,706.9799999999998,0.00279841,0.16929774,0.43090359,3400,0.00279824,-0.83612702,0.42193754,44.27,385,96.30561637,17-01-2026,18:12,747
5.90802312,91190,978.2999999999997,0.00224948,0.12831696,0.3579296,3420,0.00222793,-0.87869281,0.34415277,5.779999999999999,44,114.05089839,17-01-2026,18:12,1187
4.0623413,37138,713.0799999999997,0.00176051,0.09295864,0.28398002,3440,0.00170781,-0.91489746,0.26591284,8.549999999999999,165,132.31076175,17-01-2026,18:12,1840
2.77189515,19237,209.56,0.00134896,0.06702503,0.22168106,3460,0.00125741,-0.94261801,0.1963821,20.780000000000005,287,150.95304385,17-01-2026,18:12,2528
1.8961091,29405,429.03000000000003,0.00101545,0.04773296,0.16967526,3480,0.00089329,-0.96234109,0.14007392,,30,170.08419599,17-01-2026,18:12,3242
0.96365046,103696,1126.04,0.00057448,0.025283,0.10073187,3520,0.00038656,-0.98616819,0.06029755,0.83,0,209.12661114,17-01-2026,18:12,4792
0.430067,221037,2401.67,0.0002859,0.01142785,0.05111126,3560,0.0,-1.0,0.0,0.47000000000000003,120,248.7,17-01-2026,18:12,6761
152.53139578,131,5.31,0.00104656,0.95369611,0.16531636,3160,0.00098095,-0.04094885,0.14970802,1524.4699999999996,114602,1.52935929,17-01-2026,18:17,1444
114.54438145,1103,26.839999999999996,0.00193037,0.90687977,0.28387537,3200,0.00188933,-0.08709518,0.27011382,1335.5999999999995,38972,3.46271212,17-01-2026,18:17,644
96.38501144,450,18.799999999999997,0.00255948,0.86755291,0.3652558,3220,0.0025457,-0.12725627,0.35528533,241.72000000000003,14599,5.32041849,17-01-2026,18:17,331
79.2048991,230,24.72,0.00328801,0.81290947,0.45815172,3240,0.00329608,-0.18227262,0.45079638,486.89000000000004,33156,8.13484821,17-01-2026,18:17,45
63.20166261,2956,68.44,0.00403366,0.74441592,0.54799457,3260,0.00406967,-0.25243811,0.54444508,354.01,17801,12.10850016,17-01-2026,18:17,-195
48.80605621,3411,193.26999999999995,0.0046843,0.65864266,0.62549766,3280,0.0047424,-0.3389276,0.62379116,449.7599999999999,17196,17.70451263,17-01-2026,18:17,-372
36.56098572,41458,1037.7899999999993,0.00507523,0.56102388,0.67202168,3300,0.00514852,-0.43816633,0.67181435,1410.4399999999991,51903,25.43119575,17-01-2026,18:17,-518
27.40531265,41093,1046.0699999999997,0.00498649,0.45981731,0.67655649,3320,0.00505369,-0.54111395,0.67638426,426.9599999999999,14950,36.2352963,17-01-2026,18:17,-445
20.21403214,24164,638.06,0.00460234,0.36673825,0.64170263,3340,0.00466464,-0.63570892,0.6402648,145.01999999999998,4950,49.05113065,17-01-2026,18:17,-220
14.81895118,31407,522.0,0.00403801,0.28619023,0.57982886,3360,0.00407967,-0.71693839,0.5767937,153.15000000000006,1607,63.59663699,17-01-2026,18:17,29
10.77137584,28918,540.9399999999999,0.00340472,0.22013513,0.50487658,3380,0.00342928,-0.78444557,0.49878434,27.97999999999999,117,79.58804828,17-01-2026,18:17,356
7.82297481,32941,717.0399999999998,0.00279062,0.16676726,0.42604409,3400,0.00279198,-0.83873436,0.41686802,44.27,385,96.62118202,17-01-2026,18:17,735
5.70702383,91190,979.0999999999998,0.00223712,0.12566234,0.35217702,3420,0.0022163,-0.88020727,0.34055944,5.779999999999999,44,114.47986195,17-01-2026,18:17,1172
3.90127693,37238,714.7799999999997,0.00174321,0.09069552,0.27838058,3440,0.00169206,-0.91668107,0.26128664,8.549999999999999,165,132.69649038,17-01-2026,18:17,1821
2.72979245,19237,215.95,0.00134058,0.06619448,0.21919543,3460,0.00123447,-0.94461928,0.19064807,20.890000000000004,287,151.42787015,17-01-2026,18:17,2506
1.83279182,30655,433.53000000000003,0.00100413,0.04682279,0.16680249,3480,0.00087576,-0.96356163,0.1361278,,30,170.56585184,17-01-2026,18:17,3219
0.95219004,103696,1131.04,0.00056962,0.02501997,0.09968436,3520,0.00017194,-0.99543889,0.02270574,0.83,0,209.61991063,17-01-2026,18:17,4770
0.38250384,221037,2409.28,0.00027956,0.01107695,0.04966352,3560,0.0,-1.0,0.0,0.47000000000000003,120,249.29,17-01-2026,18:17,6740
147.17321043,131,5.31,0.00114006,0.94933422,0.1769268,3160,0.00106841,-0.04455454,0.15961519,1526.4599999999996,114956,1.62667324,17-01-2026,18:23,1548
109.45204735,1116,27.199999999999996,0.0020965,0.89739968,0.30353034,3200,0.00207087,-0.09801136,0.29356158,1336.6099999999994,38893,3.86715605,17-01-2026,18:23,728
91.44567682,488,18.799999999999997,0.00276144,0.85460582,0.38760306,3220,0.00275568,-0.14094458,0.37955214,249.8,14999,5.88327514,17-01-2026,18:23,404
74.56850425,230,24.729999999999997,0.00351227,0.7959395,0.48097431,3240,0.00352769,-0.19986111,0.47503337,501.9200000000001,34856,8.95833867,17-01-2026,18:23,110
58.87059602,2956,68.44,0.00425934,0.72250381,0.56892428,3260,0.00430237,-0.27512298,0.56651827,363.03999999999996,18544,13.26521602,17-01-2026,18:23,-140
44.92671596,3407,209.87999999999997,0.00488285,0.63256198,0.63945474,3280,0.0049379,-0.3653212,0.63823753,451.4299999999999,17066,19.27400869,17-01-2026,18:23,-324
33.17319008,41516,1061.6299999999992,0.00520882,0.53119122,0.67511826,3300,0.00526643,-0.46776991,0.67499235,1438.869999999999,53729,27.52767292,17-01-2026,18:23,-478
24.7293235,41424,1052.1699999999998,0.00497349,0.43018662,0.66679749,3320,0.0050619,-0.57125883,0.66636139,428.2299999999999,14926,38.8953836,17-01-2026,18:23,-434
17.96618945,24090,637.96,0.00452556,0.33871981,0.6210767,3340,0.00458102,-0.66415248,0.6190182,145.51999999999998,4950,52.25667751,17-01-2026,18:23,-222
13.06747572,31180,520.7699999999999,0.00390014,0.26163677,0.5523897,3360,0.00393422,-0.74167297,0.54877488,152.49000000000007,1613,67.34037712,17-01-2026,18:23,20
9.4520845,28909,541.0699999999999,0.00323815,0.19913942,0.474003,3380,0.00325719,-0.80637803,0.46599862,27.97999999999999,117,83.69427518,17-01-2026,18:23,341
6.83021856,34944,738.3399999999998,0.00261667,0.14953376,0.39495932,3400,0.00260995,-0.85654827,0.38410576,44.27,431,101.06520733,17-01-2026,18:23,716
4.94167829,91594,978.6999999999998,0.00207436,0.11167755,0.32266787,3420,0.00204075,-0.89492517,0.30882002,5.779999999999999,32,119.18251624,17-01-2026,18:23,1155
3.35553778,37404,718.7199999999997,0.0015968,0.08014549,0.2527027,3440,0.00153013,-0.92799718,0.23290659,6.549999999999999,165,137.60643887,17-01-2026,18:23,1803
2.26338699,20574,229.32,0.00120203,0.05658917,0.19312367,3460,0.00111035,-0.95177344,0.17009475,20.890000000000004,287,156.49261403,17-01-2026,18:23,2491
1.53848318,33337,446.03000000000003,0.00089524,0.04016009,0.14675451,3480,0.00076158,-0.96967801,0.11652724,,30,175.77406921,17-01-2026,18:23,3211
0.81155369,103699,1131.04,0.00050548,0.02158746,0.08767881,3520,0.00025115,-0.99216525,0.03653096,0.83,0,214.9782515,17-01-2026,18:23,4788
0.34537188,223103,2442.25,0.00024107,0.00928034,0.04238299,3560,0.0,-1.0,0.0,0.47000000000000003,120,254.76,17-01-2026,18:23,6784
149.8309743,131,5.31,0.00108729,0.95211463,0.16894734,3160,0.00101637,-0.04205081,0.15216493,1526.9999999999995,114994,1.5459138,17-01-2026,18:29,1529
111.85001447,1116,27.33,0.00200529,0.90386805,0.28910843,3200,0.00196479,-0.09021338,0.27585475,1335.6199999999994,38968,3.57558503,17-01-2026,18:29,707
93.75981089,488,19.799999999999997,0.00266215,0.86256776,0.3726762,3220,0.00264636,-0.13241072,0.36330932,254.48000000000002,14999,5.47134412,17-01-2026,18:29,382
76.67896662,230,24.729999999999997,0.00340751,0.80601873,0.46601333,3240,0.00341735,-0.18942876,0.45931393,505.0200000000001,35926,8.40662417,17-01-2026,18:29,86
60.83659914,2903,68.45,0.0041733,0.73488715,0.55551908,3260,0.00421227,-0.26238853,0.55259368,368.44,18544,12.48222271,17-01-2026,18:29,-162
46.617004,3407,210.32,0.00482185,0.64632515,0.63042921,3280,0.0048804,-0.35104013,0.62877038,452.4299999999999,17096,18.25897477,17-01-2026,18:29,-344
34.56353747,41541,1088.4099999999994,0.00519232,0.5461058,0.67194345,3300,0.00525909,-0.45277588,0.67174955,1442.169999999999,53601,26.18570132,17-01-2026,18:29,-496
25.71479869,41739,1083.1299999999997,0.00503326,0.44371904,0.6697172,3320,0.00511547,-0.55737177,0.66945283,434.3599999999999,14935,37.26620511,17-01-2026,18:29,-438
18.84868765,24093,638.96,0.00459258,0.35164798,0.62917521,3340,0.00465482,-0.65153638,0.62704988,145.51999999999998,4950,50.38588297,17-01-2026,18:29,-219
13.74281013,32680,529.6999999999998,0.00398475,0.27236322,0.56312399,3360,0.00402773,-0.73133333,0.55929243,152.47000000000006,1613,65.27334982,17-01-2026,18:29,27
9.93988613,29018,546.28,0.00333042,0.20769213,0.48554614,3380,0.0033496,-0.79723266,0.47866505,27.97999999999999,117,81.46072084,17-01-2026,18:29,356
7.14609686,35042,745.9599999999998,0.00269983,0.15663914,0.40685959,3400,0.0026997,-0.84896031,0.39719786,44.7,431,98.69053747,17-01-2026,18:29,736
5.20874809,91594,981.7399999999998,0.00215049,0.11735554,0.33391594,3420,0.0021163,-0.88983484,0.3191817,5.899999999999999,32,116.70610784,17-01-2026,18:29,1181
3.51629114,37404,718.6199999999997,0.00165538,0.0835084,0.26037497,3440,0.00159379,-0.92437203,0.2415587,6.549999999999999,165,135.02639183,17-01-2026,18:29,1835
2.3636008,20574,229.32,0.00124715,0.05885176,0.19896493,3460,0.0011552,-0.9496768,0.17578989,20.890000000000004,287,153.92369974,17-01-2026,18:29,2528
1.6081387,33337,469.8800000000001,0.00092556,0.04151322,0.15059173,3480,0.00080119,-0.96784797,0.12218722,,30,173.10467473,17-01-2026,18:29,3252
0.81808655,103818,1132.1799999999998,0.0005151,0.02179357,0.08829064,3520,0.00030065,-0.99013525,0.04466135,0.83,0,212.33590639,17-01-2026,18:29,4837
0.3950921,223103,2461.0299999999997,0.00027616,0.01105933,0.04933953,3560,0.0,-1.0,0.0,0.47000000000000003,120,252.07,17-01-2026,18:29,6842
149.7603016,131,5.31,0.00106051,0.95431544,0.16099801,3160,0.00097513,-0.03906189,0.14184295,1567.3099999999993,119036,1.39229933,17-01-2026,18:57,2347
111.79149899,1116,27.33,0.00197994,0.90745322,0.27819517,3200,0.0019523,-0.08858759,0.26931302,1359.8499999999995,47163,3.37100412,17-01-2026,18:57,1215
93.72170338,488,19.799999999999997,0.00265234,0.86555116,0.3633076,3220,0.00263565,-0.12895054,0.35300269,305.19,16070,5.23736824,17-01-2026,18:57,749
76.58521075,236,24.79,0.00340873,0.80880491,0.45713186,3240,0.00342365,-0.18720712,0.4512329,795.32,65525,8.15326377,17-01-2026,18:57,316
60.4030325,2923,69.18,0.00421383,0.73892849,0.54546322,3260,0.00425268,-0.25798572,0.54212432,409.83,20692,11.98345404,17-01-2026,18:57,-33
45.82476726,3674,215.69,0.00494831,0.65146652,0.62061006,3280,0.00500367,-0.34717252,0.61969224,467.9799999999999,19601,17.36531259,17-01-2026,18:57,-291
33.36115481,42739,1148.8299999999992,0.00541712,0.54849293,0.66448517,3300,0.00549108,-0.45079295,0.66436047,1813.3599999999988,86810,24.85451454,17-01-2026,18:57,-512
24.64777811,44242,1146.8,0.00520437,0.44246027,0.66248608,3320,0.00530554,-0.55901997,0.6621159,448.3199999999999,15721,36.0786746,17-01-2026,18:57,-530
17.92148791,24128,640.3399999999999,0.00472506,0.34643434,0.61920417,3340,0.00478681,-0.6557048,0.61780058,151.16,5050,49.35748343,17-01-2026,18:57,-302
12.95161902,35836,580.2299999999998,0.0040594,0.26622605,0.55092768,3360,0.00410124,-0.73799457,0.54644575,145.33000000000004,1626,64.38798044,17-01-2026,18:57,-51
9.23035447,34110,595.17,0.00336122,0.20071487,0.47080826,3380,0.00337859,-0.80450426,0.4633706,19.009999999999994,117,80.63673954,17-01-2026,18:57,294
6.60666628,35418,818.1099999999998,0.00270065,0.15003792,0.39132873,3400,0.00269022,-0.85697021,0.37895743,34.74,432,97.95589374,17-01-2026,18:57,701
4.71669732,92359,988.7699999999998,0.00212187,0.11055972,0.31668739,3420,0.00208978,-0.89565064,0.3037633,4.89,32,116.14783311,17-01-2026,18:57,1169
3.19125724,38026,727.7399999999998,0.0016223,0.07890548,0.24688105,3440,0.0015629,-0.92814564,0.22987832,6.549999999999999,165,134.6142862,17-01-2026,18:57,1846
2.10910945,21215,235.67,0.00120243,0.05451193,0.18536139,3460,0.00110486,-0.95386264,0.16228091,20.890000000000004,287,153.48741863,17-01-2026,18:57,2565
1.51766048,41660,476.61000000000007,0.00089151,0.03872973,0.14085603,3480,0.00071703,-0.97327919,0.10369342,,30,172.73347394,17-01-2026,18:57,3318
0.6579072,104034,1091.38,0.0004693,0.0188601,0.07729576,3520,0.00019583,-0.99449939,0.02641447,0.83,0,212.03130079,17-01-2026,18:57,4996
0.32493487,223373,2496.0499999999975,0.00024959,0.00959211,0.04312676,3560,0.0,-1.0,0.0,0.6400000000000001,237,251.92,17-01-2026,18:57,7091
150.56120015,131,5.31,0.0010499,0.95481957,0.15947456,3160,0.00096839,-0.03892346,0.14135094,1567.8099999999988,119056,1.36136772,17-01-2026,18:59,2343
112.64881186,1116,27.33,0.00196782,0.90761772,0.27766296,3200,0.00192684,-0.08664949,0.26474906,1324.6299999999997,47163,3.32088163,17-01-2026,18:59,1209
94.38973777,488,19.799999999999997,0.00263029,0.86663591,0.36108204,3220,0.00261172,-0.12833594,0.35162997,305.19,16170,5.13728045,17-01-2026,18:59,743
77.36289416,236,24.79,0.00336417,0.81226683,0.45181233,3240,0.00340082,-0.18593749,0.44905838,814.6600000000001,65725,8.05337121,17-01-2026,18:59,309
61.06043099,2923,70.11,0.00418878,0.74069081,0.54323059,3260,0.00420749,-0.25532643,0.53891684,409.88,20692,11.80690561,17-01-2026,18:59,-40
46.43130745,3674,215.7,0.00490035,0.6564776,0.61699553,3280,0.00496754,-0.34462783,0.61764095,483.0199999999999,19601,17.12613508,17-01-2026,18:59,-298
33.86018521,42679,1159.1199999999992,0.0053903,0.55168889,0.66342285,3300,0.00547042,-0.44538455,0.66284094,1838.3699999999985,87050,24.58439483,17-01-2026,18:59,-519
25.1031738,44242,1150.1399999999999,0.00521381,0.44833967,0.66353525,3320,0.00528892,-0.55249423,0.66335415,448.89999999999986,15721,35.67448963,17-01-2026,18:59,-533
18.23526213,24128,653.01,0.00473426,0.35010032,0.62125953,3340,0.00480461,-0.65030959,0.62106569,153.74,5050,48.91143119,17-01-2026,18:59,-303
13.23023616,35836,581.6799999999998,0.00407319,0.26896057,0.55344176,3360,0.00411475,-0.73477716,0.54954177,145.46000000000006,1626,63.75782655,17-01-2026,18:59,-50
9.4389951,34112,598.79,0.00338291,0.20371493,0.4747297,3380,0.00339799,-0.80212935,0.46649419,19.009999999999994,117,79.97549589,17-01-2026,18:59,295
6.7545325,35418,817.9699999999998,0.0027342,0.15299259,0.39624476,3400,0.00271205,-0.85402554,0.38396928,33.900000000000006,432,97.37881406,17-01-2026,18:59,703
4.84214191,92359,988.7699999999998,0.00214095,0.11229669,0.32005072,3420,0.0021217,-0.89267438,0.30983426,4.89,32,115.37716316,17-01-2026,18:59,1171
3.290759,38026,736.7299999999998,0.00164343,0.08070378,0.25097473,3440,0.00159289,-0.92583875,0.23538135,6.549999999999999,165,133.81332343,17-01-2026,18:59,1849
2.17742989,21215,235.67,0.00121742,0.05552395,0.18795983,3460,0.00110808,-0.95393827,0.1619702,4.97,287,152.79038124,17-01-2026,18:59,2569
1.46553812,41660,556.3199999999999,0.00089565,0.03882064,0.14104084,3480,0.00074228,-0.97186677,0.10817853,,30,171.9310473,17-01-2026,18:59,3322
0.67271802,104034,1091.33,0.00047146,0.01889853,0.07738691,3520,0.00023684,-0.99293725,0.0329414,0.83,0,211.30077058,17-01-2026,18:59,4999
0.33255576,223393,2499.839999999997,0.00025038,0.00960744,0.04316037,3560,0.0,-1.0,0.0,1.6400000000000001,237,251.13,17-01-2026,18:59,7094
147.57611725,131,5.31,0.0010914,0.95295794,0.16437886,3160,0.0010274,-0.04193096,0.14983408,1574.4499999999985,119486,1.47892772,17-01-2026,19:03,2410
109.77966776,1116,27.33,0.00205771,0.90103216,0.29147345,3200,0.00202954,-0.09440064,0.28153367,1325.0299999999997,47233,3.66687225,17-01-2026,19:03,1259
91.79595097,488,19.9,0.00272621,0.85837448,0.37540337,3220,0.00271659,-0.13677809,0.36661944,307.09,16170,5.66310642,17-01-2026,19:03,784
74.892984,236,24.79,0.00347972,0.79938041,0.46935553,3240,0.00349063,-0.1963758,0.46337439,832.6600000000001,67325,8.79046788,17-01-2026,19:03,341
58.97427921,2923,70.11,0.0042483,0.72812313,0.5552536,3260,0.00428944,-0.26901666,0.55232511,410.89,20792,12.84406516,17-01-2026,19:03,-18
44.63243516,3674,215.70999999999998,0.00494289,0.6394306,0.62639305,3280,0.00498829,-0.35874777,0.62532233,484.7399999999999,19601,18.51244123,17-01-2026,19:03,-283
32.41417995,42969,1166.7699999999993,0.00535014,0.53734206,0.66468761,3300,0.00545456,-0.46413446,0.664832,1859.7399999999986,88840,26.23920266,17-01-2026,19:03,-511
23.87756162,44042,1155.12,0.00513861,0.43215411,0.65790658,3320,0.00520801,-0.56864286,0.65769133,451.7299999999999,15961,37.69163471,17-01-2026,19:03,-550
17.29462657,24128,651.65,0.00464395,0.3387378,0.61229475,3340,0.00470182,-0.66435473,0.61009636,153.74,5050,51.08690487,17-01-2026,19:03,-330
12.49495165,36271,585.9699999999999,0.00398119,0.26009586,0.54292574,3360,0.00402348,-0.74399357,0.53847837,144.38000000000005,1626,66.22045917,17-01-2026,19:03,-80
8.92208416,34425,601.42,0.00328987,0.19615189,0.46305399,3380,0.00330566,-0.80922327,0.4552655,18.609999999999992,117,82.69045942,17-01-2026,19:03,264
6.37907651,35518,817.9699999999998,0.0026285,0.14577341,0.38273927,3400,0.00262987,-0.85962598,0.37315475,34.0,432,100.11761128,17-01-2026,19:03,672
4.59339188,92359,991.6199999999997,0.00208073,0.10945039,0.31354542,3420,0.00204403,-0.89758862,0.29884075,4.89,32,118.31467237,17-01-2026,19:03,1141
3.07792583,38116,737.6299999999997,0.00158746,0.07740184,0.24264178,3440,0.00151377,-0.93090465,0.22244329,6.549999999999999,165,136.82260022,17-01-2026,19:03,1818
2.03941864,21215,235.67,0.00118369,0.05413106,0.18383473,3460,0.00107411,-0.95523064,0.15796868,4.97,287,155.7981325,17-01-2026,19:03,2539
1.40205621,41660,556.3199999999999,0.0008656,0.03747647,0.13675247,3480,0.00072024,-0.97259776,0.10560636,,30,175.08058018,17-01-2026,19:03,3293
0.66255483,104034,1091.35,0.00046418,0.01879938,0.07687391,3520,0.00018447,-0.99485848,0.02480735,0.83,0,214.37983881,17-01-2026,19:03,4975
0.32692592,223423,2497.9899999999966,0.00024664,0.00953106,0.04277009,3560,0.0,-1.0,0.0,1.6400000000000001,237,254.24,17-01-2026,19:03,7074
146.44212433,131,5.31,0.00111803,0.95169353,0.1671219,3160,0.00106873,-0.04421183,0.15564749,1629.0799999999977,123505,1.59617848,17-01-2026,19:14,2628
108.68187084,1129,27.559999999999995,0.00210514,0.89844457,0.2956163,3200,0.00206757,-0.09531476,0.28220319,1346.5399999999995,45939,3.73094684,17-01-2026,19:14,1404
90.7070466,488,19.9,0.00278226,0.85574124,0.37831651,3220,0.00277556,-0.14022601,0.37113532,309.15,16276,5.78012668,17-01-2026,19:14,890
73.85721093,193,25.369999999999997,0.00354134,0.79585032,0.47208014,3240,0.0035589,-0.20080511,0.46743636,900.77,75836,8.92191744,17-01-2026,19:14,410
57.97120476,2923,70.11,0.00432322,0.72257012,0.55817451,3260,0.00436737,-0.27455547,0.55532518,422.59,21311,13.0236865,17-01-2026,19:14,21
43.74295197,3782,216.18,0.005018,0.63302095,0.6272036,3280,0.00508224,-0.36537666,0.62627139,500.7599999999999,19455,18.70063133,17-01-2026,19:14,-265
31.44684506,44306,1199.229999999999,0.00544613,0.52974007,0.66264597,3300,0.00551726,-0.47070613,0.66269148,1974.5099999999984,97647,26.45183153,17-01-2026,19:14,-513
23.17185676,45838,1209.4,0.00517783,0.42378876,0.65232752,3320,0.00524401,-0.57733435,0.65196935,484.4799999999999,16508,38.16366311,17-01-2026,19:14,-576
16.7981997,24898,663.45,0.00462873,0.3304278,0.603507,3340,0.00469469,-0.67246256,0.60138679,159.25,5051,51.70728226,17-01-2026,19:14,-353
12.06514703,35601,620.8,0.0039479,0.25215926,0.5317014,3360,0.00398417,-0.75167156,0.52740263,141.27000000000007,1643,67.01890289,17-01-2026,19:14,-97
8.66138336,36415,648.1799999999998,0.00324043,0.18995884,0.45193211,3380,0.00325451,-0.81626969,0.44269621,18.6,717,83.5526842,17-01-2026,19:14,250
6.19269943,35518,803.9699999999998,0.00258973,0.1416772,0.37373749,3400,0.00257707,-0.86466028,0.36226332,34.14000000000001,444,101.07307344,17-01-2026,19:14,665
4.43525433,92314,993.1699999999996,0.00202806,0.1043684,0.30155078,3420,0.00198842,-0.90232092,0.28733406,4.89,32,119.31682508,17-01-2026,19:14,1143
2.88432553,38315,740.6399999999996,0.0015325,0.07284158,0.23057699,3440,0.00146891,-0.93397058,0.21378166,6.549999999999999,165,137.9239256,17-01-2026,19:14,1829
1.98775895,21222,235.83999999999997,0.00114784,0.05192139,0.17701913,3460,0.00101872,-0.95870748,0.14728737,4.97,287,156.8594796,17-01-2026,19:14,2561
1.32150142,42660,566.3199999999999,0.0008432,0.03630032,0.13261039,3480,0.00070412,-0.9732146,0.10313036,,30,176.28458598,17-01-2026,19:14,3326
0.66066211,104349,1096.93,0.00046086,0.01878964,0.07647961,3520,0.00022227,-0.99334354,0.03104666,0.83,0,215.50556334,17-01-2026,19:14,5033
0.30727793,223473,2514.449999999996,0.00023783,0.00913798,0.04102836,3560,0.0,-1.0,0.0,1.6400000000000001,237,255.37,17-01-2026,19:14,7159
148.46753588,131,5.31,0.00106292,0.95494238,0.15744283,3160,0.00099783,-0.04004146,0.14311035,1660.6199999999974,124729,1.40349625,17-01-2026,19:26,2802
110.5711317,1129,27.559999999999995,0.00202307,0.90484352,0.28079583,3200,0.00198928,-0.09012666,0.26974137,1350.0099999999998,45890,3.45199388,17-01-2026,19:26,1516
92.48876977,488,19.9,0.00269647,0.86350438,0.36300354,3220,0.00268673,-0.13218951,0.35509329,318.5,17276,5.36415514,17-01-2026,19:26,972
75.41766466,187,26.27,0.00346532,0.80521397,0.45718401,3240,0.00348151,-0.19131692,0.45220082,956.1199999999999,80913,8.33615069,17-01-2026,19:26,462
59.25082857,3123,72.22,0.00428463,0.73492452,0.54357637,3260,0.00432346,-0.26208273,0.54043781,425.47999999999996,21318,12.12644484,17-01-2026,19:26,53
44.61988172,3865,225.24,0.00504287,0.6464551,0.61685262,3280,0.0050995,-0.35207736,0.6159292,519.2199999999999,20397,17.46814999,17-01-2026,19:26,-248
31.88171796,44094,1229.5499999999988,0.00558525,0.54204404,0.65829353,3300,0.0056288,-0.45769315,0.65824734,2080.479999999998,106956,24.86121424,17-01-2026,19:26,-512
23.56806751,46517,1229.73,0.00529939,0.43405356,0.65291572,3320,0.00535813,-0.5672359,0.65254522,491.6299999999999,15881,36.38924613,17-01-2026,19:26,-581
17.02544636,25198,663.5999999999999,0.00475715,0.33774226,0.60643312,3340,0.00481651,-0.66479667,0.6046568,161.07000000000002,5361,49.78747779,17-01-2026,19:26,-348
12.27093201,35196,630.1899999999998,0.00404815,0.25788406,0.53596392,3360,0.00409157,-0.74633416,0.5313659,141.48000000000008,1658,65.00326845,17-01-2026,19:26,-89
8.74058753,36418,651.0999999999999,0.00332488,0.19373348,0.45567787,3380,0.00333905,-0.81206825,0.44725891,19.08,667,81.44841945,17-01-2026,19:26,259
6.23067721,35543,801.3299999999997,0.00265303,0.14346528,0.37549434,3400,0.00263891,-0.862734,0.3643994,33.690000000000005,446,98.94875576,17-01-2026,19:26,676
4.42393723,92346,996.0799999999997,0.00207104,0.10550058,0.30276561,3420,0.00203167,-0.90149535,0.2880163,4.89,32,117.18039949,17-01-2026,19:26,1156
2.98068329,38664,761.1699999999996,0.00157674,0.07521354,0.23539907,3440,0.00150301,-0.93291841,0.21559485,6.549999999999999,165,135.71175002,17-01-2026,19:26,1844
1.99003283,21222,235.83999999999997,0.00116944,0.05241562,0.17768113,3460,0.00106204,-0.95649559,0.15305693,4.97,287,154.68588104,17-01-2026,19:26,2578
1.35695893,42661,567.53,0.00085734,0.03660723,0.13302278,3480,0.00070571,-0.97364896,0.10134885,,30,174.07885757,17-01-2026,19:26,3345
0.56290047,104413,1091.0,0.00042517,0.01640317,0.06785002,3520,0.00016706,-0.99550417,0.02182353,0.83,0,213.32860348,17-01-2026,19:26,5057
0.32506488,223775,2640.7199999999957,0.00024497,0.00941458,0.04195437,3560,0.0,-1.0,0.0,1.52,237,253.22,17-01-2026,19:26,7186
149.9632618,131,5.31,0.00104348,0.95550256,0.15587168,3160,0.00098191,-0.03970113,0.14212418,1660.6199999999974,124734,1.37424226,17-01-2026,19:27,2775
112.06089838,1116,27.559999999999995,0.00196417,0.90887956,0.271947,3200,0.00193324,-0.08679853,0.26228697,1350.0099999999998,45869,3.30238782,17-01-2026,19:27,1491
93.84750892,488,19.9,0.00263421,0.86828598,0.3542167,3220,0.00262197,-0.12731163,0.3459757,318.5,17210,5.13006735,17-01-2026,19:27,948
76.76069902,187,26.27,0.00340279,0.8113602,0.44830791,3240,0.00341285,-0.18568101,0.44394045,956.1199999999999,80934,8.02358279,17-01-2026,19:27,438
60.44778993,3123,72.22,0.00422577,0.74209515,0.5359902,3260,0.00426348,-0.25482414,0.53264391,425.47999999999996,21223,11.65781678,17-01-2026,19:27,32
45.64243679,3865,225.24,0.00500916,0.6551975,0.61124458,3280,0.00506793,-0.34287776,0.6099491,519.2199999999999,20397,16.82447594,17-01-2026,19:27,-268
32.78227672,47084,1229.5499999999988,0.00555297,0.55141678,0.65646998,3300,0.00563578,-0.44793771,0.65633481,2080.479999999998,106877,24.03462649,17-01-2026,19:27,-530
24.22548237,46530,1229.73,0.00532541,0.44251616,0.65510814,3320,0.00540105,-0.55844283,0.65488025,491.6299999999999,15950,35.39710438,17-01-2026,19:27,-570
17.53679253,25290,663.5999999999999,0.00480561,0.3452749,0.6115533,3340,0.00487302,-0.65734947,0.60980795,161.07000000000002,5361,48.66052842,17-01-2026,19:27,-327
12.64434646,35196,630.1899999999998,0.00410397,0.26439073,0.54286937,3360,0.00414301,-0.73911015,0.53917924,141.48000000000008,1658,63.75238862,17-01-2026,19:27,-60
9.03121685,36418,651.0999999999999,0.00338094,0.19899761,0.46315427,3380,0.00339847,-0.80605847,0.45598097,19.08,667,80.09312211,17-01-2026,19:27,296
6.41777318,35543,801.3299999999997,0.0027057,0.14737916,0.38236437,3400,0.00269684,-0.85803027,0.37284865,33.690000000000005,446,97.4882761,17-01-2026,19:27,720
4.59697578,92346,996.0799999999997,0.00212137,0.10931452,0.31061904,3420,0.00208012,-0.89833452,0.2947431,4.89,32,115.65974314,17-01-2026,19:27,1207
3.09032384,38664,761.1699999999996,0.00161434,0.07742587,0.24064846,3440,0.00153693,-0.93132212,0.21955129,6.549999999999999,165,134.16687613,17-01-2026,19:27,1902
2.05841308,21222,235.83999999999997,0.0011959,0.05369203,0.18110843,3460,0.00109047,-0.95517594,0.15678811,4.97,287,153.17502933,17-01-2026,19:27,2643
1.41281882,42661,567.53,0.00088137,0.03782062,0.13661402,3480,0.00074077,-0.97189568,0.10694532,,30,172.48321698,17-01-2026,19:27,3417
0.62303611,106013,1091.0,0.00046398,0.01849106,0.07515963,3520,0.00018752,-0.99481595,0.02477855,0.83,0,211.68197654,17-01-2026,19:27,5141
0.3306332,223780,2640.7199999999957,0.00024738,0.00945838,0.04212544,3560,0.0,-1.0,0.0,1.52,237,251.56,17-01-2026,19:27,7290
151.34444185,131,5.31,0.001007,0.95766337,0.14957937,3160,0.00101667,-0.04310044,0.15175956,1661.189999999997,128276,1.34556685,17-01-2026,19:31,2825
113.2632832,1116,27.689999999999998,0.0019289,0.91051382,0.26804826,3200,0.00189147,-0.08447817,0.25676501,1362.8899999999996,46336,3.15792659,17-01-2026,19:31,1518
95.04249276,488,19.9,0.002588,0.87088234,0.34902351,3220,0.00257032,-0.12405972,0.33945411,319.56,17210,4.91381368,17-01-2026,19:31,965
77.85038761,187,26.33,0.00335019,0.81590108,0.44115869,3240,0.00335956,-0.18048926,0.43573043,976.0,83201,7.69501504,17-01-2026,19:31,445
61.3668071,3169,73.33,0.00418133,0.74844644,0.52851904,3260,0.00421494,-0.24852096,0.52513039,428.72999999999996,21148,11.19604855,17-01-2026,19:31,34
46.3501609,3865,225.31,0.00499125,0.66268508,0.60556159,3280,0.00505282,-0.33540239,0.60419973,522.3399999999999,21017,16.17133936,17-01-2026,19:31,-271
33.28748185,47284,1260.1599999999987,0.00558475,0.55934971,0.65399501,3300,0.00566152,-0.44011542,0.65385609,2093.3799999999983,109394,23.10149932,17-01-2026,19:31,-537
24.61724828,46640,1232.6100000000001,0.00536369,0.44940611,0.65601802,3320,0.00544046,-0.55145617,0.65583469,493.51999999999987,15955,34.40524334,17-01-2026,19:31,-570
17.8247915,25460,678.0799999999999,0.00484904,0.3515014,0.61497784,3340,0.00492285,-0.65138017,0.61314018,161.07000000000002,5361,47.57695776,17-01-2026,19:31,-322
12.85431541,35192,631.3799999999999,0.00415964,0.26852123,0.54660039,3360,0.00419807,-0.73467461,0.54330264,140.48000000000005,1668,62.61029769,17-01-2026,19:31,-52
9.18013795,36491,651.6399999999999,0.00343257,0.20236696,0.46738892,3380,0.00345036,-0.8030484,0.45981119,19.08,667,78.91709255,17-01-2026,19:31,306
6.54262963,35543,800.5799999999997,0.00274952,0.15104366,0.38830396,3400,0.00274006,-0.85572427,0.37655861,33.690000000000005,446,96.28082417,17-01-2026,19:31,732
4.6852853,92346,996.0299999999997,0.00215705,0.11150044,0.31474836,3420,0.00212215,-0.8953361,0.30073385,4.89,2,114.37705522,17-01-2026,19:31,1221
3.14949053,38879,762.1699999999996,0.00164074,0.07871912,0.24344914,3440,0.00157326,-0.92912148,0.22472604,6.549999999999999,165,132.852867,17-01-2026,19:31,1918
2.10357544,22032,251.83999999999997,0.00121977,0.05491014,0.18417086,3460,0.0011209,-0.95352391,0.16125631,4.97,287,151.83372364,17-01-2026,19:31,2661
1.43848618,42661,567.04,0.00090308,0.03898349,0.1398887,3480,0.00075982,-0.97106793,0.10945214,,30,171.1741956,17-01-2026,19:31,3438
0.66593373,107513,1112.0,0.00047013,0.0186893,0.07577074,3520,0.00025274,-0.99232345,0.03504122,0.83,0,210.35459346,17-01-2026,19:31,5169
0.32962916,223796,2642.3399999999956,0.00024917,0.00948477,0.04218681,3560,0.0,-1.0,0.0,1.52,237,250.21,17-01-2026,19:31,7331
151.71476132,131,5.31,0.00097911,0.95936785,0.14328049,3160,0.00091749,-0.03607707,0.13003829,1895.459999999996,141758,1.26644852,17-01-2026,19:57,3090
113.6148571,1116,28.679999999999993,0.00191216,0.91065706,0.26513976,3200,0.00187204,-0.08402784,0.2532644,1386.7299999999996,60109,3.20736131,17-01-2026,19:57,1649
95.38011946,460,19.9,0.00255959,0.87162662,0.34426653,3220,0.00254273,-0.1227148,0.3335941,350.35,20539,4.94941314,17-01-2026,19:57,1053
78.13849019,326,28.65,0.00331966,0.8181138,0.43357303,3240,0.00333881,-0.17867207,0.42871767,1012.9899999999998,87874,7.6764726,17-01-2026,19:57,499
61.75646458,3327,74.16999999999999,0.00415096,0.74967536,0.52197588,3260,0.00420334,-0.24336867,0.51420758,479.17999999999995,21860,11.0958668,17-01-2026,19:57,63
46.56045816,4903,237.28999999999996,0.00496697,0.66691408,0.59672017,3280,0.00502605,-0.33092893,0.59518588,537.9899999999999,22111,16.02820525,17-01-2026,19:57,-262
33.32639087,49317,1349.9699999999987,0.00558809,0.5642457,0.6464099,3300,0.00564667,-0.43487048,0.64618752,2225.0399999999972,119043,22.84075842,17-01-2026,19:57,-542
24.47166795,43908,1292.1499999999999,0.00543918,0.4531958,0.65040214,3320,0.00551055,-0.54754139,0.6502587,501.0499999999999,16218,33.90008912,17-01-2026,19:57,-580
17.56794501,25950,694.9899999999999,0.00493684,0.35279991,0.60980131,3340,0.0049935,-0.64997822,0.60804143,160.87000000000006,5400,47.0076103,17-01-2026,19:57,-338
12.6262926,35601,644.1999999999998,0.00422641,0.26862296,0.541409,3360,0.00427237,-0.73486475,0.53785075,116.52000000000007,1651,61.98925961,17-01-2026,19:57,-65
8.88059895,37746,713.3299999999999,0.00347614,0.20014139,0.459773,3380,0.00349733,-0.80494784,0.45268531,18.509999999999998,232,78.43531936,17-01-2026,19:57,297
6.23538597,35625,817.6999999999998,0.00276834,0.14729445,0.37812369,3400,0.00274343,-0.8594261,0.36634444,31.94000000000001,445,95.6660088,17-01-2026,19:57,732
4.39769048,92680,1003.6099999999997,0.00215222,0.10760928,0.30383319,3420,0.00211524,-0.89916745,0.28984737,5.12,102,113.82956211,17-01-2026,19:57,1225
2.95361818,39333,773.7399999999998,0.00162719,0.07577304,0.23420894,3440,0.00154096,-0.93346288,0.21195401,4.01,165,132.24582186,17-01-2026,19:57,1925
1.95968622,22363,257.97999999999996,0.0011972,0.05235889,0.17562906,3460,0.00108208,-0.95697217,0.15008257,3.9699999999999998,287,151.47870151,17-01-2026,19:57,2674
1.3364933,43003,559.3600000000001,0.00088418,0.03718312,0.13329678,3480,0.0007645,-0.9709778,0.1086671,,30,170.584752,17-01-2026,19:57,3460
0.57740588,109974,1132.81,0.00044528,0.01711668,0.06961719,3520,0.00016184,-0.99578329,0.02038832,0.83,0,209.77905537,17-01-2026,19:57,5207
0.32276812,225786,2651.5299999999947,0.00025288,0.0096554,0.04242883,3560,0.0,-1.0,0.0,1.51,237,249.88,17-01-2026,19:57,7395
152.66851279,131,5.31,0.00102633,0.95574434,0.15344512,3160,0.00090061,-0.03509559,0.12708563,1934.3699999999953,141763,1.207892,17-01-2026,19:59,3186
114.50781418,1116,28.709999999999994,0.00192414,0.90958828,0.26734141,3200,0.00185162,-0.0822261,0.2490682,1496.9799999999996,60109,3.1312037,17-01-2026,19:59,1706
96.24975138,460,20.9,0.0025676,0.87166758,0.34399467,3220,0.00252635,-0.12165336,0.33144927,359.6,20489,4.84177275,17-01-2026,19:59,1091
78.84744414,326,28.700000000000003,0.00330034,0.81999965,0.43060834,3240,0.00331081,-0.17603366,0.42459505,1068.2299999999996,92870,7.55249488,17-01-2026,19:59,517
62.18181851,3327,75.99,0.00414126,0.75420327,0.5167781,3260,0.00417543,-0.24249035,0.51302266,495.10999999999996,21860,10.87665556,17-01-2026,19:59,68
47.07129667,4903,241.18999999999997,0.00499967,0.6669399,0.59637901,3280,0.00505227,-0.33102761,0.59493823,566.3599999999999,22126,15.6336363,17-01-2026,19:59,-266
33.84716655,49317,1383.8299999999986,0.00563812,0.56359552,0.64622985,3300,0.00571627,-0.43233695,0.64521942,2404.329999999997,124023,22.30147718,17-01-2026,19:59,-555
24.78507455,44041,1348.2199999999998,0.0054963,0.45266143,0.64998579,3320,0.0055482,-0.54899941,0.64961669,501.7999999999999,16218,33.35438091,17-01-2026,19:59,-595
17.8331295,25950,706.1099999999999,0.00495619,0.35471255,0.61076682,3340,0.00501384,-0.64929409,0.60822281,161.65000000000003,5401,46.35336593,17-01-2026,19:59,-350
12.61317368,35639,655.7399999999998,0.0042565,0.26946109,0.54205495,3360,0.00427415,-0.73623094,0.53614803,96.68000000000002,1685,61.21496621,17-01-2026,19:59,-76
8.98249378,42696,747.5799999999999,0.00349376,0.20187848,0.46200588,3380,0.00351152,-0.80255973,0.45586571,26.619999999999997,232,77.52125698,17-01-2026,19:59,286
6.34901628,35925,817.9699999999998,0.00278085,0.1482608,0.37964175,3400,0.00277642,-0.85688519,0.37074034,30.270000000000007,445,94.8651895,17-01-2026,19:59,736
4.47951627,92680,1004.3599999999997,0.00217126,0.10937137,0.30730393,3420,0.00213339,-0.8975302,0.29316381,6.119999999999999,102,113.01498989,17-01-2026,19:59,1241
2.98147651,39543,775.3899999999996,0.00161572,0.07483576,0.23186391,3440,0.00158603,-0.9288282,0.22314101,4.01,165,131.41599038,17-01-2026,19:59,1953
2.02953153,22363,257.98999999999995,0.001213,0.05339919,0.17833311,3460,0.00110216,-0.95537335,0.15448263,3.9699999999999998,287,150.4500175,17-01-2026,19:59,2713
1.43108384,43003,560.3600000000001,0.000882,0.03713646,0.1330832,3480,0.00083816,-0.9662167,0.12316502,,30,169.82632712,17-01-2026,19:59,3510
0.6577659,113078,1169.2499999999998,0.00044466,0.01710473,0.06953782,3520,0.00019115,-0.99476592,0.02471494,0.83,0,209.04973474,17-01-2026,19:59,5280
0.33918012,225791,2676.2299999999946,0.00025395,0.00967593,0.04249623,3560,0.0,-1.0,0.0,1.39,237,248.96,17-01-2026,19:59,7505
141.40764668,131,5.31,0.00118893,0.94877006,0.17167965,3160,0.00112086,-0.0453044,0.15558257,2006.0799999999952,142005,1.60752789,17-01-2026,20:03,3354
103.82760935,1116,31.739999999999995,0.00223763,0.89053039,0.30595611,3200,0.00222303,-0.10302575,0.29276634,1518.2999999999995,58831,4.07019439,17-01-2026,20:03,1854
85.92293821,460,20.9,0.00296894,0.84558125,0.38801381,3220,0.00297017,-0.15108186,0.38243006,385.21000000000004,22504,6.15898598,17-01-2026,20:03,1222
69.41019741,926,34.7,0.00374381,0.78561584,0.47625831,3240,0.00378813,-0.21430991,0.47607659,1143.7099999999996,92326,9.5816853,17-01-2026,20:03,638
53.44634893,3332,76.03999999999999,0.00459079,0.70561424,0.56268803,3260,0.00464739,-0.29117461,0.55983678,529.75,22905,13.51325399,17-01-2026,20:03,169
39.37551825,4903,242.07999999999996,0.00534525,0.61562952,0.62379439,3280,0.00542386,-0.38282242,0.62304639,584.4899999999999,21352,19.50329542,17-01-2026,20:03,-179
27.21386393,47797,1463.6299999999983,0.0058356,0.50506544,0.65129663,3300,0.00588424,-0.49884317,0.65122035,2568.769999999997,125480,27.37846189,17-01-2026,20:03,-484
19.76321842,46885,1441.0699999999997,0.00540451,0.39448462,0.62841831,3320,0.00548852,-0.60697766,0.6277881,530.06,18088,39.12721262,17-01-2026,20:03,-633
13.62763752,25036,729.92,0.00470042,0.2955835,0.56374016,3340,0.00476731,-0.70417268,0.56404517,167.03000000000003,5095,53.26476074,17-01-2026,20:03,-417
9.55137154,37718,681.0299999999997,0.0038697,0.22000611,0.48334352,3360,0.00393635,-0.78201777,0.48089879,99.21000000000002,1982,69.12054655,17-01-2026,20:03,-155
6.6197765,42999,801.6199999999999,0.00308796,0.16047273,0.39797655,3380,0.00307457,-0.84773832,0.38441091,26.619999999999997,232,86.69007525,17-01-2026,20:03,201
4.57863254,35217,839.1799999999998,0.00239815,0.11645333,0.31973957,3400,0.00233701,-0.89274219,0.30142129,27.240000000000002,397,104.77891917,17-01-2026,20:03,648
3.17757715,92958,1068.2799999999997,0.00180174,0.08258347,0.24856886,3420,0.001729,-0.92576127,0.22927998,7.119999999999999,2,122.56609145,17-01-2026,20:03,1151
2.05185906,44143,822.3899999999996,0.00132908,0.0566559,0.18593558,3440,0.00123438,-0.95103826,0.16558816,4.01,165,141.45336027,17-01-2026,20:03,1858
1.37626101,22463,258.98999999999995,0.00095266,0.03861589,0.13670502,3460,0.00072356,-0.97579741,0.09286223,3.9699999999999998,287,161.45651,17-01-2026,20:03,2631
1.00784026,43603,566.3600000000001,0.00072867,0.02965246,0.11000268,3480,0.00055487,-0.98073649,0.07655339,,30,180.92534879,17-01-2026,20:03,3441
0.49128157,113178,1172.0499999999997,0.00039603,0.0154148,0.06329685,3520,9.516e-05,-0.99772324,0.01164008,0.83,0,220.60000298,17-01-2026,20:03,5243
0.26858746,235074,2751.8299999999936,0.00021816,0.00832289,0.03704705,3560,0.0,-1.0,0.0,1.38,237,259.82,17-01-2026,20:03,7499
138.5837602,131,5.31,0.0012968,0.94245599,0.18771972,3160,0.00114189,-0.0450063,0.15440296,2006.0799999999952,145478,1.63356314,17-01-2026,20:07,3562
101.26491141,1216,31.739999999999995,0.00236889,0.88338011,0.31925152,3200,0.00230948,-0.10842802,0.30314922,1518.2999999999995,58831,4.32567932,17-01-2026,20:07,1993
83.56122166,460,20.9,0.00309837,0.83065139,0.41106828,3220,0.00307962,-0.15843663,0.39375146,385.21000000000004,25504,6.66763892,17-01-2026,20:07,1326
66.86929135,926,34.7,0.00390823,0.77602728,0.4872119,3240,0.00389993,-0.22431176,0.48763929,1143.7099999999996,97330,10.11535327,17-01-2026,20:07,712
51.46947536,3334,76.03999999999999,0.00470681,0.69322434,0.57196398,3260,0.00475377,-0.30189014,0.56796076,529.75,22905,14.39985023,17-01-2026,20:07,214
37.35289006,5058,242.07999999999996,0.00540125,0.59248298,0.6321012,3280,0.00555509,-0.40445225,0.63093722,584.4899999999999,22352,20.31396275,17-01-2026,20:07,-154
25.40393165,48191,1463.6299999999983,0.00590746,0.48198462,0.64902703,3300,0.00612624,-0.5174476,0.6491258,2568.769999999997,133894,28.42408933,17-01-2026,20:07,-478
18.04277513,46713,1441.0699999999997,0.00534035,0.37179806,0.61579687,3320,0.00552486,-0.63336295,0.61299048,530.06,18088,41.01338088,17-01-2026,20:07,-670
12.56363793,25037,729.92,0.00464261,0.28267008,0.55084165,3340,0.0046069,-0.72060021,0.54762223,167.03000000000003,5095,55.66415702,17-01-2026,20:07,-464
8.77528599,37747,681.0299999999997,0.00376319,0.20746637,0.46602812,3360,0.00377504,-0.80067295,0.45498235,99.21000000000002,1748,71.76930731,17-01-2026,20:07,-204
6.0421204,42959,801.6199999999999,0.00297802,0.15106078,0.3815571,3380,0.00294101,-0.86255303,0.35798906,26.619999999999997,232,89.01576952,17-01-2026,20:07,152
4.18208011,37115,839.1799999999998,0.00227677,0.10745344,0.30114488,3400,0.00219777,-0.90442996,0.27648388,27.240000000000002,197,107.09455936,17-01-2026,20:07,597
2.88714605,93384,1068.2799999999997,0.00171776,0.07721776,0.23572745,3420,0.00163909,-0.93118521,0.21583019,7.119999999999999,2,125.91972606,17-01-2026,20:07,1107
1.87083103,44143,822.3899999999996,0.00124629,0.05273277,0.17521163,3440,0.00086076,-0.97264457,0.10259774,4.01,165,144.80904081,17-01-2026,20:07,1817
1.18388143,22463,258.98999999999995,0.00090092,0.03608969,0.12905846,3460,0.00078713,-0.97117877,0.10718159,3.9699999999999998,287,164.27019767,17-01-2026,20:07,2595
0.962713,47684,566.3600000000001,0.00076519,0.03322664,0.12056354,3480,0.00035229,-0.98989162,0.04382154,,30,183.79954338,17-01-2026,20:07,3410
0.442929,113178,1172.0499999999997,0.00036603,0.0140902,0.05843728,3520,0.0,-1.0,0.0,0.83,0,223.47,17-01-2026,20:07,5239
0.25476491,235093,2751.8299999999936,0.00021479,0.00825813,0.03671222,3560,0.0,-1.0,0.0,1.38,237,263.47,17-01-2026,20:07,7522
136.297587,131,5.31,0.00127962,0.94582061,0.1779037,3160,0.00121986,-0.04951844,0.16565651,2076.119999999995,150909,1.71788798,17-01-2026,20:21,4016
98.76001218,1130,35.339999999999996,0.00243438,0.88183542,0.32022728,3200,0.00236412,-0.10637823,0.29711169,1554.7299999999996,60441,4.09825295,17-01-2026,20:21,2275
81.08280847,460,20.9,0.00318614,0.83615217,0.399936,3220,0.00317612,-0.15975976,0.39344485,457.5900000000001,29755,6.50648087,17-01-2026,20:21,1526
64.57356694,408,40.11000000000001,0.00402238,0.76806358,0.4937522,3240,0.00403932,-0.22799461,0.48908481,1217.6599999999996,100469,10.03366584,17-01-2026,20:21,836
49.12995541,3375,93.82999999999998,0.00488193,0.68772319,0.57286443,3260,0.00492632,-0.31031912,0.57130482,556.03,43147,14.5087537,17-01-2026,20:21,265
35.29024229,9154,276.87,0.00564885,0.58467781,0.63103978,3280,0.00569442,-0.41450961,0.63076704,632.4799999999998,27770,20.64122093,17-01-2026,20:21,-161
23.45324794,49863,1528.7299999999977,0.00605508,0.46783827,0.6435497,3300,0.00616593,-0.5311621,0.64373717,2767.029999999996,138984,28.74266694,17-01-2026,20:21,-492
16.30399859,50068,1464.0899999999997,0.00546418,0.35591056,0.60305279,3320,0.00557297,-0.64741757,0.60104084,518.07,20970,41.66868868,17-01-2026,20:21,-703
11.16431281,26952,743.8299999999999,0.00461605,0.26360381,0.52868878,3340,0.00467005,-0.74047337,0.52448353,161.79000000000002,5095,56.55444549,17-01-2026,20:21,-494
7.65267297,39829,693.6999999999998,0.00371189,0.19245409,0.44271593,3360,0.00370913,-0.81514824,0.43178408,97.42000000000003,1748,72.89528692,17-01-2026,20:21,-215
5.16249219,42977,811.7199999999998,0.00286794,0.13621416,0.35359576,3380,0.00284127,-0.87114923,0.34029602,24.129999999999995,64,90.48204498,17-01-2026,20:21,163
3.50116442,35249,887.3099999999997,0.00215711,0.09647919,0.2766791,3400,0.00210601,-0.91112868,0.26039827,28.379999999999995,197,108.88885096,17-01-2026,20:21,632
2.4803502,93363,1077.2099999999996,0.00161351,0.06972371,0.21663637,3420,0.00151168,-0.94011414,0.19251475,3.02,2,127.76492295,17-01-2026,20:21,1160
1.55817786,44083,848.3399999999997,0.00113503,0.04504815,0.15354098,3440,0.00098509,-0.9652914,0.12421815,4.55,64,146.78322785,17-01-2026,20:21,1888
1.01987329,21586,270.51,0.00082991,0.03205242,0.1163353,3460,0.00056834,-0.98244381,0.07014371,4.08,276,166.37155706,17-01-2026,20:21,2687
0.67752999,42121,597.63,0.0005613,0.02043422,0.07980329,3480,0.00028751,-0.99221419,0.03463791,,30,185.8922393,17-01-2026,20:21,3522
0.32608443,115878,1199.0499999999997,0.00026461,0.00900581,0.03935813,3520,0.0,-1.0,0.0,0.83,0,225.69,17-01-2026,20:21,5366
0.2692677,236009,2771.6199999999926,0.00021203,0.00820468,0.03627667,3560,0.0,-1.0,0.0,1.54,221,265.69,17-01-2026,20:21,7675
137.28872588,131,5.31,0.00121026,0.95140277,0.16315019,3160,0.00121051,-0.04860249,0.16316118,2076.119999999995,151532,1.68066362,17-01-2026,20:21,3997
99.70704154,1130,35.339999999999996,0.00241293,0.88627088,0.31160407,3200,0.00234217,-0.10654322,0.29746695,1554.7299999999996,60441,3.98440584,17-01-2026,20:21,2262
81.94923135,460,20.9,0.00319291,0.83584178,0.40033954,3220,0.0031833,-0.1593061,0.39261674,457.5900000000001,28255,6.33839518,17-01-2026,20:21,1517
65.49085312,328,40.11000000000001,0.00402429,0.76896253,0.49261539,3240,0.00404777,-0.22825212,0.48927811,1217.6599999999996,100469,9.79354282,17-01-2026,20:21,828
49.88509661,3128,93.82999999999998,0.00489937,0.68733471,0.57302757,3260,0.00494109,-0.31083812,0.5715761,556.03,43147,14.14673827,17-01-2026,20:21,259
35.89345039,9129,276.87,0.00568771,0.58694824,0.63019519,3280,0.00571832,-0.41495533,0.6307939,632.4799999999998,27770,20.21754718,17-01-2026,20:21,-167
24.02627386,50854,1528.7299999999977,0.00605187,0.46706798,0.64331683,3300,0.00615917,-0.52474615,0.64453988,2767.029999999996,139041,28.22522817,17-01-2026,20:21,-497
16.74674288,50079,1464.0899999999997,0.00548805,0.35542259,0.60266888,3320,0.00556459,-0.6455994,0.60209193,518.07,20996,40.8884545,17-01-2026,20:21,-695
11.49269582,26952,743.8299999999999,0.00462717,0.26458964,0.52964678,3340,0.00468009,-0.7409634,0.52389184,161.79000000000002,5095,55.68256351,17-01-2026,20:21,-482
7.9017201,39829,693.6999999999998,0.00372617,0.1921803,0.44227569,3360,0.00370492,-0.81649123,0.42974005,97.42000000000003,1748,72.05377404,17-01-2026,20:21,-200
5.31651959,42977,811.7199999999998,0.00285177,0.13235319,0.34659735,3380,0.00288498,-0.86826541,0.34558707,24.129999999999995,64,89.46402173,17-01-2026,20:21,181
3.61945986,35049,887.3099999999997,0.00215851,0.09639399,0.27646254,3400,0.00214552,-0.90733146,0.26859803,28.379999999999995,197,107.81871823,17-01-2026,20:21,652
2.59071656,93444,1077.2099999999996,0.00158996,0.06732182,0.21082446,3420,0.00151572,-0.9398794,0.19308018,3.02,2,126.61633083,17-01-2026,20:21,1182
1.61736224,44083,848.3399999999997,0.00117008,0.04700725,0.15890967,3440,0.00109344,-0.95843161,0.1439007,4.55,64,145.78733234,17-01-2026,20:21,1912
1.0933919,21586,270.51,0.00082839,0.03202276,0.11621576,3460,0.00059657,-0.98107977,0.07474321,4.08,276,165.13123406,17-01-2026,20:21,2712
0.69841987,42121,597.63,0.00056445,0.0204123,0.07974433,3480,0.0002067,-0.99499683,0.02340998,,30,184.76470125,17-01-2026,20:21,3548
0.27659189,115878,1199.0499999999997,0.00025352,0.00848319,0.03734329,3520,0.0,-1.0,0.0,0.83,0,224.65,17-01-2026,20:21,5394
0.29136811,236009,2771.6199999999926,0.00020964,0.00808535,0.03580361,3560,0.0,-1.0,0.0,1.54,221,264.65,17-01-2026,20:21,7705
140.33977731,131,5.31,0.001157,0.95222891,0.16090253,3160,0.00107819,-0.0415261,0.14371422,2108.0099999999943,151677,1.41178351,17-01-2026,20:25,4000
102.68125909,1130,36.47,0.00222792,0.89752241,0.28907175,3200,0.00220768,-0.09792867,0.27962125,1608.0299999999993,62019,3.66529055,17-01-2026,20:25,2245
84.79716269,388,20.9,0.00298051,0.85182816,0.37418166,3220,0.00299142,-0.14454296,0.36795387,482.7,30255,5.80515795,17-01-2026,20:25,1493
68.00582369,328,39.99,0.00382985,0.7879467,0.4689726,3240,0.00386905,-0.20999823,0.46624173,1238.3899999999994,100623,8.97342878,17-01-2026,20:25,799
52.12257172,3128,99.14999999999998,0.00474639,0.70837303,0.55521549,3260,0.00477494,-0.28899492,0.55290443,762.0400000000002,43262,12.99504887,17-01-2026,20:25,233
37.6646683,10237,337.68000000000006,0.00556863,0.61397339,0.61896572,3280,0.00563671,-0.38435257,0.61818858,685.5199999999999,27828,18.65476584,17-01-2026,20:25,-192
25.38788105,55884,1614.5899999999976,0.00609573,0.49828873,0.64547686,3300,0.00619638,-0.5011878,0.64550997,2812.1599999999953,141157,26.38759504,17-01-2026,20:25,-514
17.89667872,50160,1519.9199999999996,0.0056095,0.38359808,0.61780965,3320,0.00569789,-0.61819375,0.61694984,549.8400000000001,21000,38.75858725,17-01-2026,20:25,-660
12.41541834,26802,765.11,0.00479809,0.28527022,0.5495079,3340,0.00487076,-0.71712302,0.54735128,157.06,5095,53.24291658,17-01-2026,20:25,-424
8.57489364,45829,745.1599999999996,0.0038944,0.2086813,0.46455097,3360,0.00393885,-0.79561139,0.45891038,79.55000000000001,1748,69.49719666,17-01-2026,20:25,-127
5.84271994,42977,867.8399999999997,0.00304357,0.14878116,0.37515932,3380,0.00305881,-0.85110239,0.37541207,20.97,64,86.76987628,17-01-2026,20:25,287
3.98179795,35174,917.3999999999999,0.00232865,0.10733616,0.2989214,3400,0.00226654,-0.90159034,0.28062671,27.979999999999997,197,104.87711795,17-01-2026,20:25,784
2.72684311,93444,1090.5399999999995,0.00173531,0.07551961,0.23024322,3420,0.00165098,-0.93301125,0.20999644,2.9699999999999998,3,123.53165854,17-01-2026,20:25,1339
1.76322772,44746,857.3699999999997,0.00125887,0.05155154,0.17098929,3440,0.0012289,-0.95084768,0.16461804,4.55,64,142.69517301,17-01-2026,20:25,2094
1.14197942,22239,283.03999999999996,0.0008761,0.03371708,0.12122652,3460,0.00069077,-0.97722091,0.08744478,4.08,276,161.77344079,17-01-2026,20:25,2921
0.73401624,42121,674.0999999999999,0.00062207,0.02305888,0.0883524,3480,0.00037417,-0.98918167,0.04618376,,30,181.60756384,17-01-2026,20:25,3784
0.2932796,115878,1288.5499999999997,0.00028533,0.00969254,0.04196396,3520,0.0,-1.0,0.0,0.83,0,221.3,17-01-2026,20:25,5684
0.28347766,236124,2736.799999999992,0.00021494,0.00818715,0.03618918,3560,0.0,-1.0,0.0,1.54,221,261.35,17-01-2026,20:25,8049
139.58320297,131,5.31,0.00118686,0.95089,0.16433505,3160,0.00110437,-0.04279286,0.14712638,2108.0099999999943,152182,1.44274525,17-01-2026,20:27,4007
101.87979735,1130,36.47,0.00226753,0.89590639,0.29209537,3200,0.00225028,-0.10029147,0.28427773,1608.0299999999993,62019,3.70519108,17-01-2026,20:27,2253
83.96733682,388,20.9,0.00303331,0.84915717,0.37830622,3220,0.003037,-0.14768223,0.37298521,482.7,30255,5.8370191,17-01-2026,20:27,1500
67.26319188,328,39.99,0.00389493,0.78343905,0.47428944,3240,0.00392795,-0.21420789,0.47125529,1238.3899999999994,100623,9.11836802,17-01-2026,20:27,806
51.49986837,3128,99.14999999999998,0.00478539,0.70323601,0.5592325,3260,0.00483104,-0.29449562,0.55726184,762.0400000000002,43154,13.25038639,17-01-2026,20:27,239
37.17131439,10257,337.68000000000006,0.00562725,0.60569079,0.6220823,3280,0.00568502,-0.39166552,0.6209545,685.5199999999999,27764,18.87180852,17-01-2026,20:27,-187
24.95161891,55886,1614.5899999999976,0.00604236,0.49124476,0.64473499,3300,0.00621497,-0.5107226,0.64461469,2812.1599999999953,141162,26.72151251,17-01-2026,20:27,-510
17.49608542,50160,1519.9199999999996,0.00559178,0.37488023,0.61287377,3320,0.00567242,-0.62733161,0.61171525,549.8400000000001,21000,39.25818256,17-01-2026,20:27,-663
12.09724194,26802,765.11,0.00477279,0.27874928,0.54294909,3340,0.00482681,-0.72510372,0.53925876,157.06,5095,53.80410699,17-01-2026,20:27,-430
8.38398002,45829,745.1599999999996,0.0038476,0.20344783,0.45718509,3360,0.00388067,-0.80108648,0.45107019,79.55000000000001,1748,70.01582742,17-01-2026,20:27,-134
5.69372862,42977,867.8399999999997,0.00300022,0.14565352,0.36953921,3380,0.00298491,-0.86092927,0.35814559,20.97,64,87.44057355,17-01-2026,20:27,279
3.87985547,35297,917.3999999999999,0.00227317,0.10325523,0.29037646,3400,0.00223135,-0.9029562,0.27751005,27.979999999999997,197,105.5692758,17-01-2026,20:27,775
2.64831377,93444,1090.5399999999995,0.00169734,0.07325605,0.22474522,3420,0.00159521,-0.93643242,0.20143533,2.9699999999999998,3,124.25539781,17-01-2026,20:27,1330
1.69323031,45246,857.3699999999997,0.00121704,0.04920854,0.16460009,3440,0.00107809,-0.96079708,0.13703051,4.55,64,143.38559884,17-01-2026,20:27,2085
1.12373692,22239,283.03999999999996,0.00086819,0.03356275,0.12066601,3460,0.00066858,-0.97811774,0.08445386,4.08,276,162.7184402,17-01-2026,20:27,2913
0.70073096,42121,674.0999999999999,0.00059585,0.02178406,0.08413439,3480,0.00040474,-0.98776739,0.05133498,,30,182.40178277,17-01-2026,20:27,3777
0.30484329,115878,1288.5499999999997,0.00028282,0.00964972,0.04176206,3520,0.0,-1.0,0.0,0.83,0,222.16,17-01-2026,20:27,5680
0.2862357,237134,2736.799999999992,0.00021357,0.0081609,0.0360557,3560,0.0,-1.0,0.0,1.54,221,262.16,17-01-2026,20:27,8047
149.06129914,131,5.31,0.00094642,0.96304945,0.13018495,3160,0.00089346,-0.03335877,0.11970555,2125.759999999994,153150,1.11164641,17-01-2026,20:42,4084
110.83873788,1130,36.47,0.00194743,0.91233169,0.25664621,3200,0.00184327,-0.07568148,0.22972847,1645.7399999999993,61786,2.68113678,17-01-2026,20:42,2273
92.47063691,288,23.9,0.00262377,0.87604828,0.32980958,3220,0.00260072,-0.11675238,0.31617278,534.9199999999998,31957,4.34948791,17-01-2026,20:42,1497
75.143853,328,40.09,0.00345893,0.82339399,0.41784337,3240,0.00347503,-0.17353334,0.41319141,1318.8199999999995,107329,7.02064552,17-01-2026,20:42,778
58.49449446,2899,99.19999999999999,0.00437867,0.75464095,0.50709526,3260,0.00444975,-0.24345968,0.50488179,787.5500000000002,44393,10.27937154,17-01-2026,20:42,212
42.81398286,9509,378.68000000000006,0.00538602,0.6598881,0.59044489,3280,0.00543665,-0.3336092,0.58616844,741.3699999999999,29972,14.98569792,17-01-2026,20:42,-214
29.84742973,58593,1806.4299999999978,0.00608076,0.54956542,0.63786387,3300,0.00624164,-0.44366329,0.63659114,2937.0599999999954,143934,21.62660363,17-01-2026,20:42,-537
20.99082038,49096,1619.1699999999996,0.00589711,0.4280001,0.63228992,3320,0.00597406,-0.57220604,0.63225633,590.0800000000002,21603,32.9208918,17-01-2026,20:42,-588
14.5300596,27838,790.8799999999999,0.00523402,0.32567232,0.58052758,3340,0.00528341,-0.68028644,0.57601119,154.18,5374,46.15530176,17-01-2026,20:42,-328
10.01741862,42869,862.2299999999998,0.00434175,0.2411138,0.5023333,3360,0.00436518,-0.76513818,0.49508242,77.81,1748,61.73383918,17-01-2026,20:42,-19
6.83072056,44289,878.6099999999996,0.00341881,0.17260856,0.41178492,3380,0.00344181,-0.83180097,0.4050757,22.93,222,78.51955316,17-01-2026,20:42,397
4.64567281,37389,950.1999999999997,0.00262939,0.12281726,0.32769251,3400,0.0025923,-0.88612361,0.31066284,30.04,225,96.33931768,17-01-2026,20:42,898
3.17381637,93785,1103.3699999999994,0.00198832,0.08827655,0.2580034,3420,0.0019191,-0.91930232,0.24116862,3.0,3,114.89529679,17-01-2026,20:42,1460
2.03653838,44508,882.9399999999996,0.00143429,0.05889626,0.18922975,3440,0.00117625,-0.95936789,0.14062417,4.6,99,133.80305176,17-01-2026,20:42,2225
1.2931469,22489,289.53,0.00100645,0.03894638,0.13588611,3460,0.00082829,-0.97193939,0.10370884,4.08,276,153.10997353,17-01-2026,20:42,3057
0.8230539,40914,690.27,0.00071052,0.02628435,0.09823447,3480,0.00058286,-0.9807698,0.07548351,,30,172.53254104,17-01-2026,20:42,3925
0.33120417,115878,1348.7199999999996,0.0003325,0.01138804,0.0480979,3520,0.0,-1.0,0.0,0.83,0,212.15,17-01-2026,20:42,5832
0.21196165,256641,2940.089999999992,0.00019412,0.00680431,0.03062666,3560,0.0,-1.0,0.0,1.54,221,252.15,17-01-2026,20:42,8202
150.68615373,131,5.31,0.00095423,0.9618706,0.1335578,3160,0.0008682,-0.0321083,0.1159724,2129.4299999999935,153155,1.02894257,17-01-2026,20:43,4038
112.4624816,1130,36.47,0.00187895,0.91882984,0.2421844,3200,0.00181733,-0.07440077,0.2266988,1677.289999999999,61686,2.57925957,17-01-2026,20:43,2231
94.07290273,288,23.9,0.00257757,0.88065376,0.3210814,3220,0.00255175,-0.11352288,0.30989113,558.3499999999998,33988,4.1323661,17-01-2026,20:43,1456
76.56669733,328,40.09,0.00339596,0.82792503,0.41098132,3240,0.00342104,-0.16976599,0.40738994,1330.9999999999995,107335,6.66257205,17-01-2026,20:43,742
59.77049994,2899,101.63999999999999,0.00436933,0.75906306,0.50197684,3260,0.00439252,-0.23857545,0.49928933,817.4900000000001,44328,9.83831163,17-01-2026,20:43,186
44.21245218,9509,378.81000000000006,0.00533532,0.67387659,0.58085136,3280,0.00540629,-0.32755216,0.58178069,748.4699999999998,29972,14.42731975,17-01-2026,20:43,-233
30.74983855,58882,1825.6199999999976,0.00615413,0.56181005,0.63514126,3300,0.00618352,-0.4398271,0.63549707,2998.4199999999955,141434,20.85646799,17-01-2026,20:43,-549
21.72688641,50183,1644.4499999999998,0.0059253,0.44215744,0.63615515,3320,0.00602369,-0.5590775,0.63585861,598.32,21604,31.65367241,17-01-2026,20:43,-576
14.97324616,28038,811.6599999999999,0.00528082,0.33250657,0.58536203,3340,0.00535066,-0.66955221,0.58393759,153.96999999999997,5374,45.0120142,17-01-2026,20:43,-305
10.37706522,42870,892.0799999999998,0.00437406,0.24336881,0.50472048,3360,0.00440549,-0.75725694,0.50405715,79.81,1780,60.34962688,17-01-2026,20:43,10
7.08268991,44289,881.2299999999994,0.00346878,0.17526733,0.41575573,3380,0.00347703,-0.82980073,0.40805368,22.71,222,77.03380955,17-01-2026,20:43,430
4.83720069,37611,955.7599999999996,0.00268196,0.126158,0.33388358,3400,0.00264152,-0.88067666,0.32104589,30.04,225,94.76485087,17-01-2026,20:43,935
3.3201921,95785,1131.1299999999994,0.0020021,0.08858983,0.25860649,3420,0.00193524,-0.91999804,0.23957847,3.0,3,113.20605064,17-01-2026,20:43,1502
2.13706281,44508,882.1899999999996,0.00145394,0.06004551,0.19205774,3440,0.00134882,-0.94909874,0.16859816,4.8999999999999995,99,132.02579677,17-01-2026,20:43,2277
1.36873218,22489,289.53,0.00101726,0.03915787,0.13647128,3460,0.00082686,-0.97266119,0.10150051,4.08,276,151.14477925,17-01-2026,20:43,3117
0.84825322,40914,683.98,0.00071262,0.02624456,0.09808141,3480,0.0005124,-0.98424355,0.06365418,,30,170.69371609,17-01-2026,20:43,3993
0.36414993,115878,1349.4299999999996,0.00033528,0.01143584,0.04826758,3520,0.0,-1.0,0.0,0.83,0,210.4,17-01-2026,20:43,5914
0.22498955,256646,3082.2099999999914,0.00019546,0.00682779,0.0307162,3560,0.0,-1.0,0.0,1.54,221,250.38,17-01-2026,20:43,8301
131.31992733,346,7.46,0.00129752,0.94814924,0.16895497,3160,0.00121253,-0.04564573,0.15260978,2223.7799999999925,162371,1.50302136,17-01-2026,20:59,4449
93.91137108,1190,37.239999999999995,0.00253348,0.88483623,0.30926033,3200,0.00252196,-0.11072746,0.30066887,1695.199999999999,63584,4.04827463,17-01-2026,20:59,2541
76.28764187,288,23.9,0.0033815,0.83156255,0.4003978,3220,0.00338349,-0.16318424,0.39227887,615.8499999999997,34808,6.44234342,17-01-2026,20:59,1711
60.04823722,526,42.040000000000006,0.004287,0.76004862,0.49477249,3240,0.00432495,-0.23720572,0.49164924,1458.9399999999994,112290,10.21077341,17-01-2026,20:59,947
44.79871022,3052,130.67999999999998,0.00523852,0.66966287,0.57658126,3260,0.00534623,-0.32361319,0.57186281,931.4300000000001,53512,14.85259551,17-01-2026,20:59,316
31.29286238,9357,461.52,0.00595646,0.56373986,0.62687475,3280,0.00609201,-0.43528318,0.62661378,799.4399999999996,30027,21.2630774,17-01-2026,20:59,-155
20.05730643,68645,1972.779999999997,0.00630308,0.43985489,0.62776485,3300,0.00642378,-0.56423152,0.62665404,3206.3299999999954,147676,30.06054629,17-01-2026,20:59,-517
13.51259912,54818,1723.7299999999998,0.00554511,0.32240433,0.57089094,3320,0.00559622,-0.67622208,0.57197792,650.88,22118,43.686526,17-01-2026,20:59,-717
9.02528764,27781,820.4799999999998,0.00454049,0.23412091,0.48811391,3340,0.00455827,-0.76845129,0.48512149,156.29999999999998,5505,59.12111033,17-01-2026,20:59,-480
6.09810298,59134,1069.0899999999997,0.00350475,0.16517894,0.39533041,3360,0.00352602,-0.84051877,0.38645638,80.67000000000002,1865,76.15521965,17-01-2026,20:59,-162
4.10118456,44534,859.8999999999993,0.00265735,0.11710318,0.31294999,3380,0.00253377,-0.90081281,0.27763783,22.71,222,93.99394467,17-01-2026,20:59,308
2.64445195,38163,971.7099999999997,0.00192731,0.0781759,0.23252957,3400,0.00183834,-0.92986956,0.21398832,30.139999999999997,225,112.68974585,17-01-2026,20:59,862
1.79586352,94145,1157.1599999999994,0.00139589,0.05433413,0.17536307,3420,0.00123985,-0.95687612,0.14577809,6.04,3,131.81217082,17-01-2026,20:59,1484
1.1164241,44383,885.6199999999997,0.0009551,0.03482238,0.12245948,3440,0.00077575,-0.97547524,0.09154039,5.449999999999999,99,151.10949208,17-01-2026,20:59,2304
0.68924764,23551,308.15,0.0006581,0.02290496,0.08642847,3460,0.00039252,-0.98932622,0.04489702,4.08,276,170.59409483,17-01-2026,20:59,3199
0.44724321,41198,685.8199999999999,0.00045748,0.01551124,0.06203798,3480,0.0,-1.0,0.0,,30,190.49000021,17-01-2026,20:59,4135
0.17582941,118358,1398.8299999999997,0.00018641,0.00574115,0.02602082,3520,0.0,-1.0,0.0,0.83,0,230.5,17-01-2026,20:59,6180
0.16342959,257079,3094.4399999999905,0.00015167,0.00533798,0.02439477,3560,0.0,-1.0,0.0,1.54,221,270.5,17-01-2026,20:59,8699
115.23511159,426,7.46,0.00170711,0.93204287,0.20740167,3160,0.00171388,-0.06993444,0.21208863,2223.7799999999925,163481,2.26679003,17-01-2026,21:03,4496
79.31542285,1301,37.239999999999995,0.00330587,0.82847473,0.40214829,3200,0.0033024,-0.1619056,0.38748316,1695.199999999999,58186,6.10112429,17-01-2026,21:03,2602
62.83714804,376,23.9,0.00416762,0.75897413,0.49235705,3220,0.00421731,-0.23460621,0.4851527,615.8499999999997,36159,9.61374763,17-01-2026,21:03,1764
47.87032336,526,42.040000000000006,0.00496415,0.67940046,0.56573188,3240,0.00501814,-0.31770282,0.56359455,1458.9399999999994,114818,14.99833378,17-01-2026,21:03,993
33.95345109,2903,130.67999999999998,0.00579482,0.57327216,0.61980657,3260,0.00586994,-0.42920487,0.62041719,931.4300000000001,50934,20.6858965,17-01-2026,21:03,314
22.47934149,12083,461.52,0.00604643,0.45443368,0.62635472,3280,0.00616643,-0.54532754,0.62644227,799.4399999999996,29715,28.76806712,17-01-2026,21:03,-182
13.75591395,73849,1972.779999999997,0.00581438,0.32893631,0.57156696,3300,0.00584598,-0.67286568,0.57029081,3206.3299999999954,147597,39.99037838,17-01-2026,21:03,-558
9.08516827,55737,1723.7299999999998,0.00478218,0.23497019,0.48572646,3320,0.00480439,-0.76734063,0.48307001,650.88,20799,55.56932646,17-01-2026,21:03,-921
5.72813604,31142,820.4799999999998,0.00366578,0.16470245,0.39193157,3340,0.00366135,-0.84531605,0.37615845,156.29999999999998,5007,72.34385103,17-01-2026,21:03,-707
3.84128797,55739,1069.0899999999997,0.00265424,0.11032379,0.29772729,3360,0.00262995,-0.89635085,0.28467349,80.67000000000002,1865,90.60706332,17-01-2026,21:03,-374
2.63591339,44484,859.8999999999993,0.0019765,0.07803496,0.23062341,3380,0.00192911,-0.92475352,0.22425928,22.71,222,109.28015387,17-01-2026,21:03,97
1.94397155,43096,971.7099999999997,0.00142078,0.05403894,0.17340754,3400,0.00124138,-0.95788741,0.14198987,30.139999999999997,225,128.5247336,17-01-2026,21:03,661
1.31283487,96953,1157.1599999999994,0.00097265,0.03514576,0.12252071,3420,0.00094382,-0.96652919,0.11769057,6.04,3,148.02427912,17-01-2026,21:03,1309
0.89453351,44883,885.6199999999997,0.00071071,0.02548917,0.09387158,3440,0.00064468,-0.97817101,0.08239783,5.449999999999999,80,167.3679958,17-01-2026,21:03,2158
0.59539485,23551,308.15,0.00048169,0.01657411,0.06518563,3460,6.569e-05,-0.99880845,0.00624737,4.08,176,187.26576761,17-01-2026,21:03,3087
0.43154658,41219,685.8199999999999,0.0003472,0.01183552,0.04876609,3480,0.00024909,-0.99256502,0.03247665,,30,207.25002418,17-01-2026,21:03,4059
0.08411633,118358,1398.8299999999997,0.00013927,0.00428837,0.01992563,3520,0.0,-1.0,0.0,0.83,20,247.25,17-01-2026,21:03,6172
0.12036112,257101,3094.4399999999905,0.000138,0.00509117,0.02322834,3560,0.0,-1.0,0.0,1.54,221,287.35,17-01-2026,21:03,8758
121.13784774,426,8.28,0.0015857,0.93386199,0.20302237,3160,0.00149803,-0.05814643,0.18361229,2365.979999999992,167639,1.96582177,17-01-2026,21:09,4599
84.48783076,1640,43.47,0.00299075,0.85707065,0.35659983,3200,0.00298348,-0.13829146,0.34870209,1820.8199999999993,59747,5.26621579,17-01-2026,21:09,2637
67.53712036,376,25.07,0.00388519,0.79293235,0.45154306,3220,0.00390433,-0.20403617,0.44759468,715.8399999999997,37779,8.37542032,17-01-2026,21:09,1775
52.23471543,523,42.07000000000001,0.00471307,0.70904501,0.54164397,3240,0.00480393,-0.28813323,0.53911999,1656.0899999999992,108076,13.02041548,17-01-2026,21:09,978
37.97710369,3867,184.45,0.00554388,0.61193777,0.60528763,3260,0.00555698,-0.3888309,0.60560448,1203.5700000000002,69767,18.76350508,17-01-2026,21:09,290
25.4650063,15940,626.11,0.00615405,0.49631379,0.63022828,3280,0.00638651,-0.50539509,0.63016341,894.1699999999994,31642,26.29994027,17-01-2026,21:09,-230
15.1679059,79260,2254.679999999997,0.00621301,0.3668871,0.59484114,3300,0.00629427,-0.63434161,0.59418147,3625.3499999999954,148109,35.83260997,17-01-2026,21:09,-581
10.50559817,65329,1914.0499999999997,0.005076,0.26997453,0.52239764,3320,0.00515186,-0.73206869,0.52046778,697.37,20955,51.23535207,17-01-2026,21:09,-845
7.19871651,35330,949.7999999999997,0.00397891,0.19276592,0.43254808,3340,0.00401948,-0.81045997,0.42815703,160.95999999999998,4996,67.93261823,17-01-2026,21:09,-565
4.92771518,59322,1221.1399999999999,0.00302864,0.13870921,0.34942677,3360,0.002992,-0.8715136,0.33150013,82.50000000000001,1895,85.59758114,17-01-2026,21:09,-174
3.27155487,47097,919.8799999999993,0.00223694,0.09453009,0.2660378,3380,0.00216963,-0.91406121,0.24786772,24.409999999999997,222,104.00644995,17-01-2026,21:09,362
2.15463529,42878,1032.5799999999997,0.00163847,0.06525717,0.20097299,3400,0.00150172,-0.94507174,0.17555617,33.419999999999995,200,122.80094893,17-01-2026,21:09,991
1.45113032,96933,1199.5299999999995,0.00116152,0.04429316,0.14785038,3420,0.00099,-0.96674489,0.11704786,6.04,3,142.08482347,17-01-2026,21:09,1701
0.87318868,44983,896.1199999999997,0.00079662,0.02867391,0.10353477,3440,0.00060884,-0.98125426,0.07239569,5.8100000000000005,80,161.43010213,17-01-2026,21:09,2612
0.53228747,21898,352.88,0.00053669,0.01836291,0.07113653,3460,0.00013127,-0.99732457,0.01303845,4.07,176,181.14803232,17-01-2026,21:09,3601
0.36956551,43919,715.2599999999999,0.00038526,0.01307283,0.05314067,3480,0.0,-1.0,0.0,0.2,30,201.12,17-01-2026,21:09,4631
0.0720795,117160,1928.8499999999995,0.00011441,0.0032137,0.01537679,3520,0.0,-1.0,0.0,1.03,20,241.12,17-01-2026,21:09,6869
0.1533172,257131,3108.34999999999,0.00014251,0.00517383,0.02354883,3560,0.0,-1.0,0.0,1.54,221,281.12,17-01-2026,21:09,9576
112.03859334,426,8.28,0.00199661,0.90220226,0.27176417,3160,0.00178676,-0.07301888,0.21836754,2365.979999999992,169817,2.63983991,17-01-2026,21:11,4772
76.08406941,1640,43.47,0.00335959,0.83007302,0.39835967,3200,0.00336275,-0.16662852,0.39337193,1820.8199999999993,65481,6.80191573,17-01-2026,21:11,2744
59.76258769,376,25.07,0.00424895,0.75814086,0.49157381,3220,0.0043501,-0.242352,0.49192605,715.8399999999997,37779,10.56630792,17-01-2026,21:11,1852
45.25798736,523,42.07000000000001,0.00504763,0.66620828,0.57280053,3240,0.00510868,-0.3316111,0.57131571,1656.0899999999992,110078,15.98197291,17-01-2026,21:11,1032
32.07666551,4067,184.45,0.00564713,0.56310101,0.62033717,3260,0.00591729,-0.43605998,0.62005207,1203.5700000000002,72213,22.72390108,17-01-2026,21:11,296
20.59662956,18063,626.11,0.00610433,0.44951829,0.62331965,3280,0.00609174,-0.55035975,0.62334399,894.1699999999994,32910,31.37080043,17-01-2026,21:11,-264
11.83195668,79200,2254.679999999997,0.00588182,0.32187863,0.56463393,3300,0.00603242,-0.69019784,0.55538723,3625.3499999999954,150031,42.27627076,17-01-2026,21:11,-638
8.18122162,65440,1914.0499999999997,0.00461173,0.22688533,0.47444735,3320,0.00469773,-0.7782233,0.46842503,697.37,20945,58.85279372,17-01-2026,21:11,-1028
5.47986255,37065,949.7999999999997,0.0035315,0.16007116,0.38320727,3340,0.00354323,-0.84671255,0.37247618,160.95999999999998,4996,76.18410418,17-01-2026,21:11,-774
3.70178259,61322,1221.1399999999999,0.0025956,0.11121344,0.29829149,3360,0.00266903,-0.88752944,0.30091864,82.50000000000001,1895,94.46169668,17-01-2026,21:11,-383
2.64032888,52527,919.8799999999993,0.00193423,0.07862143,0.23101589,3380,0.0017901,-0.93322992,0.20376419,24.409999999999997,244,113.14404637,17-01-2026,21:11,156
1.77476364,49299,1032.5799999999997,0.00138861,0.05341288,0.17115657,3400,0.00139304,-0.94665768,0.17100636,33.419999999999995,200,132.31518707,17-01-2026,21:11,807
1.10153855,98133,1199.5299999999995,0.000958,0.03518047,0.12213943,3420,0.00079931,-0.97436561,0.0939838,6.04,3,151.73346552,17-01-2026,21:11,1552
0.72444488,48502,896.1199999999997,0.00070275,0.02534461,0.09309388,3440,0.00021202,-0.99542104,0.02105486,5.8100000000000005,80,171.39300221,17-01-2026,21:11,2497
0.42887409,21898,352.88,0.00046079,0.01576853,0.06222219,3460,0.0,-1.0,0.0,4.07,176,191.08009679,17-01-2026,21:11,3532
0.32095816,43919,715.2599999999999,0.00033853,0.01152006,0.04746594,3480,0.0,-1.0,0.0,0.2,30,211.08000001,17-01-2026,21:11,4606
0.07019911,117160,1928.8499999999995,0.00014201,0.00442074,0.02040398,3520,0.0,-1.0,0.0,1.03,20,251.15,17-01-2026,21:11,6935
0.1495293,257142,3108.34999999999,0.00013586,0.0050463,0.02295449,3560,0.0,-1.0,0.0,1.54,221,291.08,17-01-2026,21:11,9733
101.62928687,299,12.96,0.00232327,0.88811568,0.29741242,3160,0.0022668,-0.1013561,0.27693286,2600.2999999999847,159327,3.8214234,17-01-2026,21:20,4409
67.12898655,1754,52.449999999999996,0.00388607,0.77960034,0.46317071,3200,0.00391213,-0.2168138,0.45881734,2083.239999999999,62090,9.47464961,17-01-2026,21:20,2497
51.91780761,331,23.72,0.00468267,0.69674835,0.54595552,3220,0.0047378,-0.30188259,0.54481805,782.9199999999996,41401,14.26083368,17-01-2026,21:20,1650
38.61971263,1582,55.260000000000005,0.00526192,0.59682974,0.60491611,3240,0.00535888,-0.40154449,0.60428199,1824.519999999999,113060,20.82823239,17-01-2026,21:20,877
26.34193088,9752,346.12,0.00577101,0.48807415,0.62308975,3260,0.00583662,-0.51227414,0.6230737,1587.4999999999993,45936,28.63815738,17-01-2026,21:20,161
16.31043155,26365,758.7199999999999,0.00589551,0.37734517,0.5940424,3280,0.00587074,-0.62329987,0.5936918,979.3699999999992,34380,38.63055921,17-01-2026,21:20,-320
8.96353439,79035,2393.689999999997,0.00527338,0.25595824,0.50305168,3300,0.00521157,-0.75639042,0.48973537,3792.9899999999952,140597,51.12170871,17-01-2026,21:20,-664
6.53429752,74784,2114.7899999999995,0.00391953,0.18257426,0.41372506,3320,0.0039782,-0.8199983,0.41017332,735.68,18647,68.82395695,17-01-2026,21:20,-1127
4.56164647,40384,1075.1699999999996,0.00295067,0.12890767,0.32866214,3340,0.00292222,-0.87791441,0.31642324,149.31999999999994,4890,86.63342728,17-01-2026,21:20,-834
3.13986416,61420,1290.79,0.00218358,0.0911431,0.25615037,3360,0.00215288,-0.91613762,0.2408385,79.53,1620,105.35148185,17-01-2026,21:20,-395
2.16007876,52774,990.8499999999993,0.00158945,0.06360647,0.19481376,3380,0.00147609,-0.94571328,0.17203632,28.89,494,124.20412174,17-01-2026,21:20,196
1.44191989,49012,1106.37,0.00116709,0.04518041,0.14862517,3400,0.00091472,-0.97085735,0.10384146,34.86999999999999,225,143.70752851,17-01-2026,21:20,897
0.99068416,98120,1237.5899999999995,0.00082355,0.03077204,0.10858284,3420,0.00067206,-0.97823722,0.08131116,6.04,3,163.11890536,17-01-2026,21:20,1695
0.64187643,52008,1002.4799999999996,0.0005736,0.02056233,0.07746107,3440,0.00024709,-0.99381778,0.0272848,5.8100000000000005,80,182.7878314,17-01-2026,21:20,2694
0.36337794,21178,389.58,0.00036237,0.01209326,0.04913332,3460,0.0,-1.0,0.0,3.06,176,202.61000012,17-01-2026,21:20,3791
0.2724775,43798,722.8299999999998,0.00026803,0.0089243,0.03771405,3480,0.0,-1.0,0.0,0.2,30,222.61,17-01-2026,21:20,4925
0.08386881,117153,1950.4199999999996,9.905e-05,0.00294506,0.0140662,3520,0.0,-1.0,0.0,1.03,20,262.61,17-01-2026,21:20,7375
0.12042337,258077,3155.829999999989,9.946e-05,0.00354534,0.01661307,3560,0.00012383,-0.9953237,0.02129873,1.74,240,302.61,17-01-2026,21:20,10293
100.43902244,299,12.96,0.00233237,0.8912854,0.291024,3160,0.00230002,-0.10212572,0.27814067,2600.2999999999847,160490,3.95916648,17-01-2026,21:22,4403
66.13502645,1754,52.449999999999996,0.00395159,0.77542934,0.46757675,3200,0.00399945,-0.22249286,0.46504969,2083.239999999999,62551,9.74932154,17-01-2026,21:22,2489
50.71624193,367,23.72,0.00476508,0.68941737,0.55099383,3220,0.00479003,-0.30664043,0.54800078,782.9199999999996,43869,14.53410317,17-01-2026,21:22,1641
37.74783789,1632,55.260000000000005,0.00536292,0.59294658,0.60570425,3240,0.00542106,-0.40708461,0.60568407,1824.519999999999,109966,21.24720112,17-01-2026,21:22,869
25.34345118,11235,346.12,0.00586989,0.48073236,0.62192033,3260,0.00587856,-0.51930845,0.62192154,1587.4999999999993,47711,29.27755607,17-01-2026,21:22,154
15.54939878,25695,758.7199999999999,0.0057791,0.35704661,0.58215348,3280,0.00588513,-0.64686442,0.57986404,979.3699999999992,34380,39.34613144,17-01-2026,21:22,-326
8.56090875,80257,2393.689999999997,0.00507857,0.23587576,0.48052234,3300,0.00515358,-0.77109673,0.47257764,3792.9899999999952,138989,51.80533701,17-01-2026,21:22,-670
6.28654375,74508,2114.7899999999995,0.00385171,0.17579269,0.40349815,3320,0.00383261,-0.82868539,0.39686179,735.68,18639,69.78176,17-01-2026,21:22,-1132
4.38546518,40384,1075.1699999999996,0.00288343,0.12441925,0.32025382,3340,0.00284681,-0.88324918,0.30622453,149.31999999999994,4890,87.74780592,17-01-2026,21:22,-839
3.14354931,61154,1290.79,0.00214853,0.09038935,0.25426404,3360,0.002045,-0.92020054,0.23155031,79.53,1620,106.46991041,17-01-2026,21:22,-398
2.04254906,52774,990.8499999999993,0.00155078,0.0612918,0.1890548,3380,0.00147466,-0.94476467,0.17420654,28.89,494,125.40888933,17-01-2026,21:22,196
1.39463342,48827,1106.37,0.00111361,0.0425855,0.14148522,3400,0.00099496,-0.96511388,0.1202558,34.86999999999999,215,144.78206608,17-01-2026,21:22,900
0.91803947,98120,1237.5899999999995,0.00079707,0.02948531,0.10468235,3420,0.00059191,-0.98151851,0.0706508,6.04,3,164.61104695,17-01-2026,21:22,1700
0.62983715,52008,1002.4799999999996,0.00057057,0.0206316,0.07758666,3440,4.193e-05,-0.99932861,0.00364196,5.8100000000000005,80,184.34222043,17-01-2026,21:22,2702
0.35468928,21178,389.58,0.00035929,0.01204132,0.04889392,3460,0.0,-1.0,0.0,3.06,176,203.81000022,17-01-2026,21:22,3801
0.25739023,43798,722.8299999999998,0.00026314,0.00884222,0.03734768,3480,0.0,-1.0,0.0,0.2,30,224.27,17-01-2026,21:22,4938
0.07830861,117153,1950.4199999999996,9.73e-05,0.00291885,0.01392897,3520,0.0,-1.0,0.0,1.03,20,264.27,17-01-2026,21:22,7393
0.10202971,258087,3155.829999999989,9.326e-05,0.00327846,0.01546722,3560,0.0,-1.0,0.0,1.74,240,303.81,17-01-2026,21:22,10317
106.63580313,299,12.96,0.00207563,0.90705138,0.25987755,3160,0.00202419,-0.08740846,0.24832793,2600.2999999999847,160717,3.19369181,17-01-2026,21:25,4308
71.45471612,1754,52.449999999999996,0.00363006,0.80850357,0.42616441,3200,0.00362218,-0.19101025,0.42552299,2083.239999999999,54154,8.14160076,17-01-2026,21:25,2433
55.79973681,367,23.72,0.00448234,0.73091931,0.51591129,3220,0.00454313,-0.27047557,0.51713035,782.9199999999996,50369,12.30743361,17-01-2026,21:25,1600
41.65394299,1632,55.260000000000005,0.00524804,0.63099906,0.58941591,3240,0.00528049,-0.36663747,0.58823221,1824.519999999999,105299,18.17611428,17-01-2026,21:25,840
29.14764372,15738,346.12,0.0058226,0.52693097,0.62206206,3260,0.00580659,-0.47341167,0.62209278,1587.4999999999993,47369,25.59722128,17-01-2026,21:25,169
17.81377513,26925,758.7199999999999,0.00606087,0.40500225,0.60572879,3280,0.00612809,-0.59619033,0.60527782,979.3699999999992,34405,34.471832,17-01-2026,21:25,-266
9.9001263,80297,2393.689999999997,0.00564279,0.2753583,0.52181647,3300,0.00567577,-0.72654666,0.52003152,3792.9899999999952,138989,46.50994373,17-01-2026,21:25,-574
7.46884455,73832,2114.7899999999995,0.00422828,0.2033164,0.4417825,3320,0.0042654,-0.80184056,0.4350462,735.68,18648,63.69857553,17-01-2026,21:25,-940
5.24614398,40384,1075.1699999999996,0.00321872,0.1454416,0.35687417,3340,0.00320484,-0.86086855,0.34632254,149.31999999999994,4890,81.60674039,17-01-2026,21:25,-617
3.62552751,62985,1290.79,0.00242933,0.10466908,0.28354088,3360,0.00236521,-0.90348675,0.2672195,79.53,1620,99.99795228,17-01-2026,21:25,-160
2.46994637,52725,990.8499999999993,0.00175975,0.07166314,0.2136181,3380,0.00171079,-0.93380315,0.20098901,28.89,494,118.821429,17-01-2026,21:25,453
1.66781847,48837,1106.37,0.0012865,0.05061939,0.16275375,3400,0.00114521,-0.95940784,0.13627609,34.86999999999999,215,138.09810955,17-01-2026,21:25,1173
1.1405059,98120,1237.5899999999995,0.00092227,0.03484229,0.12031412,3420,0.00076068,-0.97464769,0.09240659,6.04,3,157.47260935,17-01-2026,21:25,1988
0.72623903,52008,1002.4799999999996,0.00064653,0.02346031,0.08659498,3440,0.00030107,-0.99224654,0.03331816,5.8100000000000005,80,177.01349464,17-01-2026,21:25,3006
0.38397588,21178,389.58,0.00040047,0.01333032,0.05346346,3460,0.0,-1.0,0.0,3.06,176,196.82,17-01-2026,21:25,4119
0.27463273,43798,722.8299999999998,0.00027812,0.00906262,0.03822207,3480,8.447e-05,-0.99808341,0.00953116,0.2,30,216.83,17-01-2026,21:25,5270
0.07571968,116953,1950.4199999999996,9.387e-05,0.00267992,0.01291579,3520,0.0,-1.0,0.0,1.03,20,256.83,17-01-2026,21:25,7753
0.11708047,258097,3155.829999999989,0.00010298,0.00360755,0.01687782,3560,0.0,-1.0,0.0,1.74,240,296.82,17-01-2026,21:25,10704
109.68457123,299,12.96,0.00195407,0.91492076,0.24336104,3160,0.00191296,-0.08007068,0.23249247,2600.2999999999847,161489,2.85825185,17-01-2026,21:27,4261
91.40540833,0,,0.00265746,0.876703,0.31866374,3180,0.00265074,-0.11999768,0.31263094,,0,4.47913035,17-01-2026,21:27,3314
74.19763516,1769,52.449999999999996,0.00350848,0.81962056,0.41066681,3200,0.00351568,-0.17765069,0.40674394,2083.239999999999,49436,7.22421205,17-01-2026,21:27,2409
58.1023015,367,23.72,0.00438283,0.7419277,0.50499418,3220,0.00443373,-0.25544603,0.50229169,782.9199999999996,50369,11.22324606,17-01-2026,21:27,1584
43.7763753,1776,55.260000000000005,0.0051709,0.64893507,0.57950299,3240,0.00524226,-0.3489186,0.57821043,1824.519999999999,105799,16.79423773,17-01-2026,21:27,829
30.5848552,15788,346.12,0.00584012,0.54417223,0.61969695,3260,0.00591283,-0.45657412,0.61979162,1587.4999999999993,47379,23.57101311,17-01-2026,21:27,174
19.24455388,27978,758.7199999999999,0.00615749,0.42045722,0.6110442,3280,0.00624848,-0.58074321,0.61066848,979.3699999999992,34200,32.3143753,17-01-2026,21:27,-249
10.79501685,79956,2393.689999999997,0.00576653,0.29157827,0.53632529,3300,0.00581137,-0.71181386,0.53338169,3792.9899999999952,139007,43.93876243,17-01-2026,21:27,-541
8.16550306,75490,2114.7899999999995,0.00439549,0.21621607,0.45813763,3320,0.00442244,-0.7888562,0.45183776,735.68,18648,61.17668319,17-01-2026,21:27,-862
5.6555696,40884,1075.1699999999996,0.00336487,0.15463151,0.37181645,3340,0.00335518,-0.85324941,0.35908706,149.31999999999994,4890,78.66648561,17-01-2026,21:27,-523
3.91393908,63045,1290.79,0.00253508,0.10976816,0.29345346,3360,0.00247839,-0.89741199,0.27942497,79.53,1620,96.83318882,17-01-2026,21:27,-56
2.67919115,52725,990.8499999999993,0.00185922,0.07675274,0.22515441,3380,0.00181177,-0.92834177,0.21365895,28.89,494,115.55831031,17-01-2026,21:27,565
1.8032134,48837,1106.37,0.00134928,0.05340491,0.16984504,3400,0.00121245,-0.95668946,0.14363711,34.86999999999999,215,134.8696104,17-01-2026,21:27,1293
1.21706627,98018,1237.5899999999995,0.00096646,0.03662576,0.12534626,3420,0.00080072,-0.97327425,0.09658656,6.04,3,154.28138003,17-01-2026,21:27,2115
0.78084142,52008,1002.4799999999996,0.0006703,0.02421581,0.08893886,3440,0.00039862,-0.98883099,0.04586373,5.8100000000000005,80,173.57294618,17-01-2026,21:27,3140
0.45277062,21177,389.58,0.00043558,0.01477424,0.05841946,3460,3.854e-05,-0.99935643,0.00350708,3.06,176,193.37072626,17-01-2026,21:27,4259
0.30715021,43798,722.8299999999998,0.00030369,0.01008736,0.04197138,3480,0.0,-1.0,0.0,0.2,30,213.39,17-01-2026,21:27,5417
0.07156171,116953,1950.4199999999996,9.532e-05,0.00270047,0.0130042,3520,0.0,-1.0,0.0,1.03,20,253.39,17-01-2026,21:27,7912
0.11687496,258107,3155.829999999989,0.00010442,0.00363278,0.01698335,3560,0.0,-1.0,0.0,1.74,240,293.37,17-01-2026,21:27,10875
109.27648806,449,15.029999999999998,0.00187917,0.9238611,0.22181353,3160,0.00182527,-0.07080651,0.20983311,2785.9899999999852,170735,2.33675036,17-01-2026,21:47,4374
90.66445845,0,,0.00262819,0.8860062,0.29880771,3180,0.00260694,-0.1097457,0.29080055,27.98,1615,3.81142141,17-01-2026,21:47,3409
73.21283907,1829,61.66,0.00355334,0.82938496,0.3929092,3200,0.00355792,-0.1668829,0.38736373,2393.4299999999994,52586,6.28167947,17-01-2026,21:47,2482
56.96413912,382,24.61,0.00454684,0.75355835,0.48851347,3220,0.00457139,-0.24443171,0.48637726,955.4399999999994,50464,9.99080696,17-01-2026,21:47,1645
42.26816602,1447,97.04,0.00546057,0.65688438,0.56956647,3240,0.00548805,-0.34036819,0.56788167,2061.6299999999983,107535,15.31469076,17-01-2026,21:47,881
29.0180759,18090,567.2699999999999,0.00620053,0.54421964,0.61419498,3260,0.00623465,-0.45570478,0.61418253,2051.459999999999,54397,22.0037434,17-01-2026,21:47,224
17.85075118,29991,889.7899999999998,0.00653161,0.41553084,0.60412672,3280,0.00662777,-0.58649446,0.60345385,1111.269999999999,35821,30.79799779,17-01-2026,21:47,-196
9.77620945,81226,2585.319999999997,0.00599243,0.28148534,0.52283829,3300,0.00607628,-0.72559951,0.51634246,3983.1399999999953,137804,42.71079859,17-01-2026,21:47,-474
7.04005367,76639,2219.459999999998,0.00448526,0.20068735,0.43458696,3320,0.00451051,-0.80498035,0.42712903,736.04,17228,59.92658567,17-01-2026,21:47,-767
4.70776505,40796,1145.7299999999996,0.00332537,0.13872817,0.34264118,3340,0.00330681,-0.86885648,0.32968922,148.39,4890,77.60286896,17-01-2026,21:47,-412
3.17821421,62932,1391.9599999999996,0.00243224,0.09633488,0.26452564,3360,0.00236941,-0.91157787,0.24828749,54.22,1620,96.00341233,17-01-2026,21:47,65
2.11843914,54081,1031.6399999999994,0.00174218,0.06587861,0.19846927,3380,0.00162422,-0.94352335,0.17596362,30.89,394,114.83452058,17-01-2026,21:47,694
1.36915266,45761,1161.5699999999997,0.00121527,0.04369436,0.14338212,3400,0.00102075,-0.96805004,0.11104158,37.47,428,134.3255778,17-01-2026,21:47,1435
0.9084925,96836,1281.5399999999995,0.00085299,0.02968338,0.1044797,3420,0.00064257,-0.98112482,0.0714092,6.07,2,153.543274,17-01-2026,21:47,2262
0.56325203,49988,1060.2399999999996,0.00056636,0.01870311,0.07085062,3440,0.00024315,-0.99432748,0.02505939,3.8100000000000005,80,173.4218818,17-01-2026,21:47,3290
0.27944977,21175,403.63,0.00032776,0.0098428,0.0407193,3460,0.00017185,-0.9958794,0.01884758,3.06,176,193.31000117,17-01-2026,21:47,4412
0.22252659,42698,748.5499999999998,0.00024829,0.00764582,0.03262891,3480,0.0,-1.0,0.0,0.2,30,213.31,17-01-2026,21:47,5571
0.08406883,116951,2044.2699999999993,0.00010393,0.00301699,0.0142449,3520,0.0,-1.0,0.0,1.03,20,253.31,17-01-2026,21:47,8068
0.09228692,258692,3244.079999999988,8.785e-05,0.00291116,0.01379379,3560,0.0,-1.0,0.0,1.74,240,293.31,17-01-2026,21:47,11033
122.22087744,277,15.549999999999997,0.00139459,0.94804938,0.16504719,3160,0.00132634,-0.04697706,0.15230437,2796.1699999999855,170798,1.47167136,17-01-2026,21:53,4331
103.2376748,0,,0.00205886,0.91682418,0.23761897,3180,0.00194849,-0.07243389,0.2139591,29.24,1683,2.36586793,17-01-2026,21:53,3360
84.91463627,1799,61.66,0.00286905,0.87608756,0.31757218,3200,0.0028549,-0.11962461,0.30979888,2428.279999999999,51039,4.19606688,17-01-2026,21:53,2413
67.55104135,3588,24.67,0.00387663,0.81609664,0.41277279,3220,0.00386613,-0.17942263,0.40650354,976.7799999999993,53328,6.70480935,17-01-2026,21:53,1566
51.58766271,1428,100.85,0.00492006,0.73470967,0.50872419,3240,0.00495739,-0.26291765,0.50639956,2070.3399999999983,104413,10.6793106,17-01-2026,21:53,828
36.58560532,18602,583.6999999999999,0.00598217,0.63306403,0.5844696,3260,0.00605455,-0.36460558,0.58325051,2137.709999999999,64646,15.8429916,17-01-2026,21:53,209
23.5396257,31500,917.3499999999999,0.00682932,0.50696658,0.61910085,3280,0.00693591,-0.49109245,0.61911567,1117.8899999999992,37553,22.72288143,17-01-2026,21:53,-174
13.52627879,82855,2606.7199999999966,0.00687565,0.36406018,0.58288992,3300,0.00697331,-0.63586262,0.58300374,3990.9899999999957,137805,32.65780613,17-01-2026,21:53,-396
9.75025427,79343,2230.199999999998,0.00535337,0.2655107,0.50893705,3320,0.00540383,-0.73777966,0.50571687,782.98,17128,48.80880543,17-01-2026,21:53,-503
6.50897373,42097,1160.9799999999996,0.00412307,0.18599417,0.41573454,3340,0.00413953,-0.81990415,0.40745612,148.39,4890,65.66824269,17-01-2026,21:53,-85
4.32998956,65009,1397.1599999999994,0.0030644,0.12840001,0.32555596,3360,0.00303096,-0.87956881,0.31130538,54.22,1617,83.4168631,17-01-2026,21:53,428
2.81888241,54267,1101.6799999999994,0.00222426,0.08735958,0.2465477,3380,0.00210629,-0.9242996,0.22128785,31.89,44,101.90126304,17-01-2026,21:53,1093
1.85679689,45820,1189.5999999999997,0.00156318,0.05755859,0.17898271,3400,0.00137243,-0.95531831,0.14628052,38.8,403,120.79666954,17-01-2026,21:53,1868
1.18918847,96840,1282.2899999999995,0.00110028,0.03911369,0.13134784,3420,0.00089131,-0.97272287,0.0975834,6.07,2,140.23114583,17-01-2026,21:53,2724
0.72918642,49758,1066.9499999999996,0.00074466,0.02525241,0.09148001,3440,0.00038622,-0.99049857,0.03956344,3.8100000000000005,80,159.79644705,17-01-2026,21:53,3781
0.37048442,20042,404.63,0.00044829,0.01383455,0.05483094,3460,0.0,-1.0,0.0,3.06,176,179.5,17-01-2026,21:53,4929
0.20348488,42698,755.0499999999998,0.0002736,0.00798322,0.03395871,3480,0.0,-1.0,0.0,0.2,30,199.47,17-01-2026,21:53,6112
0.07915112,116951,2065.2699999999995,0.00011519,0.00320987,0.01509167,3520,0.0,-1.0,0.0,1.03,20,239.5,17-01-2026,21:53,8655
0.11227227,258997,3250.189999999988,0.00011283,0.00377655,0.01746643,3560,0.0,-1.0,0.0,1.74,240,279.5,17-01-2026,21:53,11666
122.81733246,277,15.549999999999997,0.00138574,0.9486915,0.16329737,3160,0.00130945,-0.04584442,0.14923336,2796.1699999999855,170808,1.40879509,17-01-2026,21:55,4354
103.79776609,0,,0.0019184,0.92959726,0.20919854,3180,0.0019369,-0.07140393,0.21145713,29.24,1564,2.26784678,17-01-2026,21:55,3378
85.37962803,1799,61.66,0.00280299,0.88633139,0.29860743,3200,0.00282057,-0.11738091,0.30550496,2428.279999999999,51139,4.06409253,17-01-2026,21:55,2426
67.98204354,3588,24.67,0.0038473,0.82075896,0.40595665,3220,0.00386976,-0.1795121,0.40630372,976.7799999999993,54417,6.49716087,17-01-2026,21:55,1574
51.85273808,1428,100.85,0.00493942,0.73573394,0.50732426,3240,0.00497933,-0.26154033,0.50464002,2070.3399999999983,103785,10.36476934,17-01-2026,21:55,833
36.77125812,19102,583.6999999999999,0.00602595,0.6346716,0.58317704,3260,0.0061044,-0.36339256,0.58214335,2137.709999999999,64373,15.44593999,17-01-2026,21:55,213
23.72946625,33400,917.3499999999999,0.00691692,0.51180852,0.61857356,3280,0.00703162,-0.49331569,0.6186402,1117.8899999999992,38703,22.20748074,17-01-2026,21:55,-169
13.62291529,83213,2606.7199999999966,0.00695828,0.36770749,0.58449924,3300,0.00702351,-0.63964097,0.58042129,3990.9899999999957,139305,32.06653295,17-01-2026,21:55,-385
9.820195,79353,2230.199999999998,0.00537533,0.26386786,0.50693103,3320,0.0054297,-0.74350615,0.49952671,782.98,17128,48.1786434,17-01-2026,21:55,-482
6.53719752,43897,1160.9799999999996,0.00410658,0.18257009,0.41058325,3340,0.00414208,-0.82187901,0.40432053,148.39,4890,64.96314225,17-01-2026,21:55,-57
4.33409692,65508,1397.1599999999994,0.00306128,0.12678102,0.32245385,3360,0.00300338,-0.88240684,0.30583475,54.22,1617,82.6992808,17-01-2026,21:55,467
2.80183963,54267,1101.6799999999994,0.00220588,0.08539551,0.24219979,3380,0.00211802,-0.92339973,0.22311781,31.89,44,101.10023501,17-01-2026,21:55,1143
1.79660068,46286,1189.5999999999997,0.00153488,0.05537536,0.17347561,3400,0.00143363,-0.95194148,0.15500214,38.8,403,120.20272074,17-01-2026,21:55,1927
1.18511742,96840,1282.2899999999995,0.00108202,0.03794822,0.12804933,3420,0.00082391,-0.97587868,0.08796077,6.07,2,139.52388187,17-01-2026,21:55,2794
0.73840357,49758,1066.9499999999996,0.00073042,0.02431853,0.08858263,3440,0.00038622,-0.99049835,0.03953312,3.8100000000000005,80,159.04202386,17-01-2026,21:55,3862
0.37985462,20042,404.63,0.00044833,0.01383532,0.05479099,3460,0.0,-1.0,0.0,3.06,176,178.80000001,17-01-2026,21:55,5021
0.21159894,42698,755.0499999999998,0.00027503,0.00800409,0.03401702,3480,0.0,-1.0,0.0,0.2,30,198.79,17-01-2026,21:55,6216
0.08251264,116951,2065.2699999999995,0.0001157,0.00321702,0.01511316,3520,0.0,-1.0,0.0,1.03,20,238.8,17-01-2026,21:55,8781
0.11605376,259007,3250.189999999988,0.00011283,0.00377653,0.01745279,3560,0.0,-1.0,0.0,1.74,240,278.8,17-01-2026,21:55,11814
117.29696227,277,17.279999999999998,0.00157543,0.9393981,0.18505253,3160,0.00152939,-0.0564197,0.17493332,2949.7599999999848,185668,1.74306647,17-01-2026,22:05,4405
98.37201241,0,,0.00220889,0.91312136,0.24381699,3180,0.00222319,-0.08732416,0.24471901,31.88,1651,2.83380469,17-01-2026,22:05,3416
80.30912667,1784,64.74,0.00314238,0.85987282,0.3432657,3200,0.00312574,-0.13599422,0.3363442,2608.489999999999,51742,4.75234644,17-01-2026,22:05,2459
63.33345484,3618,56.989999999999995,0.00413821,0.79298629,0.44050767,3220,0.00415744,-0.2028872,0.4352641,1034.4599999999994,55454,7.74737507,17-01-2026,22:05,1599
47.70755564,1133,105.55999999999999,0.00516886,0.70493483,0.53187166,3240,0.00520072,-0.29139168,0.52883462,2165.759999999998,105067,12.14090694,17-01-2026,22:05,848
33.33320937,17860,643.3899999999999,0.00619595,0.59816015,0.59617545,3260,0.00622728,-0.40328581,0.59667673,2338.7499999999995,64297,17.71411327,17-01-2026,22:05,207
21.00644891,35766,1027.1099999999997,0.00680961,0.46994481,0.61316714,3280,0.00691164,-0.53026666,0.61314744,1187.769999999999,40307,25.34124913,17-01-2026,22:05,-203
11.93626261,84535,2700.779999999996,0.00654656,0.33086773,0.55881157,3300,0.00663463,-0.67265612,0.55639335,4117.959999999996,137287,36.26970901,17-01-2026,22:05,-432
8.66629709,81539,2298.5999999999985,0.0050053,0.23928454,0.47839464,3320,0.00505936,-0.76587492,0.47269633,795.0,17168,52.93050874,17-01-2026,22:05,-588
5.81139842,45283,1208.8699999999994,0.00380324,0.16790717,0.38696391,3340,0.00380614,-0.83866412,0.37707869,141.57999999999998,4890,70.04931306,17-01-2026,22:05,-170
3.86257172,67670,1484.9499999999994,0.00278765,0.11393492,0.29718107,3360,0.00276381,-0.89180946,0.28640014,54.370000000000005,1605,88.15360835,17-01-2026,22:05,361
2.49561735,54076,1110.5199999999995,0.00201713,0.07764944,0.22403195,3380,0.00194647,-0.92828724,0.21081639,35.39,44,106.76149115,17-01-2026,22:05,1050
1.64355,48952,1225.1099999999997,0.00144426,0.05368648,0.16821691,3400,0.00126112,-0.95862161,0.13652744,43.33,208,125.8635333,17-01-2026,22:05,1849
1.05626095,97441,1301.2699999999993,0.00098231,0.03449234,0.11766542,3420,0.00073923,-0.97851546,0.07929881,6.07,2,145.28063603,17-01-2026,22:05,2738
0.58582939,50254,1101.2899999999995,0.00062633,0.02021182,0.07530348,3440,0.00032395,-0.99218518,0.03309714,3.8100000000000005,80,164.88516344,17-01-2026,22:05,3827
0.35024939,20042,421.37,0.00040364,0.01240258,0.04954164,3460,0.0,-1.0,0.0,3.06,176,184.71000002,17-01-2026,22:05,5008
0.20927697,42598,762.1299999999999,0.0002588,0.00766319,0.03253161,3480,0.0,-1.0,0.0,0.2,30,204.7,17-01-2026,22:05,6225
0.12754623,116951,2234.369999999999,0.00014596,0.00448185,0.02021654,3520,0.0,-1.0,0.0,1.03,20,244.71,17-01-2026,22:05,8836
0.15044015,264665,3383.829999999987,0.00012767,0.00454469,0.02046944,3560,0.0,-1.0,0.0,1.9500000000000002,241,284.7,17-01-2026,22:05,11915
124.94714356,277,17.54,0.00124398,0.95665972,0.14119531,3160,0.00122548,-0.04191273,0.13741179,3029.339999999984,185269,1.24975093,17-01-2026,22:20,4368
105.78326695,25,0.46,0.00191442,0.9266422,0.21368194,3180,0.00183445,-0.06620539,0.19746049,33.01,1692,2.0540802,17-01-2026,22:20,3385
87.21832917,1773,67.8,0.00273242,0.8876807,0.29302974,3200,0.00269527,-0.10631003,0.2816809,2633.029999999999,50387,3.50615305,17-01-2026,22:20,2425
69.47365058,4594,67.33,0.00375269,0.83049228,0.38778423,3220,0.00373766,-0.1640322,0.37968952,1035.1199999999994,55484,5.82024196,17-01-2026,22:20,1567
53.049773,1133,105.71999999999998,0.00486428,0.75332696,0.48445755,3240,0.00490791,-0.24438016,0.48201405,2198.089999999998,104510,9.35237366,17-01-2026,22:20,831
37.58283182,17405,675.1499999999997,0.0061149,0.65278866,0.5670085,3260,0.00618451,-0.34558062,0.56601421,2399.569999999999,63701,13.85126708,17-01-2026,22:20,215
23.63279375,39207,1116.8199999999995,0.00727183,0.52569,0.61121841,3280,0.00740046,-0.47397157,0.61118028,1285.449999999999,43906,19.87317798,17-01-2026,22:20,-170
13.54169192,91594,2828.0799999999963,0.00733647,0.37491516,0.58212995,3300,0.00747263,-0.62806069,0.58064391,4166.329999999998,137767,29.73716562,17-01-2026,22:20,-360
9.93252881,82249,2376.709999999999,0.00560191,0.27363455,0.51107879,3320,0.00564381,-0.73185287,0.5058909,811.8199999999999,16110,46.1340969,17-01-2026,22:20,-383
6.60708132,47343,1242.5099999999993,0.00427281,0.18952252,0.41597829,3340,0.00431397,-0.81420706,0.4109464,143.06,5055,62.7866665,17-01-2026,22:20,84
4.3813356,68111,1566.7399999999996,0.00315807,0.12963332,0.32414307,3360,0.00312637,-0.87778627,0.31108703,54.870000000000005,1605,80.54665156,17-01-2026,22:20,648
2.87255396,57917,1178.2799999999995,0.00230206,0.08971882,0.24875338,3380,0.00219492,-0.92078156,0.22655833,35.39,47,99.08394912,17-01-2026,22:20,1369
1.84704456,49112,1237.8299999999997,0.00161994,0.05944546,0.1815728,3400,0.00143623,-0.95316333,0.15027648,45.35,176,117.97118639,17-01-2026,22:20,2205
1.17806188,97856,1308.2199999999993,0.00110655,0.03838186,0.12793003,3420,0.00127247,-0.95012122,0.15803493,17.53,1002,137.6461503,17-01-2026,22:20,3130
0.67035944,49437,1110.0099999999993,0.00071974,0.02331859,0.084633,3440,0.00056231,-0.98408247,0.06118883,3.8100000000000005,80,156.72552511,17-01-2026,22:20,4244
0.36983218,19816,423.69999999999993,0.0004644,0.01426982,0.05570258,3460,0.0,-1.0,0.0,3.06,176,176.58,17-01-2026,22:20,5461
0.19946604,42598,762.2299999999998,0.00027154,0.00776589,0.03278516,3480,0.0,-1.0,0.0,0.2,30,196.71,17-01-2026,22:20,6714
0.12790396,116961,2231.4699999999993,0.00015099,0.00449696,0.02019658,3520,0.0,-1.0,0.0,1.03,20,236.58,17-01-2026,22:20,9395
0.13600103,289714,3653.6399999999867,0.00012372,0.00420787,0.01903352,3560,0.0,-1.0,0.0,1.9500000000000002,241,276.58,17-01-2026,22:20,12545
126.91428549,277,17.54,0.00124171,0.95538645,0.14451632,3160,0.00117318,-0.04007242,0.13249617,3029.339999999984,185304,1.19320248,17-01-2026,22:22,4394
107.62724331,25,0.46,0.00179322,0.93359385,0.19792663,3180,0.0017422,-0.06201649,0.1876753,33.01,1638,1.88475218,17-01-2026,22:22,3401
88.97321715,1773,67.8,0.00260556,0.89571478,0.27779169,3200,0.00256636,-0.09895841,0.26739027,2633.029999999999,50287,3.23690786,17-01-2026,22:22,2430
71.14181706,4594,67.33,0.00361763,0.84082002,0.3723078,3220,0.00362097,-0.15549042,0.36659587,1035.1199999999994,55484,5.43781761,17-01-2026,22:22,1562
54.58117051,1133,105.71999999999998,0.00476575,0.76379278,0.4731275,3240,0.00480111,-0.23304795,0.46961249,2198.089999999998,109354,8.8237316,17-01-2026,22:22,818
38.87624935,17445,675.1499999999997,0.0060135,0.66704664,0.55797834,3260,0.0061162,-0.32966287,0.55577757,2399.569999999999,63711,13.0394266,17-01-2026,22:22,202
24.60421713,39407,1116.8199999999995,0.00726126,0.54373254,0.60881672,3280,0.00725471,-0.45659471,0.60886429,1285.449999999999,44784,19.08625712,17-01-2026,22:22,-177
14.19461093,91744,2828.0799999999963,0.00745175,0.39289149,0.59029047,3300,0.00758211,-0.60937262,0.58933186,4166.329999999998,137749,28.35672836,17-01-2026,22:22,-361
10.34551603,82449,2376.709999999999,0.00572194,0.28439692,0.5206999,3320,0.00580942,-0.72059481,0.51627383,811.8199999999999,16110,44.51406585,17-01-2026,22:22,-358
6.91165941,47343,1242.5099999999993,0.00441751,0.1983075,0.42762561,3340,0.00444291,-0.80748019,0.41999612,143.06,5055,60.99787654,17-01-2026,22:22,117
4.55837609,68111,1566.7399999999996,0.00328285,0.13623822,0.33543023,3360,0.00325916,-0.87114633,0.32279834,54.870000000000005,1605,78.63451066,17-01-2026,22:22,684
2.98987104,57917,1178.2799999999995,0.00237986,0.09288046,0.2552018,3380,0.00229875,-0.91595042,0.23689869,35.39,47,97.03748335,17-01-2026,22:22,1408
1.91560766,49113,1237.8299999999997,0.00167321,0.06126838,0.18590323,3400,0.0015346,-0.94879035,0.16138656,45.35,176,116.0111106,17-01-2026,22:22,2246
1.2272383,97881,1308.2199999999993,0.00117038,0.04121028,0.13554162,3420,0.0009797,-0.96982813,0.10496077,17.53,1002,135.28982817,17-01-2026,22:22,3172
0.74287554,49437,1110.0099999999993,0.00077766,0.0257549,0.09199645,3440,0.00044559,-0.98884637,0.04500152,3.8100000000000005,80,154.78831592,17-01-2026,22:22,4288
0.38555583,19816,423.69999999999993,0.00047254,0.01439525,0.0561186,3460,0.0,-1.0,0.0,3.06,176,174.51000016,17-01-2026,22:22,5507
0.20237278,42598,762.2299999999998,0.00027678,0.00784088,0.03306421,3480,0.0,-1.0,0.0,0.2,30,194.51,17-01-2026,22:22,6761
0.114519,116961,2231.4699999999993,0.00014541,0.00422556,0.01910409,3520,0.0,-1.0,0.0,1.03,20,234.51,17-01-2026,22:22,9445
0.134886,292724,3653.6399999999867,0.00012817,0.00436578,0.01966898,3560,0.0,-1.0,0.0,1.9500000000000002,241,274.51,17-01-2026,22:22,12597
123.25837053,277,17.749999999999996,0.0013419,0.95127137,0.15470397,3160,0.00124501,-0.04217501,0.1377331,3049.839999999984,186290,1.25263814,17-01-2026,22:25,4451
104.02070187,25,0.46,0.00190496,0.92985208,0.20592447,3180,0.00188225,-0.06791962,0.20085729,33.99,1638,2.08302211,17-01-2026,22:25,3456
85.62422267,1773,70.3,0.00279041,0.88598702,0.29537843,3200,0.00276244,-0.10925755,0.28652034,2642.279999999999,50549,3.56313949,17-01-2026,22:25,2485
68.01580323,4594,67.33,0.0038229,0.82505803,0.3946213,3220,0.00384539,-0.16950165,0.38673001,1035.2099999999994,55837,5.96005274,17-01-2026,22:25,1616
51.65964065,1133,104.41999999999999,0.0049829,0.74562086,0.49104541,3240,0.00502687,-0.25182447,0.48843469,2246.699999999998,109354,9.56680867,17-01-2026,22:25,869
36.3091058,15445,688.7299999999997,0.00620763,0.64441412,0.57036436,3260,0.00628091,-0.35380158,0.5693462,2414.7699999999986,63011,14.21838577,17-01-2026,22:25,246
22.52707892,40049,1150.4999999999995,0.00733688,0.51607799,0.61036245,3280,0.00746279,-0.48458038,0.61039958,1312.089999999999,44786,20.43107566,17-01-2026,22:25,-155
12.59641862,92029,2891.6099999999965,0.00729251,0.36387254,0.57494203,3300,0.0074369,-0.63923347,0.57326251,4168.0099999999975,137760,30.64803455,17-01-2026,22:25,-354
9.26293121,79549,2394.5099999999984,0.00553026,0.26106179,0.49770046,3320,0.00560103,-0.74374453,0.49293898,812.8199999999999,16010,47.09924327,17-01-2026,22:25,-399
6.10890599,47560,1251.1599999999994,0.00419485,0.17994189,0.40170252,3340,0.00420397,-0.82691778,0.39193319,139.06,5055,63.93588986,17-01-2026,22:25,52
4.00431242,68114,1567.1599999999994,0.00307306,0.12307266,0.31177837,3360,0.00302794,-0.88574315,0.29583837,54.870000000000005,1605,81.83205977,17-01-2026,22:25,607
2.58863392,57917,1178.2799999999995,0.00218918,0.08180601,0.23150067,3380,0.00209837,-0.92652365,0.21336772,35.64,47,100.38692405,17-01-2026,22:25,1319
1.73003287,49207,1238.2899999999997,0.0015473,0.05560303,0.17180308,3400,0.00121075,-0.96495992,0.118422,45.61,176,119.45549526,17-01-2026,22:25,2147
0.96413759,98049,1308.4699999999993,0.00100814,0.03320699,0.11330491,3420,0.00084044,-0.97543598,0.08817908,37.53,1002,138.85316482,17-01-2026,22:25,3066
0.60888586,49437,1110.0099999999993,0.00070261,0.02273994,0.08264024,3440,0.00034472,-0.99193701,0.03379437,3.8100000000000005,80,158.34471401,17-01-2026,22:25,4171
0.37215483,19816,423.69999999999993,0.00044163,0.01345286,0.05279486,3460,0.0,-1.0,0.0,3.06,176,178.24,17-01-2026,22:25,5383
0.21114727,42598,762.2299999999998,0.00028144,0.00823078,0.03441255,3480,0.0,-1.0,0.0,0.2,30,198.26,17-01-2026,22:25,6630
0.09832789,116961,2231.4699999999993,0.00012928,0.00370007,0.01691614,3520,0.0,-1.0,0.0,1.03,20,238.24,17-01-2026,22:25,9299
0.11686997,293773,3725.4299999999876,0.00011329,0.00378409,0.01725946,3560,0.0,-1.0,0.0,1.9500000000000002,241,278.24,17-01-2026,22:25,12437
