contract_value,mark_price,product_trading_status,tags,underlying_asset_symbol,contract_type,leverage,oi_value_usd,oi_value_symbol,tick_size,ltp_change_24h,close,strike_price,turnover_symbol,symbol,oi_change_usd_6h,oi,mark_change_24h,low,open,oi_contracts,high,spot_price,turnover_usd,timestamp,product_id,oi_value,volume,time,turnover,size,sort_priority,description,mark_vol,greeks.delta,greeks.gamma,greeks.rho,greeks.spot,greeks.theta,greeks.vega,price_band.lower_limit,price_band.upper_limit,quotes.ask_iv,quotes.ask_size,quotes.best_ask,quotes.best_ask_mm,quotes.best_bid,quotes.best_bid_mm,quotes.bid_iv,quotes.bid_size,quotes.impact_mid_price,quotes.mark_iv
0.010000000000000000,265.28,operational,[],ETH,put_options,100,10200.1428,ETH,0.010000000000000000,-8.6591,250.0,3600,USD,P-ETH-3600-111225,9536.3300,3.0600,-7.6105,181.4,273.7,306,302.7,3334.72,76174.0934,2025-12-10 22:36:41,111889,3.0600,22.660000000000004,2025-12-09T22:34:10.930506855Z,76174.0934,2266.0,1,ETH  Put,0.22915307,-1.00000000,0.00000000,-0.05502511,3334.52,-0.00000000,0.00000000,198.972,332.348,1.05043769,1846,267.2,267.2,263.4,263.4,0.000005,2420,,0.22915307
0.010000000000000000,225.39777126,operational,[],ETH,put_options,100,0.0000,ETH,0.010000000000000000,-23.1496,195.2,3560,USD,P-ETH-3560-111225,-133.3800,0.0000,-9.5372,195.2,254.0,0,254.0,3334.72,731.085,2025-12-10 22:36:41,111861,0.0000,0.22,2025-12-09T22:34:10.930506855Z,731.085,22.0,1,ETH  Put,0.5357782,-0.99776425,0.00009177,-0.05430279,3334.55,-0.48045510,0.00914451,160.10971792,293.57990006,0.92609882,1815,227.2,227.2,223.8,223.8,0.000005,2421,,0.53727706
0.010000000000000000,185.83456409,operational,[],ETH,put_options,100,18670.0080,ETH,0.010000000000000000,-18.8506,176.5,3520,USD,P-ETH-3520-111225,-3401.0700,5.6000,-12.7480,97.9,217.5,560,220.5,3334.72,134508.5758,2025-12-10 22:36:41,111842,5.6000,40.03,2025-12-09T22:34:10.930506855Z,134508.5758,4003.0,1,ETH  Put,0.65586885,-0.98086718,0.00053827,-0.05284078,3334.4,-3.61994536,0.06078902,119.74180017,253.02903727,0.82310677,1851,187.7,187.7,184.7,184.7,0.000005,2421,,0.65572957
0.010000000000000000,166.41042372,operational,[],ETH,put_options,100,0.0000,ETH,0.010000000000000000,-11.4198,143.5,3500,USD,P-ETH-3500-111225,0.0000,0.0000,64.3219,143.5,162.0,0,162.0,3334.72,13398.69,2025-12-10 22:36:41,112028,0.0000,4.0,2025-12-09T22:34:10.930506855Z,13398.69,400.0,1,ETH  Put,0.6592754,-0.96850278,0.00082110,-0.05190845,3334.5,-5.47761402,0.09235361,101.98881262,234.79600546,0.77412844,1815,167.9,167.9,165.2,165.2,0.000005,2420,,0.6583339
0.010000000000000000,147.19251206,operational,[],ETH,put_options,100,28331.1516,ETH,0.010000000000000000,-37.6975,110.4,3480,USD,P-ETH-3480-111225,28208.8500,8.5100,-17.4115,70.0,177.2,851,177.2,3334.72,113256.3065,2025-12-10 22:36:41,111811,8.5100,33.589999999999996,2025-12-09T22:34:10.930506855Z,113256.3065,3359.0,1,ETH  Put,0.66112156,-0.94878902,0.00121543,-0.05061107,3334.54,-8.14791361,0.13704447,81.30881206,213.2664563,0.74493587,1890,148.6,148.6,146,146,0.53482056,2420,,0.66064487
0.010000000000000000,128.26453424,operational,[],ETH,put_options,100,67684.0591,ETH,0.010000000000000000,-13.9883,132.2,3460,USD,P-ETH-3460-111225,66120.7600,20.3300,-20.8030,51.1,153.7,2033,153.7,3334.72,106922.04750000002,2025-12-10 22:36:41,111899,20.3300,31.22,2025-12-09T22:34:10.930506855Z,106922.04750000002,3122.0,1,ETH  Put,0.65365938,-0.92368315,0.00167898,-0.04904412,3334.4,-10.98263347,0.18700365,63.05962194,193.72866676,0.71418107,2010,129.7,129.7,127.3,127.3,0.5824852,2421,,0.65348946
0.010000000000000000,109.78137419,operational,[],ETH,put_options,100,63423.9536,ETH,0.010000000000000000,-19.9192,119.0,3440,USD,P-ETH-3440-111225,58851.8100,19.0400,-24.7201,41.4,148.6,1904,154.4,3334.72,1000504.1387,2025-12-10 22:36:41,111768,19.0400,293.93,2025-12-09T22:34:10.930506855Z,1000504.1387,29393.0,1,ETH  Put,0.64228495,-0.89014476,0.00224042,-0.04705189,3334.4,-14.11598428,0.24490315,47.14385525,176.07298169,0.68598032,1992,111.1,111.1,108.9,108.9,0.59544414,2421,,0.64210216
0.010000000000000000,92.26605978,operational,[],ETH,put_options,100,248141.1672,ETH,0.010000000000000000,-26.9421,88.4,3420,USD,P-ETH-3420-111225,247544.3700,74.5200,-29.5166,30.9,121.0,7452,125.0,3334.72,737320.0801000001,2025-12-10 22:36:41,111871,74.5200,216.48999999999995,2025-12-09T22:34:10.930506855Z,737320.0801000001,21649.0,1,ETH  Put,0.63953074,-0.84167402,0.00289863,-0.04431216,3334.4,-18.05267767,0.31501517,30.0949581,155.30393074,0.6689471,1815,93.4,93.4,91.5,91.5,0.60851514,3059,,0.63952769
0.010000000000000000,75.75566728,operational,[],ETH,put_options,100,495221.5974,ETH,0.010000000000000000,-17.7180,88.7,3400,USD,P-ETH-3400-111225,432302.3700,148.5800,-35.0572,23.8,107.8,14858,124.2,3334.72,2324519.1608000007,2025-12-10 22:36:41,111752,148.5800,688.7600000000004,2025-12-09T22:34:10.930506855Z,2324519.1608000007,68876.0,1,ETH  Put,0.63519272,-0.77987511,0.00358181,-0.04090758,3334.52,-21.95070731,0.38613354,17.17642717,137.60514919,0.65736711,2867,76.7,76.7,74.9,74.9,0.61072409,2420,,0.63539709
0.010000000000000000,60.87568491,operational,[],ETH,put_options,100,553076.6056,ETH,0.010000000000000000,-34.7178,61.3,3380,USD,P-ETH-3380-111225,487052.8900,166.1200,-40.9699,17.6,93.9,16612,113.4,3334.72,2493032.5502000013,2025-12-10 22:36:41,111830,166.1200,738.1400000000003,2025-12-09T22:34:10.930506855Z,2493032.5502000013,73814.0,1,ETH  Put,0.6377863,-0.70254101,0.00417230,-0.03673747,3334.52,-25.76770132,0.45152186,5.20064745,117.29489229,0.65441087,2731,61.7,61.7,60.1,60.1,0.61897039,2420,,0.63774527
0.010000000000000000,47.54352723,operational,[],ETH,put_options,100,311313.4315,ETH,0.010000000000000000,-41.9540,50.5,3360,USD,P-ETH-3360-111225,197928.8000,93.4300,-47.3639,13.2,87.0,9343,102.2,3334.72,3107811.2273999997,2025-12-10 22:36:41,111648,93.4300,923.7100000000004,2025-12-09T22:34:10.930506855Z,3107811.2273999997,92371.0,1,ETH  Put,0.63961496,-0.61552752,0.00458838,-0.03210174,3334.4,-28.51518308,0.49811817,0.01,100.05887309,0.65081611,1815,48.3,48.3,47.1,47.1,0.62672496,2439,,0.63977254
0.010000000000000000,36.14328822,operational,[],ETH,put_options,100,655162.9570,ETH,0.010000000000000000,-41.4706,39.8,3340,USD,P-ETH-3340-111225,451441.7100,196.6600,-54.0212,9.4,68.0,19666,84.5,3334.72,4128725.5077000023,2025-12-10 22:36:41,111800,196.6600,1229.8800000000006,2025-12-09T22:34:10.930506855Z,4128725.5077000023,122988.0,1,ETH  Put,0.64239242,-0.52153472,0.00476329,-0.02713683,3334.43,-29.85581050,0.51933260,0.01,81.69755973,0.65017045,1815,36.7,36.7,35.8,35.8,0.63284069,3418,,0.64250767
0.010000000000000000,26.87780155,operational,[],ETH,put_options,100,573968.7580,ETH,0.010000000000000000,-51.4563,30.0,3320,USD,P-ETH-3320-111225,32977.0200,172.1500,-60.4893,7.0,61.8,17215,77.1,3334.72,4010801.1548000006,2025-12-10 22:36:41,111647,172.1500,1198.23,2025-12-09T22:34:10.930506855Z,4010801.1548000006,119823.0,1,ETH  Put,0.64993138,-0.42735863,0.00463241,-0.02219461,3334.4,-29.77448157,0.51143480,0.01,66.26031967,0.657444,1815,27.4,27.4,26.6,26.6,0.64180166,3551,,0.64993124
0.010000000000000000,19.66585072,operational,[],ETH,put_options,100,1969993.9200,ETH,0.010000000000000000,-63.2075,19.5,3300,USD,P-ETH-3300-111225,1332151.5000,590.8800,-66.2990,4.7,53.0,59088,68.2,3334.72,8912232.796600003,2025-12-10 22:36:41,111778,590.8800,2658.8699999999976,2025-12-09T22:34:10.930506855Z,8912232.796600003,265887.0,1,ETH  Put,0.66153982,-0.33951685,0.00424523,-0.01760661,3334.4,-28.31083864,0.47740997,0.01,53.41157512,0.6690377,1815,20.1,20.1,19.4,19.4,0.65437496,6381,,0.6615675
0.010000000000000000,13.89968184,operational,[],ETH,put_options,100,704713.7790,ETH,0.010000000000000000,-74.0000,11.7,3280,USD,P-ETH-3280-111225,560009.1200,211.5400,-71.9724,3.3,45.0,21154,54.3,3334.72,3583572.6723999996,2025-12-10 22:36:41,111646,211.5400,1066.1799999999996,2025-12-09T22:34:10.930506855Z,3583572.6723999996,106618.0,1,ETH  Put,0.66999588,-0.26062822,0.00371828,-0.01349750,3334.43,-25.42076712,0.42339250,0.01,45.40659142,0.67822829,1815,14.3,14.3,13.6,13.6,0.66169471,3487,,0.67007779
0.010000000000000000,9.69973401,operational,[],ETH,put_options,100,3255235.0380,ETH,0.010000000000000000,-71.5026,11.0,3260,USD,P-ETH-3260-111225,1443886.5700,977.4600,-76.8432,2.81,38.6,97746,46.9,3334.72,5400804.615899999,2025-12-10 22:36:41,111758,977.4600,1612.3299999999995,2025-12-09T22:34:10.930506855Z,5400804.615899999,161233.0,1,ETH  Put,0.68232654,-0.19454729,0.00309761,-0.01006402,3334.52,-21.93090436,0.35892520,0.01,39.85143498,0.6900999,1815,10,10,9.4,9.4,0.67338198,11902,,0.68244011
0.010000000000000000,6.2586226,operational,[],ETH,put_options,100,329129.5512,ETH,0.010000000000000000,-77.7409,6.7,3240,USD,P-ETH-3240-111225,169753.2900,98.7600,-82.3822,1.8,30.1,9876,38.8,3334.72,1843489.9758000004,2025-12-10 22:36:41,111614,98.7600,548.9000000000001,2025-12-09T22:34:10.930506855Z,1843489.9758000004,54890.0,1,ETH  Put,0.68196269,-0.13700960,0.00246626,-0.00707881,3334.72,-17.48110049,0.28593941,0.01,32.63268394,0.69080889,1815,6.5,6.5,6,6,0.6733197,2846,,0.68195187
0.010000000000000000,3.98216441,operational,[],ETH,put_options,100,298397.9040,ETH,0.010000000000000000,-82.8571,4.2,3220,USD,P-ETH-3220-111225,-42446.6600,89.4800,-86.5732,1.2,24.5,8948,31.3,3334.72,1977053.0523,2025-12-10 22:36:41,111615,89.4800,590.4599999999998,2025-12-09T22:34:10.930506855Z,1977053.0523,59046.0,1,ETH  Put,0.68676752,-0.09444367,0.00188037,-0.00487488,3334.38,-13.49733679,0.21938976,0.01,27.23307951,0.69553018,2021,4.2,4.2,3.8,3.8,0.67729175,2421,,0.68688249
0.010000000000000000,2.5708112,operational,[],ETH,put_options,100,2153165.2794,ETH,0.010000000000000000,-85.5000,2.9,3200,USD,P-ETH-3200-111225,736797.9500,646.0200,-89.7090,0.76,20.0,64602,29.0,3334.72,7713404.533499999,2025-12-10 22:36:41,111616,646.0200,2296.009999999999,2025-12-09T22:34:10.930506855Z,7713404.533499999,229601.0,1,ETH  Put,0.69910159,-0.06462328,0.00138296,-0.00333360,3334.43,-10.32405079,0.16455373,0.01,23.60130869,0.71202517,1815,2.8,2.8,2.4,2.4,0.68769574,8199,,0.69918628
0.010000000000000000,1.56644776,operational,[],ETH,put_options,100,578582.3600,ETH,0.010000000000000000,-89.4737,1.8,3180,USD,P-ETH-3180-111225,700.2200,173.5400,-92.4426,0.6,17.1,17354,22.3,3334.72,1816919.1773,2025-12-10 22:36:41,111617,173.5400,542.1699999999998,2025-12-09T22:34:10.930506855Z,1816919.1773,54217.0,1,ETH  Put,0.70650662,-0.04116144,0.00095918,-0.00212174,3334.78,-7.26854671,0.11499051,0.01,19.50025768,0.71799278,2416,1.7,1.7,1.4,1.4,0.69186449,2420,,0.70661873
0.010000000000000000,0.9974726,operational,[],ETH,put_options,100,886456.4506,ETH,0.010000000000000000,-93.3824,0.9,3160,USD,P-ETH-3160-111225,687849.2500,266.1400,-94.2373,0.3,13.6,26614,15.8,3334.72,1665263.6379,2025-12-10 22:36:41,111618,266.1400,494.0499999999997,2025-12-09T22:34:10.930506855Z,1665263.6379,49405.0,1,ETH  Put,0.72222014,-0.02749376,0.00067239,-0.00141664,3334.54,-5.33738262,0.08249891,0.01,16.74483572,0.74481964,1815,1.2,1.2,0.8,0.8,0.69598913,5041,,0.72224935
0.010000000000000000,0.62178631,operational,[],ETH,put_options,100,740425.2000,ETH,0.010000000000000000,-93.5484,0.8,3140,USD,P-ETH-3140-111225,437003.8400,222.4000,-95.6419,0.2,12.4,22240,12.4,3334.72,1165886.208,2025-12-10 22:36:41,111619,222.4000,348.29999999999995,2025-12-09T22:34:10.930506855Z,1165886.208,34830.0,1,ETH  Put,0.73645989,-0.01835370,0.00046616,-0.00094540,3334.4,-3.89442142,0.05867529,0.01,14.34115876,0.76450586,1815,0.8,0.8,0.5,0.5,0.71285725,4612,,0.73654662
0.010000000000000000,0.4343701,operational,[],ETH,put_options,100,576410.7624,ETH,0.010000000000000000,-92.7835,0.7,3120,USD,P-ETH-3120-111225,180623.3600,173.1400,-96.3063,0.1,9.7,17314,12.8,3334.72,1490713.5842000002,2025-12-10 22:36:41,111620,173.1400,445.04999999999995,2025-12-09T22:34:10.930506855Z,1490713.5842000002,44505.0,1,ETH  Put,0.76411227,-0.01289981,0.00033173,-0.00066445,3334.72,-2.98730031,0.04335151,0.01,12.88554684,0.79928398,1815,0.6,0.6,0.31,0.3,0.73099136,2208,,0.76373021
0.010000000000000000,0.28263407,operational,[],ETH,put_options,100,4201116.8652,ETH,0.010000000000000000,-96.9231,0.2,3100,USD,P-ETH-3100-111225,2422160.3200,1262.3700,-97.0473,0.07,6.5,126237,10.3,3334.72,7187930.548800001,2025-12-10 22:36:41,111621,1262.3700,2142.34,2025-12-09T22:34:10.930506855Z,7187930.548800001,214234.0,1,ETH  Put,0.78338941,-0.00744449,0.00020487,-0.00038323,3334.38,-1.85156711,0.02682163,0.01,11.30267431,0.81521749,125,0.39,0.4,0.1,0.1,0.69637775,15557,,0.78344663
0.010000000000000000,0.16177485,operational,[],ETH,put_options,100,904779.6483,ETH,0.010000000000000000,-95.6522,0.3,3080,USD,P-ETH-3080-111225,437537.3400,271.4700,-97.9442,0.03,6.9,27147,6.9,3334.72,1844287.8277999999,2025-12-10 22:36:41,111622,271.4700,548.94,2025-12-09T22:34:10.930506855Z,1844287.8277999999,54894.0,1,ETH  Put,0.79180797,-0.00512653,0.00014256,-0.00026390,3334.4,-1.37412105,0.01927470,0.01,9.34450379,0.84991932,1815,0.3,0.3,0.04,0.01,0.68925858,9014,,0.79185565
0.010000000000000000,0.14805602,operational,[],ETH,put_options,100,878376.5007,ETH,0.010000000000000000,-99.6078,0.02,3060,USD,P-ETH-3060-111225,730062.5000,263.7300,-97.7085,0.02,5.1,26373,6.0,3334.72,2164676.7681,2025-12-10 22:36:41,111623,263.7300,643.1400000000001,2025-12-09T22:34:10.930506855Z,2164676.7681,64314.0,1,ETH  Put,0.84163109,-0.00445338,0.00011830,-0.00022935,3334.56,-1.28843064,0.01700129,0.01,9.67285002,0.90803623,370,0.29,0.3,0.02,0.01,0.69942474,12631,,0.84165057
0.010000000000000000,0.10941852,operational,[],ETH,put_options,100,803724.9693,ETH,0.010000000000000000,-95.8333,0.15,3040,USD,P-ETH-3040-111225,386754.7400,241.0700,-97.9134,0.02,3.6,24107,4.0,3334.72,1606275.0124999995,2025-12-10 22:36:41,111673,241.0700,480.48000000000013,2025-12-09T22:34:10.930506855Z,1606275.0124999995,48048.0,1,ETH  Put,0.8717072,-0.00328090,0.00008692,-0.00016898,3334.38,-1.01397562,0.01292783,0.01,8.86228196,0.92823029,1815,0.2,0.2,0.03,0.01,0.77331543,27830,,0.87175727
0.010000000000000000,0.14382746,operational,[],ETH,put_options,100,1589279.1096,ETH,0.010000000000000000,-96.8750,0.1,3020,USD,P-ETH-3020-111225,1119751.4900,476.8400,-96.7007,0.1,3.2,47684,3.8,3334.72,1722380.8362999998,2025-12-10 22:36:41,111697,476.8400,512.3899999999999,2025-12-09T22:34:10.930506855Z,1722380.8362999998,51239.0,1,ETH  Put,0.95374227,-0.00385323,0.00009180,-0.00019869,3334.38,-1.28130421,0.01493550,0.01,10.34688537,0.98732471,1815,0.2,0.2,0.1,0.01,0.91863632,7885,,0.9537828
0.010000000000000000,0.65759975,operational,[],ETH,put_options,100,8271964.8410,ETH,0.010000000000000000,-99.0625,0.03,3000,USD,P-ETH-3000-111225,1757618.3900,2480.8700,-81.4401,0.03,3.2,248087,3.4,3334.72,19677825.05740001,2025-12-10 22:36:41,111649,2480.8700,5886.039999999996,2025-12-09T22:34:10.930506855Z,19677825.05740001,588604.0,1,ETH  Put,1.20954517,-0.01196034,0.00019751,-0.00061972,3334.4,-4.40101929,0.04060126,0.01,19.82366744,1.04654312,270,0.2,22.4,0.03,0.01,0.87490082,531,,1.20954517
0.010000000000000000,0.06231706,operational,[],ETH,put_options,100,6708386.2230,ETH,0.010000000000000000,-98.6957,0.03,2960,USD,P-ETH-2960-111225,3846307.3600,2012.8500,-97.3467,0.03,2.3,201285,9.6,3334.72,8390473.460399998,2025-12-10 22:36:41,111650,2012.8500,2496.180000000001,2025-12-09T22:34:10.930506855Z,8390473.460399998,249618.0,1,ETH  Put,1.04027669,-0.00164461,0.00003900,-0.00008482,3334.4,-0.64702773,0.00691791,0.01,8.13263607,1.08627319,1815,0.1,0.1,0.03,0.01,0.97698212,5102,,1.04030689
0.010000000000000000,0.20853537,operational,[],ETH,put_options,100,10112055.4368,ETH,0.010000000000000000,-72.8571,0.38,2920,USD,P-ETH-2920-111225,546838.3200,3037.3100,-86.7404,0.05,1.4,303731,1.85,3334.72,14158296.433199998,2025-12-10 22:36:41,111677,3037.3100,4242.019999999986,2025-12-09T22:34:10.930506855Z,14158296.433199998,424202.0,1,ETH  Put,1.29074653,-0.00404930,0.00007096,-0.00020968,3334.55,-1.81183692,0.01561511,0.01,13.87985324,1.37962818,770,0.38,0.9,0.05,0.01,1.12668991,4705,,1.29074216
0.010000000000000000,0.67112001,operational,[],ETH,call_options,100,8465698.9728,ETH,0.010000000000000000,-92.1622,0.29,3600,USD,C-ETH-3600-111225,-478917.0000,2539.0800,-83.1340,0.29,3.7,253908,20.0,3334.72,20431857.344100032,2025-12-10 22:36:41,111890,2539.0800,6104.499999999957,2025-12-09T22:34:10.930506855Z,20431857.344100032,610450.0,1,ETH  Call,0.90661029,0.01500314,0.00032440,0.00075532,3334.55,-3.96345204,0.04938047,0.01,17.54925562,0.96162319,1410,1,4.5,0.29,0.01,0.81272125,69,,0.90766221
0.010000000000000000,0.36646037,operational,[],ETH,call_options,100,1924551.5000,ETH,0.010000000000000000,-96.8254,0.2,3560,USD,C-ETH-3560-111225,558508.6500,577.2500,-94.0983,0.2,6.3,57725,17.8,3334.72,5648363.1094,2025-12-10 22:36:41,111862,577.2500,1681.650000000001,2025-12-09T22:34:10.930506855Z,5648363.1094,168165.0,1,ETH  Call,0.72906733,0.01091689,0.00030426,0.00055105,3334.52,-2.43809678,0.03750594,0.01,11.94278524,0.76058865,1815,0.5,0.5,0.2,0.2,0.67733765,7609,,0.72894434
0.010000000000000000,0.88785959,operational,[],ETH,call_options,100,2075897.2140,ETH,0.010000000000000000,-95.2381,0.6,3520,USD,C-ETH-3520-111225,408161.4600,623.4300,-90.8937,0.6,12.6,62343,26.6,3334.72,9264637.440200007,2025-12-10 22:36:41,111843,623.4300,2755.739999999993,2025-12-09T22:34:10.930506855Z,9264637.440200007,275574.0,1,ETH  Call,0.7050394,0.02486897,0.00063683,0.00125452,3334.48,-4.76494597,0.07585725,0.01,16.30502189,0.71967602,1815,1,1,0.7,0.7,0.67990422,8168,,0.70545981
0.010000000000000000,1.37740964,operational,[],ETH,call_options,100,268805.9028,ETH,0.010000000000000000,-89.5238,1.1,3500,USD,C-ETH-3500-111225,0.0000,80.6600,13636.5939,1.1,10.5,8066,10.5,3334.72,359784.7097,2025-12-10 22:36:41,112029,80.6600,107.53,2025-12-09T22:34:10.930506855Z,359784.7097,10753.0,1,ETH  Call,0.69400723,0.03776214,0.00091163,0.00190403,3334.5,-6.64681561,0.10719550,0.01,18.51303339,0.70544064,1815,1.5,1.5,1.2,1.2,0.67739725,3224,,0.69427321
0.010000000000000000,2.13753849,operational,[],ETH,call_options,100,1539636.5568,ETH,0.010000000000000000,-88.8199,1.8,3480,USD,C-ETH-3480-111225,97230.5200,462.3200,-85.9121,1.5,16.1,46232,38.7,3334.72,4182126.4059000015,2025-12-10 22:36:41,111812,462.3200,1248.8900000000008,2025-12-09T22:34:10.930506855Z,4182126.4059000015,124889.0,1,ETH  Call,0.68357562,0.05602911,0.00126921,0.00282369,3334.4,-8.99699840,0.14715965,0.01,21.56354709,0.69548368,1815,2.3,2.3,1.9,1.9,0.66826463,6617,,0.6839555
0.010000000000000000,3.21688376,operational,[],ETH,call_options,100,1216387.6851,ETH,0.010000000000000000,-85.4545,3.2,3460,USD,C-ETH-3460-111225,207965.2800,365.0700,-82.7361,2.6,22.0,36507,48.35,3334.72,4315039.795499999,2025-12-10 22:36:41,111900,365.0700,1278.8200000000008,2025-12-09T22:34:10.930506855Z,4315039.795499999,127882.0,1,ETH  Call,0.67057369,0.08136596,0.00172278,0.00409829,3334.54,-11.79506114,0.19630850,0.01,25.32191998,0.6804803,1815,3.4,3.4,3,3,0.66009283,5278,,0.67045607
0.010000000000000000,4.7305469,operational,[],ETH,call_options,100,667080.8100,ETH,0.010000000000000000,-87.1881,3.8,3440,USD,C-ETH-3440-111225,25241.2600,200.2500,-79.1702,3.8,29.66,20025,52.2,3334.72,3046461.5139000006,2025-12-10 22:36:41,111769,200.2500,906.2700000000003,2025-12-09T22:34:10.930506855Z,3046461.5139000006,90627.0,1,ETH  Call,0.65550568,0.11432829,0.00226458,0.00575529,3334.52,-14.78642134,0.25199241,0.01,28.88561751,0.66260308,3018,4.9,4.9,4.5,4.5,0.64672589,2420,,0.65553444
0.010000000000000000,7.22678173,operational,[],ETH,call_options,100,495689.6560,ETH,0.010000000000000000,-77.5641,7.0,3420,USD,C-ETH-3420-111225,-100131.4300,148.8200,-73.8599,6.9,31.2,14882,65.3,3334.72,4236027.687199999,2025-12-10 22:36:41,111872,148.8200,1258.8500000000004,2025-12-09T22:34:10.930506855Z,4236027.687199999,125885.0,1,ETH  Call,0.64971914,0.16196626,0.00289917,0.00814608,3334.4,-18.59342491,0.31973502,0.01,33.46120919,0.65668613,1815,7.4,7.4,6.9,6.9,0.64104617,3639,,0.64975495
0.010000000000000000,10.74820905,operational,[],ETH,call_options,100,781396.0605,ETH,0.010000000000000000,-70.1117,10.7,3400,USD,C-ETH-3400-111225,-318033.1600,234.4500,-67.5543,8.2,35.8,23445,79.7,3334.72,8452257.224300003,2025-12-10 22:36:41,111753,234.4500,2516.0199999999945,2025-12-09T22:34:10.930506855Z,8452257.224300003,251602.0,1,ETH  Call,0.6447798,0.22355433,0.00355495,0.01123071,3334.4,-22.50966449,0.38955227,0.01,39.95408709,0.6524542,1815,11,11,10.4,10.4,0.63705117,3669,,0.64475338
0.010000000000000000,15.75295416,operational,[],ETH,call_options,100,745799.7050,ETH,0.010000000000000000,-57.0743,17.9,3380,USD,C-ETH-3380-111225,308996.9900,223.9000,-60.2542,12.7,41.7,22390,88.9,3334.72,2988559.826800003,2025-12-10 22:36:41,111831,223.9000,889.6200000000001,2025-12-09T22:34:10.930506855Z,2988559.826800003,88962.0,1,ETH  Call,0.6434703,0.29872860,0.00414230,0.01498657,3334.4,-26.05362483,0.45239669,0.01,47.02068135,0.65034717,1815,16,16,15.3,15.3,0.63487381,4378,,0.64356703
0.010000000000000000,22.50046984,operational,[],ETH,call_options,100,894644.4196,ETH,0.010000000000000000,-60.9236,22.0,3360,USD,C-ETH-3360-111225,66820.9800,268.3300,-52.1074,18.6,56.3,26833,100.0,3334.72,5279481.521499994,2025-12-10 22:36:41,111655,268.3300,1575.2799999999993,2025-12-09T22:34:10.930506855Z,5279481.521499994,157528.0,1,ETH  Call,0.64513916,0.38598292,0.00455718,0.01933054,3334.52,-28.77784847,0.49870031,0.01,58.1715136,0.65190256,1815,22.8,22.8,22,22,0.63586056,4204,,0.64526529
0.010000000000000000,31.06505632,operational,[],ETH,call_options,100,386136.0314,ETH,0.010000000000000000,-52.7607,30.8,3340,USD,C-ETH-3340-111225,-41646.4100,115.9700,-43.9369,25.1,65.2,11597,118.2,3334.72,4351911.460299999,2025-12-10 22:36:41,111801,115.9700,1300.479999999998,2025-12-09T22:34:10.930506855Z,4351911.460299999,130048.0,1,ETH  Call,0.64720048,0.47859057,0.00472310,0.02392003,3334.4,-30.11149470,0.51933133,0.01,73.44772719,0.65565258,2708,31.4,31.4,30.5,30.5,0.63832268,2421,,0.64727871
0.010000000000000000,41.76266646,operational,[],ETH,call_options,100,324710.6020,ETH,0.010000000000000000,-41.1095,41.4,3320,USD,C-ETH-3320-111225,-137209.7400,97.4200,-35.6361,34.33,70.3,9742,133.1,3334.72,3286289.297399999,2025-12-10 22:36:41,111654,97.4200,985.1199999999994,2025-12-09T22:34:10.930506855Z,3286289.297399999,98512.0,1,ETH  Call,0.65427853,0.57215823,0.00460418,0.02852667,3334.38,-29.96988726,0.51155197,0.01,89.84573288,0.66352367,2601,42.1,42.1,41.1,41.1,0.64397514,2421,,0.65431319
0.010000000000000000,54.48941743,operational,[],ETH,call_options,100,152535.5260,ETH,0.010000000000000000,-38.4145,49.33,3300,USD,C-ETH-3300-111225,-181690.3700,45.8000,-27.5612,49.33,80.1,4580,150.68,3334.72,2795725.8693000013,2025-12-10 22:36:41,111779,45.8000,836.6799999999994,2025-12-09T22:34:10.930506855Z,2795725.8693000013,83668.0,1,ETH  Call,0.66580621,0.66052170,0.00422960,0.03283576,3334.53,-28.41358247,0.47740283,0.51599646,106.36745388,0.67770392,1815,55,55,53.7,53.7,0.65047204,2567,,0.66602506
0.010000000000000000,68.7826878,operational,[],ETH,call_options,100,32658.2748,ETH,0.010000000000000000,-23.1720,74.6,3280,USD,C-ETH-3280-111225,-26108.2000,9.8100,-20.3590,60.5,97.1,981,167.0,3334.72,443108.5312999999,2025-12-10 22:36:41,111653,9.8100,133.08000000000004,2025-12-09T22:34:10.930506855Z,443108.5312999999,13308.0,1,ETH  Call,0.67446284,0.73898433,0.00370481,0.03661597,3334.56,-25.55440301,0.42371513,11.15722697,125.91647901,0.69171488,1873,69.4,69.4,67.8,67.8,0.6539464,2420,,0.674665
0.010000000000000000,84.4902807,operational,[],ETH,call_options,100,9757.6911,ETH,0.010000000000000000,87.9356,169.33,3260,USD,C-ETH-3260-111225,1033.6600,2.9300,-14.5005,86.6,90.1,293,169.33,3334.72,83493.1348,2025-12-10 22:36:41,111759,2.9300,24.989999999999995,2025-12-09T22:34:10.930506855Z,83493.1348,2499.0,1,ETH  Call,0.6870682,0.80322662,0.00309494,0.03965055,3334.38,-22.25426430,0.36140527,23.88461158,144.69536044,0.71171179,1815,85.2,85.2,83.4,83.4,0.66187233,2447,,0.68702797
0.010000000000000000,101.05508445,operational,[],ETH,call_options,100,15027.5455,ETH,0.010000000000000000,-3.7690,120.0,3240,USD,C-ETH-3240-111225,1700.5300,4.5100,-9.7466,100.4,124.7,451,204.1,3334.72,94290.4584,2025-12-10 22:36:41,111624,4.5100,28.259999999999998,2025-12-09T22:34:10.930506855Z,94290.4584,2826.0,1,ETH  Call,0.68808571,0.86009640,0.00248007,0.04229701,3334.38,-17.88430436,0.29002717,37.15116263,162.48114651,0.72330832,1815,101.9,101.9,99.8,99.8,0.65069735,2440,,0.68816115
0.010000000000000000,118.71891148,operational,[],ETH,call_options,100,14327.3850,ETH,0.010000000000000000,24.2263,149.32,3220,USD,C-ETH-3220-111225,-733.5600,4.3000,-5.9775,115.3,120.2,430,207.9,3334.72,17095.4117,2025-12-10 22:36:41,111625,4.3000,5.14,2025-12-09T22:34:10.930506855Z,17095.4117,514.0,1,ETH  Call,0.69207023,0.90336473,0.00189048,0.04422989,3334.54,-13.88679085,0.22313122,54.03254091,182.93134445,0.74121773,1858,119.8,119.8,117.6,117.6,0.64172149,2420,,0.69195509
0.010000000000000000,137.35979613,operational,[],ETH,call_options,100,24727.1500,ETH,0.010000000000000000,-1.3848,135.3,3200,USD,C-ETH-3200-111225,-132141.4800,7.4200,-2.9200,123.7,137.2,742,244.6,3334.72,466633.2108,2025-12-10 22:36:41,111626,7.4200,139.04000000000002,2025-12-09T22:34:10.930506855Z,466633.2108,13904.0,1,ETH  Call,0.70927054,0.93262530,0.00140834,0.04543888,3334.38,-10.81466858,0.16995419,71.81988956,202.41665584,0.77689826,1849,138.4,138.4,135.9,135.9,0.62502742,2421,,0.70927406
0.010000000000000000,156.34327522,operational,[],ETH,call_options,100,3331.3800,ETH,0.010000000000000000,52.1883,229.5,3180,USD,C-ETH-3180-111225,0.0000,1.0000,-0.6485,150.8,150.8,100,229.5,3334.72,2262.5141,2025-12-10 22:36:41,111627,1.0000,0.67,2025-12-09T22:34:10.930506855Z,2262.5141,67.0,1,ETH  Call,0.71933354,0.95512839,0.00100657,0.04629475,3334.4,-7.96241963,0.12328483,90.00840512,221.8744817,0.81349671,1815,157.5,157.5,154.8,154.8,0.56320906,2429,,0.71922193
0.010000000000000000,175.87150922,operational,[],ETH,call_options,100,1333.0040,ETH,0.010000000000000000,32.5536,272.0,3160,USD,C-ETH-3160-111225,-1133.6900,0.4000,1.1161,169.0,205.2,40,272.0,3334.72,6455.8483,2025-12-10 22:36:41,111628,0.4000,1.9200000000000002,2025-12-09T22:34:10.930506855Z,6455.8483,192.0,1,ETH  Call,0.74012175,0.96821687,0.00073348,0.04666425,3334.38,-6.22399475,0.09304445,109.30672027,241.70967983,0.86483538,1815,177,177,174.2,174.2,0.000005,2424,,0.73956405
0.010000000000000000,195.51691346,operational,[],ETH,call_options,100,13522.1954,ETH,0.010000000000000000,-4.8990,188.3,3140,USD,C-ETH-3140-111225,0.0000,4.0600,2.2486,180.2,198.0,406,240.0,3334.72,16042.6656,2025-12-10 22:36:41,111629,4.0600,4.83,2025-12-09T22:34:10.930506855Z,16042.6656,483.0,1,ETH  Call,0.76510032,0.97602134,0.00055257,0.04675778,3334.52,-5.16557741,0.07357096,127.12203365,259.76334813,0.93542933,1815,197,197,193.9,193.9,0.000005,2451,,0.76336026
0.010000000000000000,215.18122254,operational,[],ETH,call_options,100,4530.7448,ETH,0.010000000000000000,25.8184,238.3,3120,USD,C-ETH-3120-111225,0.0000,1.3600,3.1439,189.4,189.4,136,238.3,3334.72,18348.6144,2025-12-10 22:36:41,111630,1.3600,5.5,2025-12-09T22:34:10.930506855Z,18348.6144,550.0,1,ETH  Call,0.7913669,0.98463839,0.00037421,0.04689973,3334.38,-3.57815027,0.05039036,146.75227259,279.54978109,0.99254847,1815,216.6,216.6,213.3,213.3,0.000005,2431,,0.79192052
0.010000000000000000,235.05545585,operational,[],ETH,call_options,100,3832.8350,ETH,0.010000000000000000,30.1401,288.0,3100,USD,C-ETH-3100-111225,-12837.3600,1.1500,3.8577,221.3,221.3,115,318.9,3334.72,25656.831100000003,2025-12-10 22:36:41,111631,1.1500,7.6,2025-12-09T22:34:10.930506855Z,25656.831100000003,760.0,1,ETH  Call,0.82788865,0.98809892,0.00028619,0.04677027,3334.5,-3.01137318,0.04042709,168.26644194,301.31466416,1.06888413,1827,236.7,236.7,233.2,233.2,0.000005,2420,,0.82831979
0.010000000000000000,254.9723406,operational,[],ETH,call_options,100,200.0916,ETH,0.010000000000000000,16.8932,301.0,3080,USD,C-ETH-3080-111225,-133.3800,0.0600,4.3352,240.0,257.5,6,301.0,3334.72,837.8726,2025-12-10 22:36:41,111632,0.0600,0.25,2025-12-09T22:34:10.930506855Z,837.8726,25.0,1,ETH  Call,0.86772939,0.99086296,0.00021808,0.04660989,3334.4,-2.49288195,0.03210958,186.43885522,319.47335528,1.14577472,1816,256.6,256.6,252.9,252.9,0.000005,2421,,0.86777906
0.010000000000000000,274.90582094,operational,[],ETH,call_options,100,0.0000,ETH,0.010000000000000000,17.4260,309.3,3060,USD,C-ETH-3060-111225,-133.3800,0.0000,4.4124,263.4,263.4,0,309.3,3334.72,267.5172,2025-12-10 22:36:41,111633,0.0000,0.08,2025-12-09T22:34:10.930506855Z,267.5172,8.0,1,ETH  Call,0.90664466,0.99302618,0.00016552,0.04641275,3334.48,-2.04257145,0.02532032,207.64306188,340.76019526,1.2251246,1815,276.7,276.7,272.8,272.8,0.000005,2420,,0.91011584
0.010000000000000000,294.88700988,operational,[],ETH,call_options,100,133.2316,ETH,0.010000000000000000,0.0000,316.7,3040,USD,C-ETH-3040-111225,0.0000,0.0400,4.5274,316.7,316.7,4,316.7,3334.72,134.1032,2025-12-10 22:36:41,111674,0.0400,0.04,2025-12-09T22:34:10.930506855Z,134.1032,4.0,1,ETH  Call,0.95999678,0.99304319,0.00015348,0.04610954,3334.36,-2.19315077,0.02526540,226.31206278,359.35969268,1.31400108,1815,296.7,296.7,292.6,292.6,0.000005,2421,,0.96189797
0.010000000000000000,314.87334231,operational,[],ETH,call_options,100,0.0000,ETH,0.010000000000000000,11.0727,340.66,3020,USD,C-ETH-3020-111225,0.0000,0.0000,4.6441,306.7,306.7,0,340.66,3334.72,200.55270000000002,2025-12-10 22:36:41,111698,0.0000,0.06,2025-12-09T22:34:10.930506855Z,200.55270000000002,6.0,1,ETH  Call,1.01454874,0.99416573,0.00012563,0.04585973,3334.5,-1.96233268,0.02162209,246.98366134,380.06630254,1.39816642,1815,316.9,316.9,312.6,312.6,0.000005,2420,,1.01601462
0.010000000000000000,334.74364036,operational,[],ETH,call_options,100,333.1420,ETH,0.010000000000000000,12.3004,379.8,3000,USD,C-ETH-3000-111225,-3334.3800,0.1000,4.5859,315.5,338.2,10,433.96,3334.72,11085.4921,2025-12-10 22:36:41,111651,0.1000,3.27,2025-12-09T22:34:10.930506855Z,11085.4921,327.0,1,ETH  Call,0.99573936,1.00000000,0.00000000,0.04585426,3334.79,-0.00000000,0.00000000,266.7080311,399.71752698,1.45552874,1816,337,337,332.5,332.5,0.000005,2420,,1.07147872
0.010000000000000000,414.83591645,operational,[],ETH,call_options,100,333.2220,ETH,0.010000000000000000,11.6152,447.8,2920,USD,C-ETH-2920-111225,0.0000,0.1000,4.1906,396.9,401.2,10,495.3,3334.72,54405.0535,2025-12-10 22:36:41,111675,0.1000,16.209999999999997,2025-12-09T22:34:10.930506855Z,54405.0535,1621.0,1,ETH  Call,1.21661734,0.99572135,0.00007402,0.04440989,3334.52,-1.91709658,0.01640354,347.6874787,480.81998902,1.84278488,1816,417.4,417.4,412.1,412.1,0.000005,2420,,1.21385288
0.010000000000000000,374.78274486,operational,[],ETH,call_options,100,0.0000,ETH,0.010000000000000000,,,2960,USD,C-ETH-2960-111225,0.0000,0.0000,4.5758,,,0,,3334.72,,2025-12-10 22:36:41,111652,0.0000,,,,,1,ETH  Call,1.04112122,0.99841696,0.00003779,0.04516030,3334.72,-0.62300016,0.00668188,305.9469872,439.22543746,,,,,0.03,,0.000005,1000,,1.04115122
P-ETH-3600-111225,USD,ETH,9556.7200,[],1,306,250.0,10263.1788,258.57,3600,3341.43,-17.4100,0.010000000000000000,ETH,181.4,302.7,302.7,100,3.0600,2025-12-10 22:49:30,111889,0.010000000000000000,3.0600,0.22901899,22.400000000000002,2025-12-09T22:44:13.432452415Z,75308.751,-3.9046,2240.0,put_options,operational,ETH  Put,75308.751,1.0114944,1849,260.2,260.2,256.6,256.6,0.000005,2424,,0.22901899,191.9864,325.6336,-1.00000000,0.00000000,-0.05414954,3341.3,-0.00000000,0.00000000
P-ETH-3560-111225,USD,ETH,-133.6600,[],1,0,195.2,0.0000,218.58734536,3560,3341.43,-23.1496,0.010000000000000000,ETH,195.2,254.0,254.0,100,0.0000,2025-12-10 22:49:30,111861,0.010000000000000000,0.0000,0.52352187,0.22,2025-12-09T22:44:13.432452415Z,731.085,-5.6600,22.0,put_options,operational,ETH  Put,731.085,0.89327812,1818,220.3,220.3,217.2,217.2,0.000005,2424,,0.52577811,151.52180946,285.31739884,-0.99851076,0.00006820,-0.05347236,3341.28,-0.31380350,0.00628167
P-ETH-3520-111225,USD,ETH,-3408.3400,[],1,560,176.5,18712.4560,179.16933895,3520,3341.43,-18.8506,0.010000000000000000,ETH,97.9,217.5,220.5,100,5.6000,2025-12-10 22:49:30,111842,0.010000000000000000,5.6000,0.64745486,40.03,2025-12-09T22:44:13.432452415Z,134508.5758,-8.5701,4003.0,put_options,operational,ETH  Put,134508.5758,0.78845143,1854,180.6,180.6,177.9,177.9,0.000005,2425,,0.64690689,112.26448403,245.80868343,-0.98159127,0.00054437,-0.05203040,3341.3,-3.40629505,0.05847476
P-ETH-3500-111225,USD,ETH,0.0000,[],1,0,143.5,0.0000,159.71858667,3500,3341.43,-11.4198,0.010000000000000000,ETH,143.5,162.0,162.0,100,0.0000,2025-12-10 22:49:30,112028,0.010000000000000000,0.0000,0.65348655,4.0,2025-12-09T22:44:13.432452415Z,13398.69,57.7461,400.0,put_options,operational,ETH  Put,13398.69,0.75566113,1818,161,161,158.5,158.5,0.000005,2425,,0.65279365,93.31846617,226.28725079,-0.96469059,0.00091466,-0.05088955,3341.43,-6.03129835,0.10086282
P-ETH-3480-111225,USD,ETH,28269.1700,[],1,851,110.4,28470.1199,140.51801333,3480,3341.43,-37.6975,0.010000000000000000,ETH,70.0,177.2,177.2,100,8.5100,2025-12-10 22:49:30,111811,0.010000000000000000,8.5100,0.6503804,33.589999999999996,2025-12-09T22:44:13.432452415Z,113256.3065,-13.6550,3359.0,put_options,operational,ETH  Put,113256.3065,0.72115183,1894,141.8,141.8,139.5,139.5,0.55114746,2425,,0.64967006,74.55316274,206.7557246,-0.94501052,0.00131844,-0.04961126,3341.3,-8.54517435,0.14413469
P-ETH-3460-111225,USD,ETH,66262.1400,[],1,2033,132.2,67920.2937,121.56670367,3460,3341.43,-13.9883,0.010000000000000000,ETH,51.1,153.7,153.7,100,20.3300,2025-12-10 22:49:30,111899,0.010000000000000000,20.3300,0.64183464,31.22,2025-12-09T22:44:13.432452415Z,106922.04750000002,-16.9601,3122.0,put_options,operational,ETH  Put,106922.04750000002,0.68980694,2013,122.6,122.6,120.5,120.5,0.58108687,2424,,0.6418998,56.43243325,187.23651773,-0.91792335,0.00182732,-0.04796258,3341.52,-11.45021208,0.19642335
P-ETH-3440-111225,USD,ETH,58977.6500,[],1,1904,119.0,63622.9216,103.22487389,3440,3341.43,-19.9192,0.010000000000000000,ETH,41.4,148.6,154.4,100,19.0400,2025-12-10 22:49:30,111768,0.010000000000000000,19.0400,0.63028691,293.93,2025-12-09T22:44:13.432452415Z,1000504.1387,-21.5332,29393.0,put_options,operational,ETH  Put,1000504.1387,0.67301989,1995,104.4,104.4,102.4,102.4,0.59642792,2425,,0.62995871,39.1825437,167.69745424,-0.87791392,0.00245539,-0.04567873,3341.52,-15.20723324,0.26240052
P-ETH-3420-111225,USD,ETH,248073.7000,[],1,7452,85.9,248943.0024,85.89320574,3420,3341.43,-29.0083,0.010000000000000000,ETH,30.9,121.0,125.0,100,74.5200,2025-12-10 22:49:30,111871,0.010000000000000000,74.5200,0.62608177,216.78999999999996,2025-12-09T22:44:13.432452415Z,738323.3801000001,-26.4102,21679.0,put_options,operational,ETH  Put,738323.3801000001,0.65827608,1818,87,87,85.2,85.2,0.60429275,3065,,0.62581072,23.45154682,148.50449596,-0.82515083,0.00314659,-0.04276668,3341.52,-19.21187445,0.33387563
P-ETH-3400-111225,USD,ETH,428949.6400,[],1,14848,76.7,496138.4960,69.76927233,3400,3341.43,-28.8497,0.010000000000000000,ETH,23.8,107.8,124.2,100,148.4800,2025-12-10 22:49:30,111752,0.010000000000000000,148.4800,0.62351524,688.8600000000004,2025-12-09T22:44:13.432452415Z,2324852.611800001,-32.5573,68886.0,put_options,operational,ETH  Put,2324852.611800001,0.63950434,2869,70.6,70.6,69.1,69.1,0.60213193,2425,,0.62357387,10.51417718,129.37678976,-0.76148580,0.00385014,-0.03932246,3341.3,-22.70487355,0.40149120
P-ETH-3380-111225,USD,ETH,546336.8900,[],1,16612,54.8,555035.1604,55.29030475,3380,3341.43,-41.6400,0.010000000000000000,ETH,17.6,93.9,113.4,100,166.1200,2025-12-10 22:49:30,111830,0.010000000000000000,166.1200,0.62353507,738.1400000000003,2025-12-09T22:44:13.432452415Z,2493032.5502000013,-39.0804,73814.0,put_options,operational,ETH  Put,2493032.5502000013,0.63687891,2738,56,56,54.7,54.7,0.60886532,2424,,0.62372088,0.09894629,110.48850167,-0.67888955,0.00443663,-0.03495238,3341.3,-26.32747810,0.46408827
P-ETH-3360-111225,USD,ETH,192003.1600,[],1,9403,36.0,315290.1124,42.57926538,3360,3341.43,-58.6207,0.010000000000000000,ETH,13.2,87.0,102.2,100,94.0300,2025-12-10 22:49:30,111648,0.010000000000000000,94.0300,0.62599884,924.1100000000004,2025-12-09T22:44:13.432452415Z,3109147.9223999996,-46.2792,92411.0,put_options,operational,ETH  Put,3109147.9223999996,0.63476801,1818,43.1,43.1,42.2,42.2,0.61694175,2448,,0.62603813,0.01,92.42346823,-0.58620114,0.00480352,-0.03010490,3341.3,-28.77528139,0.50487769
P-ETH-3340-111225,USD,ETH,292549.2000,[],1,17408,26.7,583742.4640,31.78361282,3340,3341.43,-62.5526,0.010000000000000000,ETH,9.4,71.3,84.5,100,174.0800,2025-12-10 22:49:30,111800,0.010000000000000000,174.0800,0.62866659,1275.7800000000007,2025-12-09T22:44:13.432452415Z,4282316.366400002,-53.6329,127578.0,put_options,operational,ETH  Put,4282316.366400002,0.6375742,1818,32.2,32.2,31.4,31.4,0.62209293,3194,,0.62864744,0.01,75.51083031,-0.48769852,0.00488536,-0.02498978,3341.52,-29.64241613,0.51675489
P-ETH-3320-111225,USD,ETH,29071.1400,[],1,17181,21.6,574685.5509,23.20324567,3320,3341.43,-65.0485,0.010000000000000000,ETH,7.0,61.8,77.1,100,171.8100,2025-12-10 22:49:30,111647,0.010000000000000000,171.8100,0.63671278,1198.44,2025-12-09T22:44:13.432452415Z,4011504.587600001,-60.4158,119844.0,put_options,operational,ETH  Put,4011504.587600001,0.64467505,1818,23.6,23.6,22.9,22.9,0.63062251,3552,,0.63671278,0.01,59.80656048,-0.39260344,0.00465188,-0.02008122,3341.43,-28.92921184,0.49813854
P-ETH-3300-111225,USD,ETH,1275755.1000,[],1,57895,16.6,1934156.1600,16.59902065,3300,3341.43,-71.3299,0.010000000000000000,ETH,4.7,57.9,68.2,100,578.9500,2025-12-10 22:49:30,111778,0.010000000000000000,578.9500,0.64877547,2648.4699999999975,2025-12-09T22:44:13.432452415Z,8877714.016600003,-66.8807,264847.0,put_options,operational,ETH  Put,8877714.016600003,0.65593764,1818,17,17,16.4,16.4,0.642744,6266,,0.64880012,0.01,48.0477881,-0.30627327,0.00417025,-0.01564496,3341.3,-26.89219782,0.45476893
P-ETH-3280-111225,USD,ETH,555592.8700,[],1,21174,9.4,707486.8620,11.5166909,3280,3341.43,-79.1111,0.010000000000000000,ETH,3.3,45.0,54.3,100,211.7400,2025-12-10 22:49:30,111646,0.010000000000000000,211.7400,0.65841983,1066.2799999999997,2025-12-09T22:44:13.432452415Z,3583906.0033999993,-72.6310,106628.0,put_options,operational,ETH  Put,3583906.0033999993,0.66549152,1818,11.8,11.8,11.3,11.3,0.65277696,3492,,0.65847234,0.01,41.20022268,-0.22974395,0.00355250,-0.01172054,3341.52,-23.60850508,0.39326098
P-ETH-3260-111225,USD,ETH,1283674.4800,[],1,93143,6.1,3111916.9443,7.90283147,3260,3341.43,-84.1969,0.010000000000000000,ETH,2.81,38.6,46.9,100,931.4300,2025-12-10 22:49:30,111758,0.010000000000000000,931.4300,0.67134564,1651.3599999999994,2025-12-09T22:44:13.432452415Z,5531370.894299999,-77.6767,165136.0,put_options,operational,ETH  Put,5531370.894299999,0.67787588,1818,8.1,8.1,7.6,7.6,0.662494,11446,,0.67170123,0.01,35.49216598,-0.16770061,0.00288802,-0.00854700,3341.53,-19.84308986,0.32509030
P-ETH-3240-111225,USD,ETH,170082.8600,[],1,9875,3.8,330944.8250,4.97674637,3240,3341.43,-87.3754,0.010000000000000000,ETH,1.8,30.1,38.8,100,98.7500,2025-12-10 22:49:30,111614,0.010000000000000000,98.7500,0.67175277,548.9000000000001,2025-12-09T22:44:13.432452415Z,1843489.9758000004,-83.2206,54890.0,put_options,operational,ETH  Put,1843489.9758000004,0.67989826,1818,5.2,5.2,4.8,4.8,0.66410959,2851,,0.67178396,0.01,29.41593707,-0.11620240,0.00224527,-0.00591522,3341.3,-15.50974315,0.25339440
P-ETH-3220-111225,USD,ETH,-43172.3100,[],1,8949,2.6,299766.4428,3.08263557,3220,3341.43,-89.3878,0.010000000000000000,ETH,1.2,24.5,31.3,100,89.4900,2025-12-10 22:49:30,111615,0.010000000000000000,89.4900,0.67662234,590.4599999999998,2025-12-09T22:44:13.432452415Z,1977053.0523,-87.5496,59046.0,put_options,operational,ETH  Put,1977053.0523,0.68839222,2024,3.3,3.3,2.9,2.9,0.66711098,2425,,0.67671552,0.01,24.44697026,-0.07749294,0.00165187,-0.00394138,3341.52,-11.61168148,0.18806806
P-ETH-3200-111225,USD,ETH,723904.7300,[],1,64036,2.2,2139289.0736,1.95806067,3200,3341.43,-89.0000,0.010000000000000000,ETH,0.76,20.0,29.0,100,640.3600,2025-12-10 22:49:30,111616,0.010000000000000000,640.3600,0.69004133,2298.409999999999,2025-12-09T22:44:13.432452415Z,7721419.464500001,-90.5028,229841.0,put_options,operational,ETH  Put,7721419.464500001,0.70054412,1818,2.1,2.1,1.85,1.8,0.68237245,653,,0.68987186,0.01,20.7273515,-0.05189080,0.00118521,-0.00263771,3341.52,-8.67139823,0.13766466
P-ETH-3180-111225,USD,ETH,701.7200,[],1,17354,0.85,581317.3504,1.18266174,3180,3341.43,-95.1705,0.010000000000000000,ETH,0.6,17.6,22.3,100,173.5400,2025-12-10 22:49:30,111617,0.010000000000000000,173.5400,0.69934458,545.9999999999999,2025-12-09T22:44:13.432452415Z,1829735.9087000003,-93.0521,54600.0,put_options,operational,ETH  Put,1829735.9087000003,0.7205689,2448,1.4,1.4,1,1,0.67875862,2424,,0.69954644,0.01,17.54838298,-0.03330334,0.00081692,-0.00169178,3341.3,-6.13412223,0.09612290
P-ETH-3160-111225,USD,ETH,688685.2100,[],1,26595,0.7,888618.7350,0.74344307,3160,3341.43,-94.8529,0.010000000000000000,ETH,0.3,13.6,15.8,100,265.9500,2025-12-10 22:49:30,111618,0.010000000000000000,265.9500,0.71578115,497.7199999999998,2025-12-09T22:44:13.432452415Z,1677543.0175,-94.7360,49772.0,put_options,operational,ETH  Put,1677543.0175,0.73788762,1818,0.9,0.9,0.6,0.6,0.69272161,5043,,0.71548551,0.01,14.91843096,-0.02157750,0.00055588,-0.00109580,3341.43,-4.36765010,0.06691290
P-ETH-3140-111225,USD,ETH,443017.4000,[],1,22440,0.5,750303.8400,0.46058676,3140,3341.43,-95.9677,0.010000000000000000,ETH,0.2,12.4,12.4,100,224.4000,2025-12-10 22:49:30,111619,0.010000000000000000,224.4000,0.73130796,348.29999999999995,2025-12-09T22:44:13.432452415Z,1165886.208,-95.9978,34830.0,put_options,operational,ETH  Put,1165886.208,0.75971603,1818,0.6,0.6,0.31,0.3,0.69403172,2109,,0.73200156,0.01,12.98139983,-0.01358691,0.00036740,-0.00068970,3341.43,-2.99809494,0.04506716
P-ETH-3120-111225,USD,ETH,171653.3700,[],1,17314,0.7,580058.8222,0.35737819,3120,3341.43,-92.7835,0.010000000000000000,ETH,0.1,9.7,12.8,100,173.1400,2025-12-10 22:49:30,111620,0.010000000000000000,173.1400,0.77007234,445.04999999999995,2025-12-09T22:44:13.432452415Z,1490713.5842000002,-96.2339,44505.0,put_options,operational,ETH  Put,1490713.5842000002,0.80573797,1818,0.5,0.5,0.31,0.2,0.7564497,8,,0.76981266,0.01,12.15353028,-0.01047487,0.00027776,-0.00053187,3341.52,-2.52551594,0.03596557
P-ETH-3100-111225,USD,ETH,2422695.0000,[],1,126237,0.2,4232499.3834,0.24178362,3100,3341.43,-97.6471,0.010000000000000000,ETH,0.07,8.5,10.3,100,1262.3700,2025-12-10 22:49:30,111621,0.010000000000000000,1262.3700,0.79387625,2140.8900000000003,2025-12-09T22:44:13.432452415Z,7183085.9023,-96.8957,214089.0,put_options,operational,ETH  Put,7183085.9023,0.84272146,125,0.39,0.4,0.1,0.1,0.72045803,28078,,0.79363465,0.01,10.74188783,-0.00725914,0.00019493,-0.00036857,3341.54,-1.89179926,0.02607686
P-ETH-3080-111225,USD,ETH,432458.2200,[],1,27167,0.3,910863.3261,0.16820557,3080,3341.43,-95.6522,0.010000000000000000,ETH,0.03,6.9,6.9,100,271.6700,2025-12-10 22:49:30,111622,0.010000000000000000,271.6700,0.82012375,549.9000000000001,2025-12-09T22:44:13.432452415Z,1847495.9405999999,-97.3658,54990.0,put_options,operational,ETH  Put,1847495.9405999999,0.87688923,1818,0.3,0.3,0.04,0.01,0.71178436,8938,,0.81987937,0.01,9.99422174,-0.00500723,0.00013607,-0.00025422,3341.52,-1.40301349,0.01876283
P-ETH-3060-111225,USD,ETH,728950.4100,[],1,26393,0.2,881724.1475,0.10903667,3060,3341.43,-96.0784,0.010000000000000000,ETH,0.02,5.1,6.0,100,263.9300,2025-12-10 22:49:30,111623,0.010000000000000000,263.9300,0.83916108,649.9300000000001,2025-12-09T22:44:13.432452415Z,2187325.0041,-97.9154,64993.0,put_options,operational,ETH  Put,2187325.0041,0.89544773,1818,0.2,0.2,0.03,0.01,0.74508667,5,,0.83893617,0.01,8.56858317,-0.00329161,0.00009134,-0.00016710,3341.52,-0.98626056,0.01288934
P-ETH-3040-111225,USD,ETH,388918.3500,[],1,24147,0.2,808567.1244,0.11341775,3040,3341.43,-94.4444,0.010000000000000000,ETH,0.02,3.6,4.0,100,241.4700,2025-12-10 22:49:30,111673,0.010000000000000000,241.4700,0.89932124,482.2800000000002,2025-12-09T22:44:13.432452415Z,1612278.6604999998,-97.3314,48228.0,put_options,operational,ETH  Put,1612278.6604999998,0.95422745,1818,0.2,0.2,0.03,0.01,0.79547882,27790,,0.899055,0.01,8.99109641,-0.00321510,0.00008350,-0.00016333,3341.3,-1.03416949,0.01261909
P-ETH-3020-111225,USD,ETH,1176645.9200,[],1,49515,0.1,1661525.3400,0.14806952,3020,3341.43,-96.8750,0.010000000000000000,ETH,0.1,3.2,3.8,100,495.1500,2025-12-10 22:49:30,111697,0.010000000000000000,495.1500,0.98229488,512.8899999999998,2025-12-09T22:44:13.432452415Z,1724049.3132999998,-95.7548,51289.0,put_options,operational,ETH  Put,1724049.3132999998,1.01375103,1818,0.2,0.2,0.1,0.01,0.94346046,6054,,0.9820501,0.01,10.37620971,-0.00378050,0.00008841,-0.00019227,3341.32,-1.30660453,0.01459546
P-ETH-3000-111225,USD,ETH,1541004.1700,[],1,248087,0.09,8289008.4179,0.54613207,3000,3341.43,-96.7857,0.010000000000000000,ETH,0.03,2.8,3.4,100,2480.8700,2025-12-10 22:49:30,111649,0.010000000000000000,2480.8700,1.20954517,5888.609999999996,2025-12-09T22:44:13.432452415Z,19686408.903000016,-80.8261,588861.0,put_options,operational,ETH  Put,19686408.903000016,0.98938942,217,0.09,12.4,0.03,0.01,0.89767456,451,,1.20954517,0.01,18.50812494,-0.01016311,0.00017245,-0.00051907,3341.3,-3.85850687,0.03502997
P-ETH-2960-111225,USD,ETH,3752515.7300,[],1,201285,0.03,6742624.8015,0.06454972,2960,3341.43,-98.6957,0.010000000000000000,ETH,0.03,2.3,9.6,100,2012.8500,2025-12-10 22:49:30,111650,0.010000000000000000,2012.8500,1.06870731,2496.180000000001,2025-12-09T22:44:13.432452415Z,8390473.460399998,-96.5828,249618.0,put_options,operational,ETH  Put,8390473.460399998,1.11246109,1818,0.1,0.1,0.08,0.01,1.08935356,5,,1.06852611,0.01,8.37217831,-0.00162595,0.00003789,-0.00008270,3341.43,-0.66293739,0.00680566
P-ETH-2920-111225,USD,ETH,433627.7500,[],1,303731,0.38,10184404.1610,0.2132404,2920,3341.43,-72.8571,0.010000000000000000,ETH,0.05,1.4,1.85,100,3037.3100,2025-12-10 22:49:30,111677,0.010000000000000000,3037.3100,1.32199327,4242.019999999986,2025-12-09T22:44:13.432452415Z,14158296.433199998,-83.4787,424202.0,put_options,operational,ETH  Put,14158296.433199998,1.40926361,770,0.38,0.4,0.05,0.01,1.15148544,4705,,1.32172823,0.01,14.16814894,-0.00399172,0.00006898,-0.00020386,3341.3,-1.84593356,0.01532397
C-ETH-3600-111225,USD,ETH,-521108.4800,[],1,253908,0.11,8483828.0040,0.49924217,3600,3341.43,-97.0270,0.010000000000000000,ETH,0.11,3.7,20.0,100,2539.0800,2025-12-10 22:49:30,111890,0.010000000000000000,2539.0800,0.85713098,6121.059999999958,2025-12-09T22:44:13.432452415Z,20487101.715500034,-89.9286,612106.0,call_options,operational,ETH  Call,20487101.715500034,0.92284203,46,0.84,4.5,0.12,0.01,0.72453499,1083,,0.85729788,0.01,15.15717343,0.01296899,0.00030082,0.00064434,3341.3,-3.37855497,0.04329072
C-ETH-3560-111225,USD,ETH,570529.4200,[],1,58420,0.7,1952127.6680,0.35148826,3560,3341.43,-88.8889,0.010000000000000000,ETH,0.2,6.3,17.8,100,584.2000,2025-12-10 22:49:30,111862,0.010000000000000000,584.2000,0.71128627,1688.6000000000008,2025-12-09T22:44:13.432452415Z,5671635.144300001,-95.4271,168860.0,call_options,operational,ETH  Call,5671635.144300001,0.74537754,1818,0.5,0.5,0.2,0.2,0.66334248,7683,,0.71145674,0.01,11.88789501,0.01117759,0.00031888,0.00055654,3341.52,-2.46298971,0.03805771
C-ETH-3520-111225,USD,ETH,382034.8400,[],1,61612,0.8,2058167.3436,0.95523181,3520,3341.43,-93.6508,0.010000000000000000,ETH,0.6,12.6,26.6,100,616.1200,2025-12-10 22:49:30,111843,0.010000000000000000,616.1200,0.69671412,2758.269999999993,2025-12-09T22:44:13.432452415Z,9273105.676700007,-92.0465,275827.0,call_options,operational,ETH  Call,9273105.676700007,0.71384907,1818,1.1,1.1,0.8,0.8,0.67736506,8097,,0.69690108,0.01,16.58162728,0.02773052,0.00070614,0.00137943,3341.3,-5.23888712,0.08259317
C-ETH-3500-111225,USD,ETH,0.0000,[],1,8370,1.3,279578.9250,1.44978619,3500,3341.43,-87.6190,0.010000000000000000,ETH,1.1,10.5,10.5,100,83.7000,2025-12-10 22:49:30,112029,0.010000000000000000,83.7000,0.68137725,264.66999999999996,2025-12-09T22:44:13.432452415Z,885709.1176,14389.6789,26467.0,call_options,operational,ETH  Call,885709.1176,0.69506228,1818,1.6,1.6,1.3,1.3,0.66862524,3152,,0.68120981,0.01,18.89268512,0.04088664,0.00099221,0.00203313,3341.3,-7.06291337,0.11367696
C-ETH-3480-111225,USD,ETH,76019.3500,[],1,46122,2.6,1540834.5516,2.24936912,3480,3341.43,-83.8509,0.010000000000000000,ETH,1.5,16.1,38.7,100,461.2200,2025-12-10 22:49:30,111812,0.010000000000000000,461.2200,0.67048674,1248.8900000000008,2025-12-09T22:44:13.432452415Z,4182126.4059000015,-87.8692,124889.0,call_options,operational,ETH  Call,4182126.4059000015,0.67964852,1818,2.4,2.4,2.1,2.1,0.66036642,6610,,0.67047273,0.01,22.10069654,0.06065223,0.00138325,0.00301451,3341.52,-9.50263281,0.15568667
C-ETH-3460-111225,USD,ETH,214157.3800,[],1,36745,4.8,1230068.2710,3.41078526,3460,3341.43,-78.1818,0.010000000000000000,ETH,2.6,22.0,48.35,100,367.4500,2025-12-10 22:49:30,111900,0.010000000000000000,367.4500,0.65735099,1280.0400000000009,2025-12-09T22:44:13.432452415Z,4319104.750099999,-84.9284,128004.0,call_options,operational,ETH  Call,4319104.750099999,0.66637993,1818,3.6,3.6,3.2,3.2,0.6469655,5306,,0.65745868,0.01,25.46661169,0.08752965,0.00186870,0.00434821,3341.43,-12.32981136,0.20613071
C-ETH-3440-111225,USD,ETH,25295.2300,[],1,20025,5.6,669097.3275,5.06317177,3440,3341.43,-74.6606,0.010000000000000000,ETH,3.8,22.1,52.2,100,200.2500,2025-12-10 22:49:30,111769,0.010000000000000000,200.2500,0.64217525,905.2800000000003,2025-12-09T22:44:13.432452415Z,3043155.1314000003,-81.5373,90528.0,call_options,operational,ETH  Call,3043155.1314000003,0.65052539,3021,5.3,5.3,4.8,4.8,0.63166738,2425,,0.64240736,0.01,29.29268167,0.12395373,0.00246276,0.00615430,3341.53,-15.48692071,0.26521737
C-ETH-3420-111225,USD,ETH,-101815.8100,[],1,14882,7.0,497835.6404,7.75789115,3420,3341.43,-77.5641,0.010000000000000000,ETH,6.9,31.2,65.3,100,148.8200,2025-12-10 22:49:30,111872,0.010000000000000000,148.8200,0.6363942,1258.8500000000004,2025-12-09T22:44:13.432452415Z,4236027.687199999,-76.5118,125885.0,call_options,operational,ETH  Call,4236027.687199999,0.64298958,1818,8,8,7.5,7.5,0.62809557,3643,,0.63648721,0.01,34.56164879,0.17638578,0.00314526,0.00874854,3341.54,-19.43432895,0.33573396
C-ETH-3400-111225,USD,ETH,-415917.7500,[],1,23481,14.9,784549.5201,11.56958953,3400,3341.43,-58.3799,0.010000000000000000,ETH,8.2,35.8,79.7,100,234.8100,2025-12-10 22:49:30,111753,0.010000000000000000,234.8100,0.63061299,2517.0799999999945,2025-12-09T22:44:13.432452415Z,8455790.075100003,-70.6774,251708.0,call_options,operational,ETH  Call,8455790.075100003,0.63703477,1818,11.8,11.8,11.2,11.2,0.62219679,3677,,0.6308847,0.01,40.60614787,0.24166834,0.00382432,0.01197362,3341.3,-23.18696706,0.40438547
C-ETH-3380-111225,USD,ETH,262141.4600,[],1,22343,19.9,746506.4416,17.02104464,3380,3341.43,-52.2782,0.010000000000000000,ETH,12.7,41.7,88.9,100,223.4300,2025-12-10 22:49:30,111831,0.010000000000000000,223.4300,0.63000143,892.9200000000002,2025-12-09T22:44:13.432452415Z,2999605.850800003,-63.6673,89292.0,call_options,operational,ETH  Call,2999605.850800003,0.63672617,1818,17.3,17.3,16.6,16.6,0.62167883,4367,,0.63012191,0.01,48.36687006,0.32295845,0.00440253,0.01597716,3341.32,-26.65694811,0.46520729
C-ETH-3360-111225,USD,ETH,10291.8500,[],1,25848,28.6,864434.6640,24.27888578,3360,3341.43,-49.2007,0.010000000000000000,ETH,18.6,56.3,100.0,100,258.4800,2025-12-10 22:49:30,111655,0.010000000000000000,258.4800,0.63133617,1621.9199999999994,2025-12-09T22:44:13.432452415Z,5435219.110399994,-55.7657,162192.0,call_options,operational,ETH  Call,5435219.110399994,0.63874617,1818,24.6,24.6,23.9,23.9,0.62488765,4125,,0.63123677,0.01,62.81332108,0.41468621,0.00476070,0.02047667,3341.3,-29.06458753,0.50511085
C-ETH-3340-111225,USD,ETH,-44007.6900,[],1,12880,33.0,430359.4400,33.48721199,3340,3341.43,-49.3865,0.010000000000000000,ETH,25.1,65.2,118.2,100,128.8000,2025-12-10 22:49:30,111801,0.010000000000000000,128.8000,0.63396109,1298.279999999998,2025-12-09T22:44:13.432452415Z,4344574.933999999,-47.9864,129828.0,call_options,operational,ETH  Call,4344574.933999999,0.64107567,2678,33.8,33.8,33,33,0.62559545,2425,,0.63393219,0.01,78.41259747,0.51131568,0.00485879,0.02519668,3341.32,-29.80637072,0.51678357
C-ETH-3320-111225,USD,ETH,-139775.3600,[],1,9724,50.9,325946.5352,44.88985959,3320,3341.43,-27.5960,0.010000000000000000,ETH,34.33,70.3,133.1,100,97.2400,2025-12-10 22:49:30,111654,0.010000000000000000,97.2400,0.64186338,985.4799999999993,2025-12-09T22:44:13.432452415Z,3287492.442599999,-39.7570,98548.0,call_options,operational,ETH  Call,3287492.442599999,0.65276399,2602,45.5,45.5,44.4,44.4,0.6306836,2424,,0.64178052,0.01,95.89806834,0.60729973,0.00462247,0.02984667,3341.54,-29.11722109,0.49818912
C-ETH-3300-111225,USD,ETH,-179405.6700,[],1,4580,49.33,153004.9760,58.2551907,3300,3341.43,-38.4145,0.010000000000000000,ETH,49.33,80.1,150.68,100,45.8000,2025-12-10 22:49:30,111779,0.010000000000000000,45.8000,0.65301117,836.6799999999994,2025-12-09T22:44:13.432452415Z,2795725.8693000013,-32.3016,83668.0,call_options,operational,ETH  Call,2795725.8693000013,0.66712454,1818,58.9,58.9,57.6,57.6,0.63855246,2571,,0.65327462,2.6104611,113.74076246,0.69335701,0.00414985,0.03397284,3341.43,-27.05432306,0.45501944
C-ETH-3280-111225,USD,ETH,-26197.4400,[],1,981,74.6,32817.0987,73.16286969,3280,3341.43,-23.1720,0.010000000000000000,ETH,60.5,97.1,167.0,100,9.8100,2025-12-10 22:49:30,111653,0.010000000000000000,9.8100,0.66326441,133.08000000000004,2025-12-09T22:44:13.432452415Z,443108.5312999999,-25.5069,13308.0,call_options,operational,ETH  Call,443108.5312999999,0.67756563,1876,73.8,73.8,72.3,72.3,0.63939705,2424,,0.66376181,14.03019522,132.59578392,0.77042340,0.00355379,0.03762393,3341.52,-23.57966495,0.39310880
C-ETH-3260-111225,USD,ETH,-1303.1900,[],1,293,169.33,9789.7160,89.62219529,3260,3341.43,87.9356,0.010000000000000000,ETH,86.6,90.1,169.33,100,2.9300,2025-12-10 22:49:30,111759,0.010000000000000000,2.9300,0.67739951,24.989999999999995,2025-12-09T22:44:13.432452415Z,83493.1348,-19.4683,2499.0,call_options,operational,ETH  Call,83493.1348,0.70359021,1818,90.3,90.3,88.5,88.5,0.64876497,2451,,0.67754055,27.81700274,151.53512404,0.82938187,0.00289252,0.04034031,3341.3,-20.25513402,0.32869489
C-ETH-3240-111225,USD,ETH,1336.6000,[],1,451,101.6,15096.6838,106.57294729,3240,3341.43,-18.5245,0.010000000000000000,ETH,100.4,124.7,204.1,100,4.5100,2025-12-10 22:49:30,111624,0.010000000000000000,4.5100,0.67828355,28.359999999999996,2025-12-09T22:44:13.432452415Z,94623.8714,-14.9957,2836.0,call_options,operational,ETH  Call,94623.8714,0.70670158,1818,107.4,107.4,105.5,105.5,0.63088536,2445,,0.67888233,42.48969527,170.49440315,0.88489038,0.00223598,0.04287303,3341.52,-15.36688798,0.25171328
C-ETH-3220-111225,USD,ETH,-735.1300,[],1,430,149.32,14398.2920,124.6772451,3220,3341.43,24.2263,0.010000000000000000,ETH,115.3,120.2,207.9,100,4.3000,2025-12-10 22:49:30,111625,0.010000000000000000,4.3000,0.68528598,5.14,2025-12-09T22:44:13.432452415Z,17095.4117,-11.1969,514.0,call_options,operational,ETH  Call,17095.4117,0.7358247,1862,125.6,125.6,123.4,123.4,0.6187588,2425,,0.68581273,59.20817029,189.70255659,0.92083642,0.00166817,0.04440793,3341.3,-11.87547940,0.19112810
C-ETH-3200-111225,USD,ETH,-135765.5500,[],1,742,135.3,24868.2784,143.53669746,3200,3341.43,-1.3848,0.010000000000000000,ETH,123.7,137.2,244.6,100,7.4200,2025-12-10 22:49:30,111626,0.010000000000000000,7.4200,0.70067177,139.04000000000002,2025-12-09T22:44:13.432452415Z,466633.2108,-8.1647,13904.0,call_options,operational,ETH  Call,466633.2108,0.7625699,1852,144.6,144.6,142.2,142.2,0.56904674,2425,,0.70213815,77.58962888,209.44966912,0.94982242,0.00116575,0.04558072,3341.52,-8.35739183,0.13403480
C-ETH-3180-111225,USD,ETH,0.0000,[],1,100,229.5,3341.4600,162.80021661,3180,3341.43,52.1883,0.010000000000000000,ETH,150.8,150.8,229.5,100,1.0000,2025-12-10 22:49:30,111627,0.010000000000000000,1.0000,0.7181859,0.67,2025-12-09T22:44:13.432452415Z,2262.5141,-5.8564,67.0,call_options,operational,ETH  Call,2262.5141,0.8218646,1818,164,164,161.4,161.4,0.49584866,2433,,0.71827362,96.56341762,229.06967074,0.96282850,0.00086934,0.04594480,3341.3,-6.90271381,0.10519412
C-ETH-3160-111225,USD,ETH,-1136.1100,[],1,40,272.0,1340.3200,182.33616141,3160,3341.43,32.5536,0.010000000000000000,ETH,169.0,205.2,272.0,100,0.4000,2025-12-10 22:49:30,111628,0.010000000000000000,0.4000,0.73873063,1.9200000000000002,2025-12-09T22:44:13.432452415Z,6455.8483,-3.8766,192.0,call_options,operational,ETH  Call,6455.8483,0.85694194,1818,183.6,183.6,180.9,180.9,0.000005,2428,,0.74170848,115.59455251,248.57028493,0.97907971,0.00054472,0.04646992,3341.53,-4.22994573,0.06518706
C-ETH-3140-111225,USD,ETH,0.0000,[],1,406,188.3,13563.6074,202.09539324,3140,3341.43,-4.8990,0.010000000000000000,ETH,180.2,198.0,240.0,100,4.0600,2025-12-10 22:49:30,111629,0.010000000000000000,4.0600,0.77140599,4.83,2025-12-09T22:44:13.432452415Z,16042.6656,-2.4646,483.0,call_options,operational,ETH  Call,16042.6656,0.94377339,1818,203.5,203.5,200.5,200.5,0.000005,2455,,0.7730783,135.46844981,268.67038667,0.98152746,0.00045147,0.04629375,3341.32,-4.13145021,0.05864831
C-ETH-3120-111225,USD,ETH,0.0000,[],1,136,238.3,4552.3280,221.89319082,3120,3341.43,25.8184,0.010000000000000000,ETH,189.4,189.4,238.3,100,1.3600,2025-12-10 22:49:30,111630,0.010000000000000000,1.3600,0.79706262,5.5,2025-12-09T22:44:13.432452415Z,18348.6144,-1.5459,550.0,call_options,operational,ETH  Call,18348.6144,1.01474047,1818,223.4,223.4,220.3,220.3,0.000005,2435,,0.79681685,155.10639323,288.40622623,0.98543013,0.00034936,0.04619005,3341.3,-3.55610371,0.04786303
C-ETH-3100-111225,USD,ETH,-12864.8100,[],1,115,288.0,3852.1665,241.77332841,3100,3341.43,30.1401,0.010000000000000000,ETH,221.3,221.3,318.9,100,1.1500,2025-12-10 22:49:30,111631,0.010000000000000000,1.1500,0.82875927,7.6,2025-12-09T22:44:13.432452415Z,25656.831100000003,-0.6661,760.0,call_options,operational,ETH  Call,25656.831100000003,1.08436763,1830,243.3,243.3,240,240,0.000005,2424,,0.82807084,174.66029263,308.19459817,0.99002323,0.00024545,0.04612082,3341.28,-2.62506413,0.03446717
C-ETH-3080-111225,USD,ETH,-133.6600,[],1,6,301.0,200.4948,261.71132731,3080,3341.43,16.8932,0.010000000000000000,ETH,240.0,257.5,301.0,100,0.0600,2025-12-10 22:49:30,111632,0.010000000000000000,0.0600,0.86984336,0.25,2025-12-09T22:44:13.432452415Z,837.8726,-0.1904,25.0,call_options,operational,ETH  Call,837.8726,1.15909576,1819,263.3,263.3,259.8,259.8,0.000005,2425,,0.86656511,194.88093771,328.29556579,0.99316221,0.00017181,0.04598150,3341.3,-1.93122296,0.02473539
C-ETH-3060-111225,USD,ETH,-133.6600,[],1,0,309.3,0.0000,281.69452291,3060,3341.43,17.4260,0.010000000000000000,ETH,263.4,263.4,309.3,100,0.0000,2025-12-10 22:49:30,111633,0.010000000000000000,0.0000,0.92441142,0.08,2025-12-09T22:44:13.432452415Z,267.5172,0.2223,8.0,call_options,operational,ETH  Call,267.5172,1.24629498,1818,283.4,283.4,279.7,279.7,0.000005,2425,,0.92523118,215.09487878,348.46687374,0.99357828,0.00015180,0.04569964,3341.3,-1.95624608,0.02339947
C-ETH-3040-111225,USD,ETH,0.0000,[],1,4,316.7,133.6496,301.6516249,3040,3341.43,0.0000,0.010000000000000000,ETH,316.7,316.7,316.7,100,0.0400,2025-12-10 22:49:30,111674,0.010000000000000000,0.0400,0.96563776,0.04,2025-12-09T22:44:13.432452415Z,134.1032,0.5817,4.0,call_options,operational,ETH  Call,134.1032,1.3325572,1818,303.7,303.7,299.7,299.7,0.000005,2425,,0.95311125,234.80859279,368.29082863,0.99536148,0.00011056,0.04549043,3341.52,-1.50657334,0.01752641
C-ETH-3020-111225,USD,ETH,0.0000,[],1,0,340.66,0.0000,321.63058881,3020,3341.43,11.0727,0.010000000000000000,ETH,306.7,306.7,340.66,100,0.0000,2025-12-10 22:49:30,111698,0.010000000000000000,0.0000,1.01441145,0.06,2025-12-09T22:44:13.432452415Z,200.55270000000002,0.7086,6.0,call_options,operational,ETH  Call,200.55270000000002,1.39818311,1818,323.6,323.6,319.5,319.5,0.000005,2425,,1.02982084,255.00953392,388.37826986,0.99901916,0.00003013,0.04537379,3341.52,-0.33069014,0.00428645
C-ETH-3000-111225,USD,ETH,-3341.5100,[],1,10,379.8,334.7270,341.65841373,3000,3341.43,19.4340,0.010000000000000000,ETH,315.5,318.0,433.96,100,0.1000,2025-12-10 22:49:30,111651,0.010000000000000000,0.1000,1.08938297,3.17,2025-12-09T22:44:13.432452415Z,10752.2251,0.8906,317.0,call_options,operational,ETH  Call,10752.2251,1.508708,1819,343.7,343.7,339.3,339.3,0.000005,2425,,1.08551542,274.84163067,408.33599139,0.99583808,0.00008926,0.04491463,3341.32,-1.53733025,0.01590761
C-ETH-2920-111225,USD,ETH,0.0000,[],1,10,447.8,334.1100,421.6460238,2920,3341.43,11.6152,0.010000000000000000,ETH,396.9,401.2,495.3,100,0.1000,2025-12-10 22:49:30,111675,0.010000000000000000,0.1000,1.32381241,16.209999999999997,2025-12-09T22:44:13.432452415Z,54405.0535,1.1623,1621.0,call_options,operational,ETH  Call,54405.0535,1.86920285,1819,424.1,424.1,418.9,418.9,0.000005,2425,,1.31926616,355.11330569,488.52213559,0.99654946,0.00006167,0.04374701,3341.32,-1.59005756,0.01344685
C-ETH-2960-111225,USD,ETH,0.0000,[],1,0,,0.0000,381.49829506,2960,3341.43,,0.010000000000000000,ETH,,,,100,0.0000,2025-12-10 22:49:30,111652,0.010000000000000000,0.0000,1.07370476,,,,1.2292,,call_options,operational,ETH  Call,,,,,,0.03,,0.000005,1000,,1.07490893,314.57766528,448.18118128,0.99836487,0.00003808,0.04444166,3341.3,-0.66644704,0.00684065
put_options,-9.2224,0.2602264,[],306,250.0,100,3348.94,75308.751,3.0600,251.06,USD,3600,-17.4100,75308.751,181.4,302.7,302.7,P-ETH-3600-111225,10223.4294,ETH,2025-12-10 22:56:29,111889,ETH,9572.9600,0.010000000000000000,2025-12-09T22:54:15.453496002Z,0.010000000000000000,2240.0,operational,22.400000000000002,3.0600,ETH  Put,1,0.99398792,1827,252.5,252.5,249.2,249.2,0.000005,2396,,0.2602264,-1.00000000,0.00000000,-0.05366895,3349.04,-0.00000000,0.00000000,186.0196,319.9004
put_options,-11.7104,0.54824712,[],0,195.2,100,3348.94,731.085,0.0000,211.04146852,USD,3560,-23.1496,731.085,195.2,254.0,254.0,P-ETH-3560-111225,0.0000,ETH,2025-12-10 22:56:29,111861,ETH,-133.8900,0.010000000000000000,2025-12-09T22:54:15.453496002Z,0.010000000000000000,22.0,operational,0.22,0.0000,ETH  Put,1,0.86982787,1797,212.5,212.5,209.6,209.6,0.000005,2396,,0.54325464,-0.99480576,0.00018828,-0.05281860,3349.08,-1.09199479,0.01934390,145.99075195,280.01195149
put_options,-15.4303,0.64581951,[],560,176.5,100,3348.94,134508.5758,5.6000,171.79104319,USD,3520,-18.8506,134508.5758,97.9,217.5,220.5,P-ETH-3520-111225,18748.8000,ETH,2025-12-10 22:56:29,111842,ETH,-3414.1300,0.010000000000000000,2025-12-09T22:54:15.453496002Z,0.010000000000000000,4003.0,operational,40.03,5.6000,ETH  Put,1,0.77345669,1833,173,173,170.5,170.5,0.000005,2396,,0.64589918,-0.97527414,0.00068665,-0.05125343,3349.03,-4.48732782,0.07487940,106.71810783,240.45091815
put_options,50.2856,0.64360196,[],0,143.5,100,3348.94,13398.69,0.0000,152.29389754,USD,3500,-11.4198,13398.69,143.5,162.0,162.0,P-ETH-3500-111225,0.0000,ETH,2025-12-10 22:56:29,112028,ETH,0.0000,0.010000000000000000,2025-12-09T22:54:15.453496002Z,0.010000000000000000,400.0,operational,4.0,0.0000,ETH  Put,1,0.73585689,1797,153.5,153.5,151.1,151.1,0.46057224,2396,,0.64363519,-0.96021421,0.00102590,-0.05021157,3349.03,-6.59340538,0.11094542,85.93955304,219.4302628
put_options,-21.0333,0.6459713,[],851,110.4,100,3348.94,113256.3065,8.5100,133.28451806,USD,3480,-37.6975,113256.3065,70.0,177.2,177.2,P-ETH-3480-111225,28451.9085,ETH,2025-12-10 22:56:29,111811,ETH,28317.2300,0.010000000000000000,2025-12-09T22:54:15.453496002Z,0.010000000000000000,3359.0,operational,33.589999999999996,8.5100,ETH  Put,1,0.70551753,1872,134.3,134.3,132.2,132.2,0.57112038,2396,,0.64630667,-0.93618972,0.00149457,-0.04872837,3349.05,-9.60439292,0.16162075,69.01454583,201.12014609
put_options,-24.9375,0.63999427,[],2033,132.2,100,3348.94,106922.04750000002,20.3300,114.67280975,USD,3460,-13.9883,106922.04750000002,51.1,153.7,153.7,P-ETH-3460-111225,67965.6296,ETH,2025-12-10 22:56:29,111899,ETH,66374.7800,0.010000000000000000,2025-12-09T22:54:15.453496002Z,0.010000000000000000,3122.0,operational,31.22,20.3300,ETH  Put,1,0.68302631,1992,115.6,115.6,113.6,113.6,0.59113085,2396,,0.63976042,-0.90427251,0.00205392,-0.04685519,3349.08,-12.92517243,0.21978573,50.98355175,181.72648187
put_options,-29.6920,0.62436941,[],1904,119.0,100,3348.94,1000504.1387,19.0400,96.48125801,USD,3440,-19.9192,1000504.1387,41.4,148.6,154.4,P-ETH-3440-111225,63759.4384,ETH,2025-12-10 22:56:29,111768,ETH,59077.9000,0.010000000000000000,2025-12-09T22:54:15.453496002Z,0.010000000000000000,29393.0,operational,293.93,19.0400,ETH  Put,1,0.65156072,1974,97.2,97.2,95.4,95.4,0.58701962,2396,,0.62509614,-0.86570058,0.00269689,-0.04466139,3349.08,-15.94620769,0.27976642,34.09218838,162.07486528
put_options,-35.0155,0.62378688,[],7452,85.9,100,3348.94,738490.4081000001,74.5200,79.64681017,USD,3420,-29.0083,738490.4081000001,30.9,121.0,125.0,P-ETH-3420-111225,249176.9952,ETH,2025-12-10 22:56:29,111871,ETH,248495.3900,0.010000000000000000,2025-12-09T22:54:15.453496002Z,0.010000000000000000,21684.0,operational,216.83999999999997,74.5200,ETH  Put,1,0.64381719,1797,80.4,80.4,78.8,78.8,0.59877753,3037,,0.62428058,-0.80588883,0.00342072,-0.04141983,3348.94,-20.30695841,0.35551005,19.29699335,143.00882433
put_options,-41.2516,0.61812701,[],14848,63.8,100,3348.94,2329472.948400001,148.4800,63.86319775,USD,3400,-40.8163,2329472.948400001,23.8,107.8,124.2,P-ETH-3400-111225,497121.4336,ETH,2025-12-10 22:56:29,111752,ETH,429913.0800,0.010000000000000000,2025-12-09T22:54:15.453496002Z,0.010000000000000000,69024.0,operational,690.2400000000005,148.4800,ETH  Put,1,0.63368693,2862,64.5,64.5,63.1,63.1,0.6007579,2396,,0.6182793,-0.73292080,0.00411955,-0.03754493,3349.04,-24.11984438,0.42522961,5.57808672,122.44447578
put_options,-47.7638,0.61878026,[],16612,54.8,100,3348.94,2494569.488400001,166.1200,49.92247138,USD,3380,-41.6400,2494569.488400001,17.6,93.9,113.4,P-ETH-3380-111225,555671.4000,ETH,2025-12-10 22:56:29,111830,ETH,540035.6300,0.010000000000000000,2025-12-09T22:54:15.453496002Z,0.010000000000000000,73860.0,operational,738.6000000000003,166.1200,ETH  Put,1,0.62908202,2717,50.4,50.4,49.3,49.3,0.60621291,2396,,0.61900685,-0.64581684,0.00465744,-0.03298717,3349.03,-27.30019259,0.48101364,0.01,105.28569905
put_options,-54.6106,0.62089469,[],9403,36.0,100,3348.94,3112835.7704,94.0300,37.8804748,USD,3360,-58.6207,3112835.7704,13.2,87.0,102.2,P-ETH-3360-111225,314584.8874,ETH,2025-12-10 22:56:29,111648,ETH,-144832.9100,0.010000000000000000,2025-12-09T22:54:15.453496002Z,0.010000000000000000,92521.0,operational,925.2100000000004,94.0300,ETH  Put,1,0.627646,1797,38.2,38.2,37.4,37.4,0.61201811,2419,,0.62100296,-0.54951092,0.00493892,-0.02800057,3349.05,-29.15427140,0.51190505,0.01,87.36605718
put_options,-61.5944,0.62382862,[],17358,30.4,100,3348.94,4298401.785400002,173.5800,27.83668355,USD,3340,-57.3633,4298401.785400002,9.4,71.3,84.5,P-ETH-3340-111225,580758.7566,ETH,2025-12-10 22:56:29,111800,ETH,371370.7300,0.010000000000000000,2025-12-09T22:54:15.453496002Z,0.010000000000000000,128058.0,operational,1280.5800000000008,173.5800,ETH  Put,1,0.62768996,1797,28,28,27.3,27.3,0.61401427,3159,,0.62408001,-0.45016834,0.00493022,-0.02288977,3349.08,-29.19922358,0.51186330,0.01,70.49078795
put_options,-67.9197,0.63158579,[],17181,20.9,100,3348.94,4016961.4580000006,171.8100,19.98004348,USD,3320,-66.1812,4016961.4580000006,7.0,61.8,77.1,P-ETH-3320-111225,574984.5003,ETH,2025-12-10 22:56:29,111647,ETH,25739.8900,0.010000000000000000,2025-12-09T22:54:15.453496002Z,0.010000000000000000,120007.0,operational,1200.0700000000002,171.8100,ETH  Put,1,0.63619465,1797,20.2,20.2,19.6,19.6,0.6237407,3523,,0.63181903,-0.35575504,0.00457355,-0.01805928,3349.01,-27.88721411,0.48177701,0.01,55.45262669
put_options,-73.5651,0.64435643,[],57895,14.6,100,3348.94,8929719.067800004,578.9500,14.12192941,USD,3300,-74.7841,8929719.067800004,4.7,57.9,68.2,P-ETH-3300-111225,1937803.5450,ETH,2025-12-10 22:56:29,111778,ETH,1259982.7300,0.010000000000000000,2025-12-09T22:54:15.453496002Z,0.010000000000000000,266401.0,operational,2664.0099999999975,578.9500,ETH  Put,1,0.65085381,1797,14.4,14.4,13.8,13.8,0.63688353,6239,,0.64440687,-0.27245310,0.00398913,-0.01381361,3349.01,-25.40979167,0.42949375,0.01,44.78923743
put_options,-78.6205,0.65404505,[],21206,9.8,100,3348.94,3584241.2813999993,212.0600,9.64696034,USD,3280,-78.2222,3584241.2813999993,3.3,45.0,54.3,P-ETH-3280-111225,709455.2124,ETH,2025-12-10 22:56:29,111646,ETH,532504.4600,0.010000000000000000,2025-12-09T22:54:15.453496002Z,0.010000000000000000,106638.0,operational,1066.3799999999997,212.0600,ETH  Put,1,0.65857828,1797,9.8,9.8,9.4,9.4,0.64755976,3467,,0.65424763,-0.20095351,0.00332471,-0.01017570,3349,-21.78715069,0.36304113,0.01,38.54956369
put_options,-82.8795,0.66759241,[],95639,8.0,100,3348.94,5638232.6741,956.3900,6.5085174,USD,3260,-79.2746,5638232.6741,2.81,38.6,46.9,P-ETH-3260-111225,3198273.3629,ETH,2025-12-10 22:56:29,111758,ETH,1369536.2600,0.010000000000000000,2025-12-09T22:54:15.453496002Z,0.010000000000000000,168332.0,operational,1683.3199999999995,956.3900,ETH  Put,1,0.67428678,1797,6.7,6.7,6.3,6.3,0.66070825,11667,,0.66766563,-0.14491608,0.00263944,-0.00733224,3349.05,-18.07093515,0.29461171,0.01,32.63779074
put_options,-87.4631,0.66760781,[],9875,3.8,100,3348.94,1838526.1642000005,98.7500,4.00164428,USD,3240,-87.4172,1838526.1642000005,1.8,30.2,38.8,P-ETH-3240-111225,330365.1625,ETH,2025-12-10 22:56:29,111614,ETH,153870.3200,0.010000000000000000,2025-12-09T22:54:15.453496002Z,0.010000000000000000,54741.0,operational,547.4100000000001,98.7500,ETH  Put,1,0.67641705,1797,4.2,4.2,3.8,3.8,0.65843701,2822,,0.66781662,-0.09736706,0.00199389,-0.00492078,3349,-13.65043648,0.22254206,0.01,27.3101641
put_options,-90.8709,0.67275907,[],8949,2.6,100,3348.94,1963747.4358,89.4900,2.43089517,USD,3220,-90.4059,1963747.4358,1.2,27.1,31.3,P-ETH-3220-111225,299479.1799,ETH,2025-12-10 22:56:29,111615,ETH,-46392.0500,0.010000000000000000,2025-12-09T22:54:15.453496002Z,0.010000000000000000,58647.0,operational,586.4699999999998,89.4900,ETH  Put,1,0.68339109,2002,2.6,2.6,2.2,2.2,0.65838218,2396,,0.67306628,-0.06303924,0.00142653,-0.00318343,3349.09,-9.87320783,0.16010567,0.01,22.48641059
put_options,-93.1642,0.68654607,[],66309,1.5,100,3348.94,7825163.193400001,663.0900,1.52518194,USD,3200,-92.9245,7825163.193400001,0.76,21.2,29.0,P-ETH-3200-111225,2218414.0113,ETH,2025-12-10 22:56:29,111616,ETH,760012.9600,0.010000000000000000,2025-12-09T22:54:15.453496002Z,0.010000000000000000,232946.0,operational,2329.459999999999,663.0900,ETH  Put,1,0.70120633,1797,1.7,1.7,1.3,1.3,0.66617966,8345,,0.68663687,-0.04137700,0.00100095,-0.00208807,3348.94,-7.20229935,0.11452832,0.01,18.79271246
put_options,-95.1352,0.69541126,[],17354,1.0,100,3348.94,1840728.7199000004,173.5400,0.9006576,USD,3180,-94.3182,1840728.7199000004,0.6,17.6,22.3,P-ETH-3180-111225,580770.6994,ETH,2025-12-10 22:56:29,111617,ETH,702.9100,0.010000000000000000,2025-12-09T22:54:15.453496002Z,0.010000000000000000,54929.0,operational,549.29,173.5400,ETH  Put,1,0.71953893,2459,1.1,1.1,0.7,0.7,0.6680131,2396,,0.69548031,-0.02608988,0.00067346,-0.00131598,3349.01,-5.00593106,0.07832294,0.01,16.00571701
put_options,-96.1587,0.71707,[],26595,0.7,100,3348.94,1689210.5875000001,265.9500,0.58551601,USD,3160,-94.8529,1689210.5875000001,0.3,13.6,15.8,P-ETH-3160-111225,890155.9260,ETH,2025-12-10 22:56:29,111618,ETH,658057.5500,0.010000000000000000,2025-12-09T22:54:15.453496002Z,0.010000000000000000,50120.0,operational,501.19999999999976,265.9500,ETH  Put,1,0.73676825,1797,0.7,0.7,0.4,0.4,0.67958832,5014,,0.71760476,-0.01653218,0.00044789,-0.00083364,3349.08,-3.47651481,0.05323201,0.01,14.04184515
put_options,-96.9078,0.74049989,[],22440,0.5,100,3348.94,1172587.2880000002,224.4000,0.38823757,USD,3140,-95.9677,1172587.2880000002,0.2,12.4,12.4,P-ETH-3140-111225,750609.0240,ETH,2025-12-10 22:56:29,111619,ETH,440423.2600,0.010000000000000000,2025-12-09T22:54:15.453496002Z,0.010000000000000000,35030.0,operational,350.29999999999995,224.4000,ETH  Put,1,0.76661587,1797,0.5,0.5,0.31,0.2,0.71921587,2109,,0.74058712,-0.01204787,0.00032542,-0.00060759,3349.05,-2.77363903,0.04052904,0.01,12.39906925
put_options,-97.4803,0.76462269,[],17314,0.4,100,3348.94,1497401.0642000001,173.1400,0.26021562,USD,3120,-95.8763,1497401.0642000001,0.1,9.7,12.8,P-ETH-3120-111225,578935.1436,ETH,2025-12-10 22:56:29,111620,ETH,171945.1500,0.010000000000000000,2025-12-09T22:54:15.453496002Z,0.010000000000000000,44705.0,operational,447.04999999999995,173.1400,ETH  Put,1,0.80752611,1797,0.4,0.4,0.25,0.1,0.7611084,100,,0.76374551,-0.00824241,0.00022599,-0.00041566,3349.08,-2.05867152,0.02909878,0.01,10.78262643
put_options,-97.7673,0.79589049,[],127237,0.3,100,3348.94,7211509.887300001,1272.3700,0.19018226,USD,3100,-96.4286,7211509.887300001,0.07,8.4,10.3,P-ETH-3100-111225,4250886.3804,ETH,2025-12-10 22:56:29,111621,ETH,2436252.2400,0.010000000000000000,2025-12-09T22:54:15.453496002Z,0.010000000000000000,214939.0,operational,2149.3900000000003,1272.3700,ETH  Put,1,0.84024906,1797,0.3,0.3,0.1,0.01,0.74306488,619,,0.79504768,-0.00595382,0.00016306,-0.00030027,3349.09,-1.60682389,0.02183721,0.01,9.91666773
put_options,-97.6686,0.84063212,[],27167,0.3,100,3348.94,1847495.9405999999,271.6700,0.16266249,USD,3080,-95.6522,1847495.9405999999,0.03,6.9,6.9,P-ETH-3080-111225,907657.6201,ETH,2025-12-10 22:56:29,111622,ETH,433193.3300,0.010000000000000000,2025-12-09T22:54:15.453496002Z,0.010000000000000000,54990.0,operational,549.9000000000001,271.6700,ETH  Put,1,0.90188265,1797,0.3,0.3,0.04,0.01,0.7327652,8938,,0.83985766,-0.00488777,0.00012973,-0.00024656,3349,-1.42222884,0.01832275,0.01,9.65919107
put_options,-98.0853,0.862722,[],26393,0.2,100,3348.94,2187325.0041,263.9300,0.10960306,USD,3060,-96.0784,2187325.0041,0.02,5.1,6.0,P-ETH-3060-111225,882518.5768,ETH,2025-12-10 22:56:29,111623,ETH,728382.0200,0.010000000000000000,2025-12-09T22:54:15.453496002Z,0.010000000000000000,64993.0,operational,649.9300000000001,263.9300,ETH  Put,1,0.91976643,1797,0.2,0.2,0.03,0.01,0.76587677,405,,0.86193442,-0.00333474,0.00008975,-0.00016821,3349.06,-1.03674680,0.01301238,0.01,8.56210742
put_options,-97.6611,0.91905912,[],24147,0.2,100,3348.94,1612278.6604999998,241.4700,0.10943182,USD,3040,-94.4444,1612278.6604999998,0.02,3.6,4.0,P-ETH-3040-111225,806756.0994,ETH,2025-12-10 22:56:29,111673,ETH,389579.4400,0.010000000000000000,2025-12-09T22:54:15.453496002Z,0.010000000000000000,48228.0,operational,482.2800000000002,241.4700,ETH  Put,1,0.97914696,1797,0.2,0.2,0.03,0.01,0.81680298,27790,,0.91828982,-0.00314478,0.00007992,-0.00015873,3349.01,-1.04758108,0.01234370,0.01,8.97448574
put_options,-96.2544,1.00275556,[],49535,0.1,100,3348.94,1784816.7832999998,495.3500,0.1434887,USD,3020,-96.8750,1784816.7832999998,0.1,3.2,3.8,P-ETH-3020-111225,1657995.8920,ETH,2025-12-10 22:56:29,111697,ETH,1179315.4500,0.010000000000000000,2025-12-09T22:54:15.453496002Z,0.010000000000000000,53100.0,operational,530.9999999999998,495.3500,ETH  Put,1,1.03874207,1797,0.2,0.2,0.1,0.01,0.96698761,6034,,1.00196362,-0.00370308,0.00008487,-0.00018713,3349.01,-1.32326474,0.01429622,0.01,10.3589856
put_options,-85.2619,1.20954517,[],248087,0.19,100,3348.94,19701689.785800014,2480.8700,0.45862199,USD,3000,-93.2143,19701689.785800014,0.03,2.8,3.4,P-ETH-3000-111225,8299849.8198,ETH,2025-12-10 22:56:29,111649,ETH,-1084255.2600,0.010000000000000000,2025-12-09T22:54:15.453496002Z,0.010000000000000000,589318.0,operational,5893.179999999994,2480.8700,ETH  Put,1,1.09238625,137,0.19,9.8,0.03,0.01,0.91930389,371,,1.20954517,-0.00866097,0.00015026,-0.00043927,3349.01,-3.37755621,0.03039082,0.01,17.57796845
put_options,-96.9818,1.08745098,[],201295,0.03,100,3348.94,8390807.657399997,2012.9500,0.06213962,USD,2960,-98.6957,8390807.657399997,0.03,2.3,9.6,P-ETH-2960-111225,6741671.4925,ETH,2025-12-10 22:56:29,111650,ETH,3756551.3400,0.010000000000000000,2025-12-09T22:54:15.453496002Z,0.010000000000000000,249628.0,operational,2496.280000000001,2012.9500,ETH  Put,1,1.13614082,1797,0.1,0.1,0.03,0.01,1.02241516,5097,,1.08671824,-0.00158864,0.00003642,-0.00008029,3349.01,-0.66700705,0.00664886,0.01,8.3211064
put_options,-85.1413,1.34400368,[],303731,0.38,100,3348.94,14158296.433199998,3037.3100,0.20782354,USD,2920,-72.8571,14158296.433199998,0.05,1.4,1.85,P-ETH-2920-111225,10147834.9486,ETH,2025-12-10 22:56:29,111677,ETH,392357.6100,0.010000000000000000,2025-12-09T22:54:15.453496002Z,0.010000000000000000,424202.0,operational,4242.019999999986,3037.3100,ETH  Put,1,1.39857292,1,0.3,0.3,0.05,0.01,1.17462158,4705,,1.34319345,-0.00392596,0.00006680,-0.00019922,3349.02,-1.86702570,0.01506510,0.01,14.15806455
call_options,-89.8886,0.82497239,[],253908,0.11,100,3348.94,20572185.092200033,2539.0800,0.44324716,USD,3600,-97.0270,20572185.092200033,0.11,3.7,20.0,C-ETH-3600-111225,8488372.9572,ETH,2025-12-10 22:56:29,111890,ETH,-659128.6500,0.010000000000000000,2025-12-09T22:54:15.453496002Z,0.010000000000000000,614652.0,operational,6146.519999999957,2539.0800,ETH  Call,1,0.8855474,300,0.74,4.6,0.11,0.1,0.70105076,5000,,0.82576752,0.01173631,0.00028884,0.00057964,3349.04,-2.98608594,0.03961773,0.01,14.101176
call_options,-93.1982,0.71976086,[],58420,0.7,100,3348.94,5671635.144300001,584.2000,0.47078696,USD,3560,-88.8889,5671635.144300001,0.2,6.3,17.8,C-ETH-3560-111225,1955849.0220,ETH,2025-12-10 22:56:29,111862,ETH,576252.2300,0.010000000000000000,2025-12-09T22:54:15.453496002Z,0.010000000000000000,168860.0,operational,1688.6000000000008,584.2000,ETH  Call,1,0.74473381,1797,0.6,0.6,0.3,0.3,0.67806721,7655,,0.71962277,0.01395997,0.00038493,0.00069028,3349.03,-3.02520468,0.04603279,0.01,13.13983516
call_options,-89.9447,0.68993221,[],61612,0.8,100,3348.94,9301849.816300008,616.1200,1.09407065,USD,3520,-92.3077,9301849.816300008,0.6,10.4,26.6,C-ETH-3520-111225,2061278.7496,ETH,2025-12-10 22:56:29,111843,ETH,373713.7600,0.010000000000000000,2025-12-09T22:54:15.453496002Z,0.010000000000000000,276684.0,operational,2766.839999999993,616.1200,ETH  Call,1,0.70081115,1797,1.2,1.2,0.9,0.9,0.66732407,8066,,0.69039752,0.03079070,0.00078512,0.00152170,3349.08,-5.65700545,0.08990404,0.01,16.99111604
call_options,16641.2858,0.675581,[],8416,1.5,100,3348.94,1432609.6983,84.1600,1.6675883,USD,3500,-85.7143,1432609.6983,1.1,10.5,10.5,C-ETH-3500-111225,281702.8768,ETH,2025-12-10 22:56:29,112029,ETH,0.0000,0.010000000000000000,2025-12-09T22:54:15.453496002Z,0.010000000000000000,42838.0,operational,428.38,84.1600,ETH  Call,1,0.68545938,1797,1.8,1.8,1.5,1.5,0.66151261,3035,,0.67590212,0.04631461,0.00111337,0.00228783,3349.04,-7.76621577,0.12544012,0.01,19.81531453
call_options,-84.4514,0.66582908,[],46122,2.6,100,3348.94,4189160.7377000013,461.2200,2.61581436,USD,3480,-83.8509,4189160.7377000013,1.5,16.1,38.7,C-ETH-3480-111225,1542997.6734,ETH,2025-12-10 22:56:29,111812,ETH,77052.3100,0.010000000000000000,2025-12-09T22:54:15.453496002Z,0.010000000000000000,125099.0,operational,1250.9900000000007,461.2200,ETH  Call,1,0.67599118,1797,2.8,2.8,2.4,2.4,0.65273404,6581,,0.66591675,0.06922498,0.00154906,0.00341737,3349.08,-10.51246978,0.17213768,0.01,22.93907118
call_options,-80.9098,0.65206088,[],36404,3.0,100,3348.94,4325137.607899999,364.0400,3.94200035,USD,3460,-82.5581,4325137.607899999,2.6,17.2,48.35,C-ETH-3460-111225,1217116.7744,ETH,2025-12-10 22:56:29,111900,ETH,194739.5100,0.010000000000000000,2025-12-09T22:54:15.453496002Z,0.010000000000000000,128183.0,operational,1281.8300000000008,364.0400,ETH  Call,1,0.65841824,1797,4.1,4.1,3.7,3.7,0.64068735,5244,,0.65216906,0.09923360,0.00207732,0.00489658,3349.12,-13.47121811,0.22567158,0.01,26.44438764
call_options,-76.7116,0.63708651,[],20015,5.2,100,3348.94,3043489.2604,200.1500,5.84392313,USD,3440,-76.4706,3043489.2604,3.8,22.1,52.2,C-ETH-3440-111225,669932.0725,ETH,2025-12-10 22:56:29,111769,ETH,38392.2700,0.010000000000000000,2025-12-09T22:54:15.453496002Z,0.010000000000000000,90538.0,operational,905.3800000000003,200.1500,ETH  Call,1,0.6456697,2999,6.1,6.1,5.6,5.6,0.62835425,2396,,0.6370879,0.14071737,0.00271117,0.00693862,3349.04,-16.90692950,0.28881663,0.01,30.22097463
call_options,-70.6817,0.63116593,[],14882,7.0,100,3348.94,4231030.362199999,148.8200,8.90942543,USD,3420,-71.4286,4231030.362199999,6.9,24.5,65.3,C-ETH-3420-111225,497518.6538,ETH,2025-12-10 22:56:29,111872,ETH,-108415.4800,0.010000000000000000,2025-12-09T22:54:15.453496002Z,0.010000000000000000,125735.0,operational,1257.3500000000004,148.8200,ETH  Call,1,0.63721493,1797,9.1,9.1,8.6,8.6,0.62329605,3615,,0.63116593,0.19748514,0.00340911,0.00972732,3348.94,-20.80680096,0.35924765,0.01,35.99117666
call_options,-63.7921,0.62564023,[],23881,12.6,100,3348.94,8472321.437400002,238.8100,13.18350614,USD,3400,-64.8045,8472321.437400002,8.2,35.8,79.7,C-ETH-3400-111225,799330.5034,ETH,2025-12-10 22:56:29,111753,ETH,-421612.0500,0.010000000000000000,2025-12-09T22:54:15.453496002Z,0.010000000000000000,252202.0,operational,2522.0199999999945,238.8100,ETH  Call,1,0.63243181,1797,13.5,13.5,12.9,12.9,0.61839998,3688,,0.62573249,0.27004981,0.00408862,0.01328693,3349.09,-24.57348586,0.42761126,0.01,42.26228887
call_options,-55.8248,0.62456321,[],22343,19.9,100,3348.94,3009081.475900003,223.4300,19.20085639,USD,3380,-52.2782,3009081.475900003,12.7,41.7,88.9,C-ETH-3380-111225,747813.5071,ETH,2025-12-10 22:56:29,111831,ETH,365245.3700,0.010000000000000000,2025-12-09T22:54:15.453496002Z,0.010000000000000000,89575.0,operational,895.7500000000002,223.4300,ETH  Call,1,0.63060045,1797,19.5,19.5,18.9,18.9,0.61814606,4338,,0.62467535,0.35573212,0.00461445,0.01747489,3349.02,-27.63934081,0.48176236,0.01,52.0362792
call_options,-47.2045,0.62553753,[],25401,24.3,100,3348.94,5599085.154799994,254.0100,27.11813555,USD,3360,-51.4000,5599085.154799994,18.6,50.0,100.0,C-ETH-3360-111225,849071.6067,ETH,2025-12-10 22:56:29,111655,ETH,-285281.0000,0.010000000000000000,2025-12-09T22:54:15.453496002Z,0.010000000000000000,167079.0,operational,1670.7899999999995,254.0100,ETH  Call,1,0.63271821,1797,27.5,27.5,27,26.8,0.62295243,4,,0.62562073,0.45096056,0.00489184,0.02211055,3349.03,-29.44482217,0.51196660,0.01,66.82668257
call_options,-38.4355,0.628177,[],12880,32.2,100,3348.94,4501124.724799999,128.8000,37.02636516,USD,3340,-47.5570,4501124.724799999,25.1,61.4,118.2,C-ETH-3340-111225,430318.2240,ETH,2025-12-10 22:56:29,111801,ETH,58408.4700,0.010000000000000000,2025-12-09T22:54:15.453496002Z,0.010000000000000000,134508.0,operational,1345.079999999998,128.8000,ETH  Call,1,0.63469738,2823,37.4,37.4,36.7,36.7,0.62102467,2396,,0.62827844,0.54904386,0.00487654,0.02686101,3349.01,-29.53585701,0.51197373,0.01,83.14872306
call_options,-29.8815,0.63625,[],9724,50.9,100,3348.94,3287492.442599999,97.2400,49.16636209,USD,3320,-27.5960,3287492.442599999,34.33,70.3,133.1,C-ETH-3320-111225,324810.7720,ETH,2025-12-10 22:56:29,111654,ETH,-19848.8400,0.010000000000000000,2025-12-09T22:54:15.453496002Z,0.010000000000000000,98548.0,operational,985.4799999999993,97.2400,ETH  Call,1,0.65161332,2580,50,50,48.9,48.9,0.62882066,2395,,0.63592186,0.64249582,0.00450789,0.03134347,3349.08,-28.39049467,0.48262342,0.01,100.69763404
call_options,-21.8845,0.64854648,[],4629,61.3,100,3348.94,2795725.8693000013,46.2900,63.30214311,USD,3300,-23.4707,2795725.8693000013,49.33,80.1,150.68,C-ETH-3300-111225,154857.1773,ETH,2025-12-10 22:56:29,111779,ETH,-179777.5700,0.010000000000000000,2025-12-09T22:54:15.453496002Z,0.010000000000000000,83668.0,operational,836.6799999999994,46.2900,ETH  Call,1,0.66399947,1797,64,64,62.7,62.7,0.6338042,2547,,0.64858514,0.72615656,0.00396791,0.03531160,3349.04,-25.67547512,0.43057771,5.102502,119.89350226
call_options,-15.1153,0.65854361,[],1531,72.6,100,3348.94,461488.21129999985,15.3100,78.7987374,USD,3280,-25.2317,461488.21129999985,60.5,97.1,167.0,C-ETH-3280-111225,51186.6885,ETH,2025-12-10 22:56:29,111653,ETH,26476.2700,0.010000000000000000,2025-12-09T22:54:15.453496002Z,0.010000000000000000,13858.0,operational,138.58000000000004,15.3100,ETH  Call,1,0.67896962,1910,79.6,79.6,78.1,78.1,0.63784599,2396,,0.65861131,0.79731570,0.00331359,0.03863282,3349.06,-22.08497056,0.36492449,16.90791655,137.80917873
call_options,-9.6287,0.67151497,[],295,90.5,100,3348.94,83559.9664,2.9500,95.62452438,USD,3260,0.4440,83559.9664,86.6,90.1,169.33,C-ETH-3260-111225,9869.3725,ETH,2025-12-10 22:56:29,111759,ETH,2276.0900,0.010000000000000000,2025-12-09T22:54:15.453496002Z,0.010000000000000000,2501.0,operational,25.009999999999994,2.9500,ETH  Call,1,0.69788575,1797,96.5,96.5,94.8,94.8,0.64026564,2422,,0.67174576,0.85440459,0.00263891,0.04123483,3349.09,-18.18790005,0.29555003,31.24597607,156.89912177
call_options,-5.5304,0.67309961,[],451,101.6,100,3348.94,94623.8714,4.5100,113.12470467,USD,3240,-18.5245,94623.8714,100.4,124.7,204.1,C-ETH-3240-111225,15088.2501,ETH,2025-12-10 22:56:29,111624,ETH,1338.8800,0.010000000000000000,2025-12-09T22:54:15.453496002Z,0.010000000000000000,2836.0,operational,28.359999999999996,4.5100,ETH  Call,1,0.7179895,1797,114.2,114.2,112.3,112.3,0.63424468,2416,,0.6729347,0.89916109,0.00201340,0.04320608,3349.01,-14.22816607,0.22832646,48.68290953,178.31870959
call_options,-2.1488,0.68223094,[],430,149.32,100,3348.94,17095.4117,4.3000,131.58603666,USD,3220,24.2263,17095.4117,115.3,120.2,207.9,C-ETH-3220-111225,14385.5640,ETH,2025-12-10 22:56:29,111625,ETH,-736.3800,0.010000000000000000,2025-12-09T22:54:15.453496002Z,0.010000000000000000,514.0,operational,5.14,4.3000,ETH  Call,1,0.74273825,1840,132.8,132.8,130.7,130.7,0.61442733,2396,,0.68207785,0.93306890,0.00146357,0.04462384,3349.12,-10.56177848,0.16772461,64.07056935,195.46139139
call_options,0.3858,0.69853862,[],742,135.3,100,3348.94,466633.2108,7.4200,150.65437857,USD,3200,-1.3848,466633.2108,123.7,137.2,244.6,C-ETH-3200-111225,24797.7142,ETH,2025-12-10 22:56:29,111626,ETH,-152230.2000,0.010000000000000000,2025-12-09T22:54:15.453496002Z,0.010000000000000000,13904.0,operational,139.04000000000002,7.4200,ETH  Call,1,0.77899337,1831,151.8,151.8,149.5,149.5,0.56849241,2396,,0.69768483,0.95579354,0.00103627,0.04547210,3349,-7.74193349,0.12082043,82.64818215,215.09592007
call_options,2.2935,0.72099229,[],100,229.5,100,3348.94,2262.5141,1.0000,170.05497208,USD,3180,52.1883,2262.5141,150.8,150.8,229.5,C-ETH-3180-111225,3346.9600,ETH,2025-12-10 22:56:29,111627,ETH,0.0000,0.010000000000000000,2025-12-09T22:54:15.453496002Z,0.010000000000000000,67.0,operational,0.67,1.0000,ETH  Call,1,0.82621098,1797,171.3,171.3,168.8,168.8,0.000005,2404,,0.72154899,0.97100257,0.00071784,0.04594626,3349.01,-5.60086788,0.08553803,101.66083851,234.79388019
call_options,3.6830,0.73684315,[],40,272.0,100,3348.94,6455.8483,0.4000,189.70190913,USD,3160,32.5536,6455.8483,169.0,205.2,272.0,C-ETH-3160-111225,1336.8400,ETH,2025-12-10 22:56:29,111628,ETH,-1138.0400,0.010000000000000000,2025-12-09T22:54:15.453496002Z,0.010000000000000000,192.0,operational,1.9200000000000002,0.4000,ETH  Call,1,0.88985384,1797,191.1,191.1,188.4,188.4,0.000005,2400,,0.73616803,0.97930927,0.00051876,0.04606437,3349.01,-4.39858942,0.06443626,121.81313822,255.15443638
call_options,4.5656,0.76591343,[],406,188.3,100,3348.94,16042.6656,4.0600,209.4972837,USD,3140,-4.8990,16042.6656,180.2,198.0,240.0,C-ETH-3140-111225,13582.7706,ETH,2025-12-10 22:56:29,111629,ETH,0.0000,0.010000000000000000,2025-12-09T22:54:15.453496002Z,0.010000000000000000,483.0,operational,4.83,4.0600,ETH  Call,1,0.94932675,1797,211,211,208.1,208.1,0.000005,2426,,0.76714963,0.98738213,0.00033588,0.04617583,3349.12,-2.91133558,0.04218544,141.46401459,275.17362559
call_options,5.2052,0.80183804,[],136,238.3,100,3348.94,18348.6144,1.3600,229.37966212,USD,3120,25.8184,18348.6144,189.4,189.4,238.3,C-ETH-3120-111225,4550.1248,ETH,2025-12-10 22:56:29,111630,ETH,0.0000,0.010000000000000000,2025-12-09T22:54:15.453496002Z,0.010000000000000000,550.0,operational,5.5,1.3600,ETH  Call,1,1.03640437,1797,231,231,227.9,227.9,0.000005,2406,,0.8023264,0.98807332,0.00029386,0.04591009,3349.01,-3.01830841,0.04017349,161.3673163,295.10759674
call_options,5.5242,0.84232907,[],115,288.0,100,3348.94,25656.831100000003,1.1500,249.30273539,USD,3100,30.1401,25656.831100000003,221.3,221.3,318.9,C-ETH-3100-111225,3849.9470,ETH,2025-12-10 22:56:29,111631,ETH,-12886.6800,0.010000000000000000,2025-12-09T22:54:15.453496002Z,0.010000000000000000,760.0,operational,7.6,1.1500,ETH  Call,1,1.11431718,1809,251,251,247.7,247.7,0.000005,2396,,0.84097644,0.99069600,0.00022600,0.04574324,3349,-2.54613719,0.03235706,180.62567492,314.2578009
call_options,5.7114,0.89859188,[],6,301.0,100,3348.94,837.8726,0.0600,269.29105888,USD,3080,16.8932,837.8726,240.0,257.5,301.0,C-ETH-3080-111225,200.8842,ETH,2025-12-10 22:56:29,111632,ETH,-133.8900,0.010000000000000000,2025-12-09T22:54:15.453496002Z,0.010000000000000000,25.0,operational,0.25,0.0600,ETH  Call,1,1.19644403,1798,271.1,271.1,267.6,267.6,0.000005,2396,,0.89804153,0.99228358,0.00018206,0.04552703,3349.05,-2.27583683,0.02745845,201.23509169,334.63309287
call_options,5.7253,0.83160701,[],0,309.3,100,3348.94,267.5172,0.0000,289.01557478,USD,3060,17.4260,267.5172,263.4,263.4,309.3,C-ETH-3060-111225,0.0000,ETH,2025-12-10 22:56:29,111633,ETH,-133.8900,0.010000000000000000,2025-12-09T22:54:15.453496002Z,0.010000000000000000,8.0,operational,0.08,0.0000,ETH  Call,1,1.28806591,1797,291.2,291.2,287.5,287.5,0.000005,2396,,0.82709593,0.99197727,0.00017369,0.04521491,3349.01,-2.55447756,0.02841525,220.35572298,354.01528114
call_options,5.7954,0.98803163,[],4,316.7,100,3348.94,134.1032,0.0400,309.2169263,USD,3040,0.0000,134.1032,316.7,316.7,316.7,C-ETH-3040-111225,133.8840,ETH,2025-12-10 22:56:29,111674,ETH,0.0000,0.010000000000000000,2025-12-09T22:54:15.453496002Z,0.010000000000000000,4.0,operational,0.04,0.0400,ETH  Call,1,1.37381971,1797,311.2,311.2,307.3,307.3,0.000005,2397,,0.98228494,0.99277676,0.00014995,0.04495409,3348.93,-2.45952538,0.02590506,240.93552755,374.75049305
call_options,5.6989,1.04556223,[],0,340.66,100,3348.94,200.55270000000002,0.0000,329.21226128,USD,3020,11.0727,200.55270000000002,306.7,306.7,340.66,C-ETH-3020-111225,0.0000,ETH,2025-12-10 22:56:29,111698,ETH,0.0000,0.010000000000000000,2025-12-09T22:54:15.453496002Z,0.010000000000000000,6.0,operational,0.06,0.0000,ETH  Call,1,1.45385027,1797,331.3,331.3,327.2,327.2,0.000005,2396,,1.04629775,0.99456971,0.00011354,0.04474949,3349.01,-1.95981904,0.02012314,262.39228643,396.13462247
call_options,5.5654,1.09938105,[],10,379.8,100,3348.94,10752.2251,0.1000,349.20156306,USD,3000,19.4340,10752.2251,315.5,318.0,433.96,C-ETH-3000-111225,334.5560,ETH,2025-12-10 22:56:29,111651,ETH,-3347.1900,0.010000000000000000,2025-12-09T22:54:15.453496002Z,0.010000000000000000,317.0,operational,3.17,0.1000,ETH  Call,1,1.53961062,1798,351.4,351.4,347.2,347.2,0.000005,2396,,1.09375477,0.99449738,0.00010768,0.04444646,3349.04,-2.11566794,0.02036111,282.41776525,416.12612535
call_options,4.9118,1.30946835,[],10,447.8,100,3348.94,54405.0535,0.1000,429.16144969,USD,2920,11.6152,54405.0535,396.9,401.2,495.3,C-ETH-2920-111225,334.5510,ETH,2025-12-10 22:56:29,111675,ETH,0.0000,0.010000000000000000,2025-12-09T22:54:15.453496002Z,0.010000000000000000,1621.0,operational,16.209999999999997,0.1000,ETH  Call,1,1.90137506,1798,431.8,431.8,426.7,426.7,0.000005,2396,,1.30809267,0.99614718,0.00006584,0.04333691,3349.04,-1.83147178,0.01481346,360.50006504,494.11931242
call_options,5.4154,1.08457274,[],0,,100,3348.94,,0.0000,389.06031241,USD,2960,,,,,,C-ETH-2960-111225,0.0000,ETH,2025-12-10 22:56:29,111652,ETH,0.0000,0.010000000000000000,,0.010000000000000000,,operational,,0.0000,ETH  Call,1,,,,,0.03,,0.000005,1000,,1.08421485,0.99847142,0.00003530,0.04405150,3349.04,-0.64142284,0.00641930,322.50066494,456.41842786
