call_mark,call_oi,call_volume,call_gamma,call_delta,call_vega,strike_price,put_gamma,put_delta,put_vega,put_volume,put_oi,put_mark,Expiry,timestamp_IST,max_pain
105.40233466,1,0.01,0.00143259,0.95784204,0.12517255,1780,0.00120181,-0.03079328,0.09678055,272.23,26923,0.69146277,26-07-2026,17:41,645
85.85115895,612,33.2,0.00215172,0.93846942,0.16911107,1800,0.0019422,-0.04951504,0.14244477,574.78,33025,1.10304248,26-07-2026,17:41,403
66.70303396,255,14.129999999999995,0.00338134,0.90199677,0.24070944,1820,0.00327146,-0.08791368,0.22212654,404.51,14054,1.99267214,26-07-2026,17:41,232
48.62896076,1052,50.81,0.0053154,0.83072535,0.35127569,1840,0.00534488,-0.16053342,0.33939921,324.29999999999995,26937,3.88347667,26-07-2026,17:41,87
32.66555042,711,142.09000000000003,0.00755022,0.70919838,0.47708989,1860,0.0077289,-0.28604542,0.47336966,822.43,8606,7.91133387,26-07-2026,17:41,-6
20.12572866,31890,491.2300000000001,0.00881407,0.54168705,0.55224275,1880,0.00906806,-0.45691876,0.55205084,352.96000000000004,12100,15.3594376,26-07-2026,17:41,-80
11.46567659,37003,790.06,0.00829165,0.37006333,0.5255835,1900,0.00851874,-0.63412273,0.52361851,641.0600000000002,19992,26.65394259,26-07-2026,17:41,-16
6.15756532,26506,706.3899999999999,0.00645555,0.22873383,0.42134833,1920,0.00656382,-0.78121925,0.41082173,56.260000000000005,2356,41.30446714,26-07-2026,17:41,106
3.23748421,16559,530.0400000000001,0.00440593,0.13343836,0.29981076,1940,0.00432079,-0.88057914,0.27749716,31.83,2610,58.38358661,26-07-2026,17:41,302
1.7660302,5853,173.88,0.00278752,0.07641684,0.19985612,1960,0.00251066,-0.94010527,0.16557967,39.370000000000005,185,76.91860258,26-07-2026,17:41,521
1.05341541,23800,347.56,0.00176835,0.04659599,0.13568707,1980,0.00123064,-0.97513672,0.08097981,7.81,4,96.19000854,26-07-2026,17:41,761
0.69008405,30006,334.95,0.00116344,0.0306286,0.09635277,2000,0.00046817,-0.99210087,0.03017215,12.21,1,115.80456301,26-07-2026,17:41,1052
0.45462564,19674,437.24,0.00075654,0.01967572,0.06646536,2020,0.0,-1.0,0.0,1.01,101,135.71,26-07-2026,17:41,1402
104.69736547,1,0.01,0.00148599,0.95547245,0.13072356,1780,0.00121419,-0.03095491,0.09712839,272.23,26923,0.7055861,26-07-2026,17:43,649
85.13835684,612,33.2,0.00220263,0.9364823,0.17322352,1800,0.00199514,-0.05135108,0.14652847,574.78,33025,1.16047145,26-07-2026,17:43,407
66.04721235,255,14.129999999999995,0.00345323,0.89901694,0.24584823,1820,0.00333646,-0.08994741,0.22577088,404.51,14054,2.03994137,26-07-2026,17:43,236
48.01973994,1052,50.81,0.00540197,0.826403,0.35670838,1840,0.00542249,-0.1639181,0.34379771,324.29999999999995,26937,3.99683497,26-07-2026,17:43,91
32.11500106,711,142.09000000000003,0.00763994,0.70367807,0.48089292,1860,0.00780933,-0.29063981,0.47660179,822.43,8606,8.1065031,26-07-2026,17:43,-3
19.71622356,31890,491.2300000000001,0.00885404,0.53602642,0.55261978,1880,0.00912362,-0.46315852,0.55251611,352.96000000000004,12100,15.64281418,26-07-2026,17:43,-77
11.13777841,37001,790.06,0.00825693,0.36360482,0.52213177,1900,0.00850828,-0.64131565,0.51969944,641.0600000000002,19992,27.07718093,26-07-2026,17:43,-15
5.91379215,26506,706.3899999999999,0.00639081,0.22349219,0.41555392,1920,0.00649505,-0.78666949,0.40456459,56.260000000000005,2356,41.84072832,26-07-2026,17:43,105
3.09954211,16559,530.0400000000001,0.00432538,0.12893729,0.29256842,1940,0.00422328,-0.88570911,0.26879119,31.83,2610,58.99665085,26-07-2026,17:43,301
1.69466318,5853,173.88,0.00273802,0.07459504,0.19607596,1960,0.00242119,-0.9434926,0.15806152,39.370000000000005,185,77.58995701,26-07-2026,17:43,519
0.98970157,23800,347.56,0.00171859,0.04479106,0.13134628,1980,0.00114997,-0.97740555,0.07466253,7.81,4,96.89455005,26-07-2026,17:43,759
0.64312994,30006,334.95,0.00111602,0.02887699,0.09168883,2000,0.00033531,-0.99491458,0.02041763,12.21,1,116.5227588,26-07-2026,17:43,1050
0.42859211,19674,437.24,0.00070803,0.01792201,0.06134459,2020,0.0,-1.0,0.0,1.01,101,136.46,26-07-2026,17:43,1400
95.84604901,1,0.01,0.00174555,0.94917686,0.14374268,1780,0.00149979,-0.03804848,0.11381874,297.23,26923,0.84947326,26-07-2026,18:19,817
76.47618712,612,33.2,0.00268404,0.92250355,0.1996559,1800,0.00249875,-0.06488034,0.17418075,574.98,33045,1.4684334,26-07-2026,18:19,530
57.73692628,355,21.15,0.00424398,0.87193375,0.2880155,1820,0.00416081,-0.11515267,0.26728954,410.58000000000004,14577,2.71494236,26-07-2026,18:19,313
40.36927846,3012,70.41,0.00646653,0.78177374,0.40545209,1840,0.00655176,-0.21131081,0.39792748,495.51,45449,5.36382417,26-07-2026,18:19,125
25.68692515,721,142.08,0.00859439,0.63600118,0.51663701,1860,0.0088118,-0.36121315,0.51526764,818.6299999999999,10230,10.64618462,26-07-2026,18:19,23
14.93102575,32360,493.5200000000001,0.00906018,0.45531373,0.5453812,1880,0.00931675,-0.54632335,0.54512084,355.34,12052,19.79603354,26-07-2026,18:19,-54
8.02836844,39722,817.8299999999999,0.00764837,0.29025044,0.47109848,1900,0.00785041,-0.71707231,0.46543291,659.8400000000001,21492,32.93671449,26-07-2026,18:19,-9
4.13627025,26356,639.8499999999999,0.00544835,0.16952649,0.34750255,1920,0.00545147,-0.84361992,0.32973436,47.42999999999999,2456,48.97500483,26-07-2026,18:19,95
2.12339261,17047,532.6100000000001,0.00348265,0.0952881,0.23304276,1940,0.00327413,-0.92026985,0.20400639,10.32,2410,67.03333747,26-07-2026,18:19,295
1.14817697,5853,171.28,0.00211855,0.05351888,0.14976762,1960,0.001619,-0.9674049,0.10025406,39.36,185,86.03959555,26-07-2026,18:19,522
0.68071133,21300,427.99,0.00132221,0.03267595,0.1004586,1980,0.00051318,-0.99208415,0.02987551,7.82,6,105.57914879,26-07-2026,18:19,773
0.45564854,30006,333.95,0.00084719,0.02083097,0.06894692,2000,0.0,-1.0,0.0,12.190000000000001,1,125.44,26-07-2026,18:19,1069
0.31664345,19707,437.24,0.00055605,0.01370985,0.04821589,2020,0.0,-1.0,0.0,1.0,101,145.44,26-07-2026,18:19,1425
97.33322057,1,0.01,0.00168501,0.95108255,0.13949715,1780,0.00142515,-0.03594613,0.10872428,297.23,26923,0.79911004,26-07-2026,18:20,818
77.91289353,612,33.2,0.00256298,0.92679978,0.19128598,1800,0.00237045,-0.06088284,0.1658744,592.3,34777,1.36477382,26-07-2026,18:20,527
59.07445972,355,21.15,0.00408423,0.87945975,0.27621411,1820,0.00398161,-0.10920446,0.25750989,415.08000000000004,14977,2.51456751,26-07-2026,18:20,309
41.59290183,3012,70.91,0.00625412,0.79226626,0.39422333,1840,0.00633143,-0.19910462,0.38436924,509.22,45449,5.02591843,26-07-2026,18:20,120
26.66909109,721,142.18,0.00842783,0.65031323,0.50974508,1860,0.00864486,-0.34574294,0.50761382,833.8699999999999,10230,10.11332986,26-07-2026,18:20,19
15.61810839,32360,513.7200000000001,0.00907754,0.47168116,0.54781688,1880,0.00932983,-0.5292729,0.5477233,363.14,12252,19.02775255,26-07-2026,18:20,-57
8.49403598,39772,815.3799999999999,0.0078209,0.30378383,0.48134511,1900,0.00802072,-0.70293461,0.47650628,652.3400000000001,21492,31.866468,26-07-2026,18:20,-9
4.40893543,26356,639.8399999999999,0.00564789,0.17926431,0.36030357,1920,0.0056708,-0.83203194,0.34568308,44.95,2456,47.78096723,26-07-2026,18:20,99
2.31545297,17047,531.3000000000001,0.00365362,0.10228318,0.24560271,1940,0.00345352,-0.91422092,0.21568477,12.32,2410,65.65024095,26-07-2026,18:20,300
1.23634917,5853,171.28,0.00223742,0.05743561,0.15846262,1960,0.00184468,-0.96048263,0.11746623,39.36,185,84.6174303,26-07-2026,18:20,528
0.73916036,21300,427.99,0.0013882,0.03469325,0.10558907,1980,0.00067465,-0.98867467,0.04089107,7.82,6,104.05746293,26-07-2026,18:20,779
0.49438679,30006,333.95,0.00090996,0.02278657,0.074427,2000,0.0,-1.0,0.0,12.190000000000001,1,123.9,26-07-2026,18:20,1075
0.34379506,19707,437.27,0.00061433,0.01559022,0.05389134,2020,0.0,-1.0,0.0,1.0,101,143.9,26-07-2026,18:20,1431
99.96774198,0,,0.00157786,0.95448311,0.12851008,1760,0.00133933,-0.03370061,0.10062444,8.0,800,0.74166569,26-07-2026,19:44,1131
80.51671718,1,0.01,0.00245097,0.92908963,0.1821719,1780,0.00227143,-0.0595565,0.15910554,855.1499999999999,40210,1.32130471,26-07-2026,19:44,769
61.67894993,2496,52.04,0.00386075,0.88481865,0.26104407,1800,0.00377673,-0.1051334,0.24450693,672.4100000000001,41829,2.47386342,26-07-2026,19:44,482
44.04713809,410,21.739999999999995,0.00593144,0.80046608,0.37556456,1820,0.00598625,-0.19218526,0.36711005,488.89,22320,4.86909203,26-07-2026,19:44,294
28.80753738,3421,77.61999999999999,0.00808982,0.66685607,0.48833725,1840,0.00826817,-0.32854523,0.48565555,764.8999999999999,33836,9.56760526,26-07-2026,19:44,138
16.96382475,1968,177.49000000000004,0.00905597,0.49322838,0.53584633,1860,0.00928536,-0.50653008,0.5358768,945.4099999999999,5995,17.7238519,26-07-2026,19:44,42
9.13358921,33882,589.5700000000002,0.00809337,0.32054017,0.48073913,1880,0.00829927,-0.68529534,0.47702051,395.54999999999995,10279,29.82632292,26-07-2026,19:44,-22
4.60463749,39614,1000.3400000000001,0.00593427,0.18726674,0.36130461,1900,0.00597645,-0.82432885,0.34713154,584.4100000000001,21191,45.25816048,26-07-2026,19:44,10
2.25461085,42874,760.8199999999999,0.00378852,0.10188422,0.23898768,1920,0.00360052,-0.91313592,0.2124598,45.92,2633,62.9192681,26-07-2026,19:44,85
1.13030765,14535,679.9300000000001,0.00226045,0.05531566,0.15011706,1940,0.00183201,-0.96288856,0.10890443,10.34,2410,81.76665975,26-07-2026,19:44,322
0.58398441,13157,200.36,0.00130865,0.03004567,0.09152017,1960,0.00033898,-0.99568605,0.01702801,20.360000000000003,185,101.24362237,26-07-2026,19:44,582
0.34825065,11301,532.6700000000001,0.0007853,0.01764251,0.05845924,1980,0.0,-1.0,0.0,7.8999999999999995,14,121.22,26-07-2026,19:44,885
0.20417221,38708,564.5799999999999,0.00046484,0.01019766,0.03642007,2000,0.0,-1.0,0.0,12.190000000000001,1,141.22,26-07-2026,19:44,1212
0.15831766,20295,609.57,0.00032923,0.00753586,0.02793777,2020,0.0,-1.0,0.0,,101,161.22,26-07-2026,19:44,1618
97.34603257,0,,0.00168399,0.95070211,0.13678599,1760,0.00142261,-0.03591123,0.10585172,8.0,800,0.84181,26-07-2026,19:46,1139
78.00562478,1,0.01,0.00263967,0.92094158,0.19761848,1780,0.00240271,-0.06357916,0.16720571,856.4499999999999,40340,1.48016244,26-07-2026,19:46,777
59.32599213,2496,52.04,0.00409812,0.87183901,0.28096104,1800,0.00405309,-0.11577378,0.26154467,673.6300000000001,41829,2.74699904,26-07-2026,19:46,490
41.92526619,410,21.739999999999995,0.00619579,0.78892216,0.38774565,1820,0.00626412,-0.205245,0.38137491,538.89,22320,5.37016625,26-07-2026,19:46,300
26.97687032,3421,77.61999999999999,0.00830678,0.6476552,0.49799414,1840,0.00852972,-0.35073603,0.49710171,774.9299999999998,33836,10.43758364,26-07-2026,19:46,142
15.62854146,1968,182.51000000000005,0.0090293,0.47111696,0.53365987,1860,0.00933148,-0.53204498,0.5332734,950.4199999999998,5995,19.07012017,26-07-2026,19:46,43
8.26463429,33882,590.6300000000001,0.00786709,0.30080996,0.46687703,1880,0.00808371,-0.7066205,0.46156764,395.54999999999995,10279,31.71891531,26-07-2026,19:46,-22
4.12363538,39614,1000.95,0.00567038,0.17422284,0.34478416,1900,0.00568478,-0.83709669,0.33020923,584.4100000000001,21191,47.52774529,26-07-2026,19:46,4
2.01138779,42874,760.8199999999999,0.00354439,0.0938095,0.22456302,1920,0.00332239,-0.92226845,0.19508584,45.92,2633,65.4342928,26-07-2026,19:46,73
1.00572519,14535,680.9300000000001,0.00211375,0.05101948,0.1405808,1940,0.00111521,-0.98261927,0.05763034,10.34,2410,84.35472346,26-07-2026,19:46,308
0.53277496,13157,200.36,0.00121866,0.02772417,0.08546686,1960,0.00028397,-0.99647331,0.01419367,20.360000000000003,185,103.92029988,26-07-2026,19:46,567
0.29011441,11301,532.6700000000001,0.00070604,0.01546118,0.05213516,1980,0.0,-1.0,0.0,7.8999999999999995,14,123.92,26-07-2026,19:46,870
0.19393336,38709,564.5799999999999,0.0004534,0.01007085,0.03596792,2000,0.0,-1.0,0.0,12.190000000000001,1,143.92,26-07-2026,19:46,1198
0.13235565,20295,609.57,0.00025403,0.00543177,0.02087422,2020,0.0,-1.0,0.0,,101,163.92,26-07-2026,19:46,1603
96.36950134,0,,0.00167362,0.95226395,0.13294873,1760,0.00140684,-0.03455891,0.10229014,67.3,6730,0.76161356,26-07-2026,19:58,1098
77.03690658,1,0.01,0.00267915,0.92114294,0.19667876,1780,0.00240554,-0.06134176,0.16213083,880.8699999999999,42782,1.35904401,26-07-2026,19:58,749
58.25030436,2496,52.04,0.00414621,0.87682107,0.27254954,1800,0.00404265,-0.11119765,0.25352781,748.6400000000001,35034,2.62905161,26-07-2026,19:58,480
40.94384217,405,21.739999999999995,0.00635208,0.78149251,0.39446183,1820,0.00643157,-0.20607705,0.38124866,540.3,22407,5.27482382,26-07-2026,19:58,297
26.13159663,3843,82.83,0.00850331,0.63973903,0.5004817,1840,0.00863292,-0.35219295,0.49666712,813.6499999999999,31430,10.49483982,26-07-2026,19:58,145
15.04212933,2208,185.47000000000006,0.00916684,0.4604683,0.53094486,1860,0.00930069,-0.53546602,0.5316077,972.31,5992,19.39008827,26-07-2026,19:58,50
7.92361426,33935,591.1600000000001,0.00783923,0.2921765,0.45946251,1880,0.00804018,-0.71525339,0.45391809,395.04999999999995,10279,32.24856787,26-07-2026,19:58,-13
3.9330951,39414,1002.1000000000001,0.00556503,0.16811944,0.336098,1900,0.00555802,-0.84652567,0.31667022,566.1200000000001,20991,48.22305845,26-07-2026,19:58,13
1.92602622,41822,770.0799999999999,0.00345564,0.09022603,0.21760336,1920,0.00316774,-0.92864485,0.18226059,45.92,2633,66.20580179,26-07-2026,19:58,82
0.94877433,13086,700.9300000000002,0.0020095,0.04723639,0.13182985,1940,0.00140227,-0.97469841,0.07896528,10.34,2410,85.2372263,26-07-2026,19:58,315
0.51424144,13157,200.36,0.00115203,0.02566882,0.07992441,1960,0.00032353,-0.9957858,0.01660669,20.360000000000003,185,104.81051285,26-07-2026,19:58,570
0.3018779,11301,532.6700000000001,0.00069805,0.01537297,0.05173812,1980,0.0,-1.0,0.0,7.92,12,124.81,26-07-2026,19:58,869
0.19661101,38709,564.5899999999999,0.00044802,0.01001079,0.03567937,2000,0.0,-1.0,0.0,12.190000000000001,1,144.81,26-07-2026,19:58,1192
0.10314931,20295,609.57,0.00025204,0.00541061,0.02074679,2020,0.0,-1.0,0.0,,101,164.81,26-07-2026,19:58,1593
97.68400927,0,,0.00167424,0.95144653,0.13476241,1760,0.001385,-0.03428347,0.10163118,67.3,6730,0.72812236,26-07-2026,20:00,1096
78.22686393,1,0.01,0.00256425,0.92699489,0.18548539,1780,0.00231255,-0.05779792,0.15474791,880.8699999999999,42882,1.30128177,26-07-2026,20:00,747
59.4223451,2496,52.04,0.00407382,0.87774267,0.27112768,1800,0.00396164,-0.10778356,0.24789359,748.6400000000001,35031,2.47583524,26-07-2026,20:00,478
41.90111996,405,21.739999999999995,0.00626625,0.79064718,0.38479708,1820,0.00632216,-0.19999629,0.3745085,540.3,22407,4.96999066,26-07-2026,20:00,296
26.8669369,3855,82.83,0.00850293,0.65216995,0.49437334,1840,0.0086452,-0.34475294,0.49275352,813.6499999999999,31430,9.91767929,26-07-2026,20:00,144
15.51879781,2213,185.47000000000006,0.00922547,0.46981794,0.53210159,1860,0.00953039,-0.52928467,0.53225382,972.31,5992,18.49945236,26-07-2026,20:00,52
8.21542164,34135,591.1600000000001,0.00799781,0.29948331,0.46478062,1880,0.00817041,-0.70637847,0.46059032,395.04999999999995,10279,31.18453572,26-07-2026,20:00,-11
4.06208194,39418,1002.1000000000001,0.00566933,0.17088139,0.33963849,1900,0.00567609,-0.84218415,0.32256493,566.1200000000001,21053,47.02417149,26-07-2026,20:00,18
1.96415566,41822,770.0799999999999,0.00353762,0.09131775,0.21960511,1920,0.00330044,-0.92439511,0.1905361,45.92,2633,64.96351159,26-07-2026,20:00,90
0.96712207,13086,700.9300000000002,0.00203832,0.04757894,0.13260165,1940,0.00159273,-0.96945665,0.0923893,10.34,2410,83.92072211,26-07-2026,20:00,324
0.51679693,13157,200.36,0.00116923,0.02586169,0.08043731,1960,0.0,-1.0,0.0,20.360000000000003,185,103.50019422,26-07-2026,20:00,579
0.31691577,11301,532.6700000000001,0.00070413,0.01544012,0.05192983,1980,0.0,-1.0,0.0,7.92,12,123.5,26-07-2026,20:00,879
0.18742161,38709,564.5899999999999,0.00045288,0.01006499,0.03585219,2000,0.0,-1.0,0.0,12.190000000000001,1,143.5,26-07-2026,20:00,1203
0.09899648,20345,609.57,0.00025498,0.00544208,0.02085852,2020,0.0,-1.0,0.0,,101,163.5,26-07-2026,20:00,1604
103.63401165,0,0.02,0.00126041,0.96710996,0.09717166,1760,0.00094588,-0.02054117,0.06554913,84.65999999999998,8264,0.39625287,26-07-2026,21:18,1281
83.95844662,1,0.01,0.00197988,0.94999688,0.13649288,1780,0.00166729,-0.03640222,0.10561873,1068.3299999999963,50040,0.71687128,26-07-2026,21:18,875
64.69458595,0,70.48,0.00330109,0.9139734,0.20780977,1800,0.00306573,-0.07081449,0.17929988,774.44,39407,1.42986261,26-07-2026,21:18,565
46.34513145,505,26.989999999999995,0.00545686,0.84777604,0.31163317,1820,0.00544022,-0.14252695,0.29818479,485.1199999999999,22309,3.09308753,26-07-2026,21:18,333
30.0092063,4205,84.27,0.00826671,0.71601719,0.44845953,1840,0.00842641,-0.27218034,0.43939111,989.31,44102,6.76234649,26-07-2026,21:18,147
17.15351971,3750,204.88000000000008,0.01006859,0.53493279,0.52591798,1860,0.01034235,-0.46142142,0.52555677,1010.1400000000002,10668,13.88361083,26-07-2026,21:18,46
8.74984616,28353,694.69,0.00925544,0.34105893,0.48553384,1880,0.00950042,-0.66347365,0.4830511,396.62,10179,25.45298341,26-07-2026,21:18,-19
4.12831104,42242,1014.06,0.00663463,0.19040222,0.35963152,1900,0.00669343,-0.82229144,0.34450918,543.04,21005,40.82902306,26-07-2026,21:18,2
1.91308922,46673,778.0699999999999,0.00403667,0.09772124,0.22839904,1920,0.00383179,-0.91637788,0.20344821,45.13000000000001,2536,58.60427748,26-07-2026,21:18,81
0.9015649,11598,801.9000000000002,0.00228244,0.05039343,0.13735962,1940,0.00164668,-0.97186627,0.08537606,11.440000000000001,2300,77.57711161,26-07-2026,21:18,322
0.42666433,12449,209.07999999999998,0.0012257,0.02509987,0.07761337,1960,0.0,-1.0,0.0,20.360000000000003,185,97.18,26-07-2026,21:18,579
0.21696643,11301,535.62,0.00061675,0.0117557,0.04060477,1980,0.0,-1.0,0.0,4.06,10,117.18,26-07-2026,21:18,877
0.14754895,39709,568.79,0.00042106,0.00852641,0.03067752,2000,0.0,-1.0,0.0,12.190000000000001,1,137.18,26-07-2026,21:18,1199
0.09979543,21271,611.7899999999969,0.00027215,0.00562275,0.02124438,2020,0.0,-1.0,0.0,,101,157.18,26-07-2026,21:18,1601
104.55518764,0,0.02,0.00124853,0.96683583,0.09789364,1760,0.00087478,-0.01845437,0.05986349,84.65999999999998,8264,0.37453476,26-07-2026,21:19,1278
84.87156556,1,0.01,0.00197682,0.9488946,0.13893061,1780,0.00158447,-0.03415916,0.10029517,1068.3299999999963,50040,0.68630011,26-07-2026,21:19,872
65.55754105,0,70.48,0.00319455,0.91843984,0.19970528,1800,0.00292025,-0.06649527,0.17089849,774.44,39507,1.36144316,26-07-2026,21:19,563
47.13134437,505,26.989999999999995,0.00534984,0.85187981,0.30607817,1820,0.00532561,-0.13851869,0.2925333,485.1199999999999,22309,2.95688886,26-07-2026,21:19,331
30.6934442,4205,84.27,0.00817061,0.72804621,0.43928602,1840,0.00823403,-0.2598816,0.42946516,989.31,44102,6.50299478,26-07-2026,21:19,145
17.64736085,3750,204.88000000000008,0.01005993,0.54496624,0.52475599,1860,0.0103172,-0.44633745,0.52354362,1010.1400000000002,10668,13.44548373,26-07-2026,21:19,45
9.06473954,28353,694.69,0.00934107,0.34499469,0.48766563,1880,0.00958745,-0.66063145,0.48462123,396.62,10179,24.79630824,26-07-2026,21:19,-18
4.31550992,42242,1014.06,0.00675458,0.19460573,0.3645486,1900,0.00681753,-0.81649051,0.35160049,543.04,21005,40.05549806,26-07-2026,21:19,3
2.01775646,46673,778.0699999999999,0.00408873,0.09966893,0.23172078,1920,0.00383454,-0.9177815,0.20087282,45.13000000000001,2536,57.705055,26-07-2026,21:19,85
0.94043129,11598,801.9000000000002,0.00231473,0.05075459,0.13817577,1940,0.00167965,-0.97123953,0.08695995,11.440000000000001,2300,76.69411853,26-07-2026,21:19,326
0.44865311,12449,209.07999999999998,0.00123486,0.02519433,0.07786227,1960,0.0,-1.0,0.0,20.360000000000003,185,96.2500003,26-07-2026,21:19,584
0.23648943,11301,535.62,0.0007045,0.01407744,0.04746951,1980,0.0,-1.0,0.0,4.06,10,116.25,26-07-2026,21:19,882
0.14930694,39709,568.79,0.00042573,0.00857388,0.03083757,2000,0.0,-1.0,0.0,12.190000000000001,1,136.25,26-07-2026,21:19,1204
0.10060433,21271,611.7899999999969,0.00027335,0.00563525,0.0212868,2020,0.0,-1.0,0.0,,101,156.25,26-07-2026,21:19,1606
103.31613288,0,0.02,0.00130364,0.96565789,0.10049974,1760,0.00095796,-0.02067436,0.0657867,84.65999999999998,8314,0.37323395,26-07-2026,21:25,1282
83.69732274,1,0.01,0.00201906,0.94879547,0.13885672,1780,0.00169448,-0.0367046,0.10613387,1068.3299999999963,50040,0.70923656,26-07-2026,21:25,875
64.40925489,0,70.48,0.00335273,0.91351315,0.20825488,1800,0.00314116,-0.0730065,0.18320823,774.44,39607,1.43851341,26-07-2026,21:25,566
46.06180254,505,26.989999999999995,0.00557259,0.84330963,0.31705464,1820,0.00556399,-0.14666646,0.30342378,485.1199999999999,22309,3.09800279,26-07-2026,21:25,333
29.80505024,4305,84.27,0.00838292,0.71488827,0.448585,1840,0.00854545,-0.2776313,0.44290303,989.31,44160,6.78647237,26-07-2026,21:25,147
16.99911984,3600,204.88000000000008,0.01012342,0.52855993,0.52567064,1860,0.01042453,-0.46884474,0.5254641,1010.1400000000002,10668,13.9420553,26-07-2026,21:25,46
8.64495875,28353,694.69,0.00918528,0.33528474,0.48149137,1880,0.00946843,-0.6710801,0.4778382,396.62,10179,25.55116096,26-07-2026,21:25,-19
4.07603934,44181,1014.06,0.00651758,0.18385207,0.35127059,1900,0.00655884,-0.82850245,0.33618406,543.04,21005,41.00251575,26-07-2026,21:25,1
1.90389431,46773,778.0699999999999,0.00395922,0.09545763,0.22409737,1920,0.00370759,-0.92090872,0.19472599,45.13000000000001,2536,58.75922984,26-07-2026,21:25,84
0.89662284,11598,801.9000000000002,0.00220674,0.04818182,0.13227752,1940,0.00157296,-0.97352912,0.08100099,11.440000000000001,2300,77.78483664,26-07-2026,21:25,329
0.43699783,12449,209.07999999999998,0.00121417,0.02498034,0.07716686,1960,0.0,-1.0,0.0,20.360000000000003,185,97.42,26-07-2026,21:25,590
0.21489128,11301,535.62,0.00061116,0.01170213,0.04037193,1980,0.0,-1.0,0.0,4.06,10,117.42,26-07-2026,21:25,892
0.1129838,39709,568.79,0.00033219,0.00621415,0.02317071,2000,0.0,-1.0,0.0,12.190000000000001,1,137.42,26-07-2026,21:25,1218
0.11201758,23858,611.7899999999969,0.00027022,0.00560258,0.02113838,2020,0.0,-1.0,0.0,,101,157.42,26-07-2026,21:25,1624
98.101671,100,1.02,0.00115756,0.974261,0.07768686,1760,0.00081991,-0.01507048,0.04932169,97.15999999999998,8764,0.25105989,26-07-2026,22:46,1473
78.48088323,2,0.03,0.00215348,0.9487659,0.13641204,1780,0.00180557,-0.03651784,0.10377393,1541.2499999999968,97312,0.65394246,26-07-2026,22:46,955
59.13206289,0,63.96,0.0036241,0.91575433,0.20050218,1800,0.00342562,-0.07219882,0.17834303,748.56,41384,1.2910358,26-07-2026,22:46,624
40.70356825,537,30.57999999999999,0.00636523,0.83970996,0.31596878,1820,0.00632108,-0.14887472,0.30094467,487.9299999999999,22470,2.84998621,26-07-2026,22:46,376
24.5300716,4787,91.82,0.00990957,0.69024543,0.45744904,1840,0.01015589,-0.30420841,0.45381875,1017.1200000000001,46861,6.68425867,26-07-2026,22:46,176
12.49333329,5716,238.3200000000001,0.0115649,0.4740665,0.51641707,1860,0.01196559,-0.52949305,0.51604552,1133.0700000000002,14839,14.59848289,26-07-2026,22:46,64
5.53131356,31651,728.48,0.00935074,0.26395711,0.42404843,1880,0.00955139,-0.74775129,0.41414242,474.42999999999995,10689,27.60741008,26-07-2026,22:46,-2
2.33216925,45694,1130.55,0.00570536,0.12875861,0.27260156,1900,0.00554743,-0.88798857,0.24710958,499.4899999999999,21103,44.38361605,26-07-2026,22:46,19
0.99884415,50120,842.6199999999999,0.0030119,0.0595855,0.15367652,1920,0.00232608,-0.96374271,0.10316735,43.93,2536,63.06951089,26-07-2026,22:46,103
0.48364331,13098,801.73,0.00153258,0.0281017,0.083599,1940,0.0,-1.0,0.0,11.440000000000001,2300,82.56,26-07-2026,22:46,364
0.25983201,12554,211.13,0.00084096,0.01539073,0.0502188,1960,0.0,-1.0,0.0,2.36,185,102.56,26-07-2026,22:46,648
0.10425546,8888,617.73,0.00039686,0.00679494,0.02462402,1980,0.0,-1.0,0.0,4.16,1,122.56,26-07-2026,22:46,975
0.10411894,39709,565.8,0.00031455,0.00604651,0.02220743,2000,0.0,-1.0,0.0,12.18,1,142.56,26-07-2026,22:46,1321
0.05461558,24158,644.6799999999969,0.00017083,0.00321008,0.0126128,2020,0.0,-1.0,0.0,,101,162.56,26-07-2026,22:46,1747
99.25087996,100,1.02,0.00127978,0.96890046,0.09097108,1760,0.00080314,-0.01491312,0.0488999,97.15999999999998,8764,0.24243784,26-07-2026,22:47,1471
79.62775272,7,0.03,0.00203764,0.95264599,0.12814734,1780,0.00170271,-0.03403034,0.09798838,1541.2499999999968,97312,0.59909523,26-07-2026,22:47,952
60.20258058,0,63.96,0.00348042,0.91982313,0.19324783,1800,0.00325029,-0.0674518,0.16933028,748.56,41384,1.20593602,26-07-2026,22:47,622
41.70619582,525,30.57999999999999,0.00613179,0.84769285,0.30566161,1820,0.00610817,-0.14077835,0.28992676,487.9299999999999,22470,2.66166829,26-07-2026,22:47,375
25.33148049,4787,91.82,0.00973906,0.70448278,0.44811044,1840,0.00997759,-0.2887805,0.44334122,1017.1200000000001,46861,6.28672732,26-07-2026,22:47,175
13.03884984,5716,238.3200000000001,0.011642,0.48784305,0.51747015,1860,0.01199716,-0.5126294,0.51745893,1133.0700000000002,14839,13.97121313,26-07-2026,22:47,65
5.83052032,31651,728.48,0.00954385,0.27469172,0.43276844,1880,0.00981916,-0.7351631,0.42491694,474.42999999999995,10689,26.73893827,26-07-2026,22:47,0
2.45570697,45694,1130.55,0.00590077,0.13391635,0.28020252,1900,0.0057617,-0.88291164,0.25512755,499.4899999999999,21095,43.34051101,26-07-2026,22:47,23
1.05989407,50120,842.6199999999999,0.00314482,0.06245988,0.15951508,1920,0.00251244,-0.96000458,0.11181977,43.93,2536,61.93739079,26-07-2026,22:47,110
0.49752933,13098,801.73,0.00163821,0.03067031,0.0899308,1940,0.0,-1.0,0.0,11.440000000000001,2300,81.38000199,26-07-2026,22:47,371
0.29431804,12554,211.13,0.00094186,0.01787738,0.05711286,1960,0.0,-1.0,0.0,2.36,185,101.38,26-07-2026,22:47,656
0.10820855,8888,617.73,0.00040267,0.00684473,0.02479237,1980,0.0,-1.0,0.0,4.16,1,121.38,26-07-2026,22:47,983
0.10766679,39709,565.8,0.00031871,0.00608644,0.02234623,2000,0.0,-1.0,0.0,12.18,1,141.38,26-07-2026,22:47,1329
0.05667489,24158,644.6799999999969,0.00017311,0.00323143,0.01269438,2020,0.0,-1.0,0.0,,101,161.38,26-07-2026,22:47,1755
103.43644465,100,1.02,0.00112051,0.97322096,0.08038093,1760,0.00066732,-0.01213161,0.04094141,97.65999999999998,8814,0.17398537,26-07-2026,22:56,1470
83.7305468,7,0.07999999999999999,0.00182676,0.95740864,0.11773253,1780,0.00139252,-0.02654926,0.07980751,1546.2799999999966,97815,0.46208496,26-07-2026,22:56,946
64.21191314,0,63.96,0.00299558,0.93396233,0.16667653,1800,0.00270872,-0.05303441,0.14034741,773.8399999999999,43912,0.90712369,26-07-2026,22:56,613
45.34568948,525,30.699999999999992,0.00542406,0.87273276,0.27066396,1820,0.00532395,-0.11468133,0.25153431,492.54999999999984,22470,2.04841924,26-07-2026,22:56,368
28.32145988,4787,91.82,0.00908992,0.74678593,0.41541474,1840,0.00928521,-0.2446767,0.40791255,1025.23,46512,5.00393709,26-07-2026,22:56,171
14.94703945,5716,243.9500000000001,0.01176156,0.53761091,0.51569938,1860,0.01215242,-0.46051205,0.51548792,1139.7000000000003,14639,11.62988112,26-07-2026,22:56,70
6.71141874,31651,733.0999999999999,0.01042332,0.31067757,0.45851855,1880,0.01074042,-0.69693488,0.45352405,474.40999999999997,10689,23.38710921,26-07-2026,22:56,10
2.7719636,43287,1158.1399999999999,0.00664117,0.1513115,0.30450738,1900,0.00657734,-0.86355393,0.28398138,498.6299999999999,21095,39.40614176,26-07-2026,22:56,39
1.15811105,50120,849.0399999999998,0.00353513,0.06948324,0.17334741,1920,0.00300857,-0.95077423,0.13226069,44.33,2496,57.80748573,26-07-2026,22:56,130
0.53460108,13098,791.19,0.00183774,0.03412879,0.0982764,1940,0.00052106,-0.99464608,0.01995412,11.440000000000001,2300,77.14887263,26-07-2026,22:56,388
0.2917106,12554,211.13,0.00100202,0.01844416,0.05868565,1960,0.0,-1.0,0.0,2.36,185,97.12,26-07-2026,22:56,669
0.10179524,8888,617.73,0.00042524,0.00703482,0.02541377,1980,0.0,-1.0,0.0,4.16,1,117.12,26-07-2026,22:56,992
0.10190358,39709,565.8,0.00033389,0.00623013,0.02282585,2000,0.0,-1.0,0.0,12.18,1,137.12,26-07-2026,22:56,1333
0.05347172,24158,644.6799999999969,0.00018056,0.00330022,0.01294491,2020,0.0,-1.0,0.0,,101,157.12,26-07-2026,22:56,1754
103.8360133,0,2.02,0.00106892,0.97504216,0.07550193,1760,0.00057673,-0.00991006,0.03420817,106.65999999999998,9714,0.15329199,26-07-2026,23:16,1522
84.10123944,7,0.07999999999999999,0.00177756,0.95924258,0.11318676,1780,0.00131229,-0.02426931,0.07374981,1603.7499999999968,93363,0.39579059,26-07-2026,23:16,991
64.51825702,0,63.96,0.00295468,0.93523676,0.1635652,1800,0.00263978,-0.05083612,0.1351984,776.8499999999999,44212,0.84110656,26-07-2026,23:16,644
45.58982783,535,30.769999999999992,0.00533719,0.87785072,0.26204083,1820,0.00523216,-0.11074641,0.24443815,493.02999999999986,22498,1.92547347,26-07-2026,23:16,385
28.43968796,4787,91.82,0.00911113,0.75209298,0.40924385,1840,0.00926599,-0.23904814,0.40130295,1092.01,53190,4.73017219,26-07-2026,23:16,174
14.89260634,5766,245.79000000000013,0.01198133,0.54181236,0.51324027,1860,0.01242094,-0.45564413,0.51290839,1144.6200000000003,15127,11.16409977,26-07-2026,23:16,69
6.56133756,32538,743.47,0.01066595,0.31070326,0.45684737,1880,0.01091702,-0.69475155,0.45331557,473.3799999999999,10678,22.81141854,26-07-2026,23:16,9
2.60466558,43271,1156.3899999999999,0.00669854,0.14757485,0.29836165,1900,0.00661881,-0.86789893,0.27671693,497.2399999999999,21095,38.83529311,26-07-2026,23:16,41
1.05143405,52212,869.9599999999998,0.00346755,0.06565302,0.16529945,1920,0.00277518,-0.95832523,0.1152538,42.330000000000005,2496,57.25876188,26-07-2026,23:16,134
0.45506935,13098,788.19,0.00169803,0.02959745,0.08704275,1940,0.0,-1.0,0.0,10.44,2300,76.71000001,26-07-2026,23:16,398
0.23040315,12554,210.13,0.00091916,0.01609591,0.05204929,1960,0.0,-1.0,0.0,2.36,185,96.71,26-07-2026,23:16,685
0.10602448,8888,617.73,0.00042752,0.00705352,0.0253797,1980,0.0,-1.0,0.0,4.16,1,116.71,26-07-2026,23:16,1013
0.10595587,44910,612.81,0.00033502,0.00624078,0.02277541,2000,0.0,-1.0,0.0,12.18,1,136.71,26-07-2026,23:16,1360
0.05551824,25058,653.6799999999969,0.00018121,0.00330624,0.01291809,2020,0.0,-1.0,0.0,,101,156.71,26-07-2026,23:16,1798
101.82840705,0,2.02,0.00102899,0.97724528,0.06889127,1760,0.00047585,-0.0073911,0.02608186,109.5,9997,0.10656492,26-07-2026,00:21,1698
81.96265288,7,0.07999999999999999,0.00162175,0.96680604,0.09437595,1780,0.00096771,-0.01465004,0.04734238,2038.2699999999968,61251,0.20313222,26-07-2026,00:21,1175
62.28850162,0,63.96,0.00283514,0.94479439,0.14233712,1800,0.00226486,-0.0358938,0.10063685,756.8799999999999,45115,0.51997925,26-07-2026,00:21,774
43.18260584,535,31.069999999999993,0.00545169,0.89175183,0.23713818,1820,0.00522563,-0.09329594,0.21277105,493.89999999999986,23225,1.39027551,26-07-2026,00:21,461
25.79675968,5961,143.66,0.01006834,0.75827289,0.39814832,1840,0.01026385,-0.23194219,0.38921287,1339.56,77929,4.01894243,26-07-2026,00:21,198
12.31878473,6271,251.73000000000013,0.01368608,0.52175601,0.50820119,1860,0.01423119,-0.47776299,0.50816118,1195.7800000000002,16783,10.46475429,26-07-2026,00:21,87
4.57318332,29913,745.9699999999998,0.01130383,0.26243,0.41579295,1880,0.01158885,-0.74700601,0.40796433,474.5399999999999,10966,22.75946699,26-07-2026,00:21,28
1.50114322,44031,1132.33,0.00599662,0.10455803,0.23127335,1900,0.00563757,-0.91415265,0.20000174,467.44999999999993,21094,39.66932731,26-07-2026,00:21,50
0.5321152,52618,890.6899999999998,0.0026717,0.04126342,0.11274749,1920,0.00097439,-0.99130392,0.03008964,27.25,2496,58.6828642,26-07-2026,00:21,136
0.22428968,26492,908.5700000000002,0.00111101,0.01581353,0.05055552,1940,0.0,-1.0,0.0,10.44,2300,78.63,26-07-2026,00:21,398
0.10299574,12937,213.60999999999999,0.00055323,0.00802954,0.02805483,1960,0.0,-1.0,0.0,2.36,185,98.63,26-07-2026,00:21,712
0.10341851,12788,656.73,0.00041721,0.00696782,0.02476024,1980,0.0,-1.0,0.0,4.16,1,118.63,26-07-2026,00:21,1067
0.05393239,45793,615.8199999999999,0.00021957,0.00364055,0.01389047,2000,0.0,-1.0,0.0,12.16,1,138.63,26-07-2026,00:21,1450
0.05422177,25059,655.4499999999969,0.00017777,0.00327472,0.01262982,2020,0.0,-1.0,0.0,,101,158.63,26-07-2026,00:21,1925
103.01364263,0,2.02,0.00098755,0.97822222,0.06642181,1760,0.00046677,-0.00731946,0.02587077,109.50999999999999,9997,0.10312363,26-07-2026,00:21,1696
83.13044552,7,0.07999999999999999,0.00156188,0.96799201,0.09163406,1780,0.00094612,-0.01448307,0.04689867,2038.2699999999968,61251,0.19609128,26-07-2026,00:21,1173
63.4466794,0,63.96,0.00265945,0.94958454,0.13250819,1800,0.00220373,-0.03539572,0.09953537,756.8799999999999,45115,0.46536888,26-07-2026,00:21,771
44.27555996,535,31.069999999999993,0.00520674,0.89834029,0.22670264,1820,0.00493415,-0.08543915,0.19938074,494.9399999999998,23225,1.28017825,26-07-2026,00:21,459
26.71213358,5961,143.66,0.00980014,0.77198181,0.38568518,1840,0.00999468,-0.21787179,0.37581409,1339.56,77929,3.71362897,26-07-2026,00:21,196
12.92519264,6271,251.73000000000013,0.01369456,0.53870578,0.50679296,1860,0.0142404,-0.4595556,0.50658575,1196.2000000000003,16783,9.91490555,26-07-2026,00:21,88
4.89201468,29913,745.9699999999998,0.01159819,0.27556215,0.4263022,1880,0.01197348,-0.73318477,0.41952464,474.5399999999999,10966,21.84605795,26-07-2026,00:21,30
1.62439933,44031,1132.33,0.00627365,0.11067475,0.24105274,1900,0.00593919,-0.90853261,0.20976888,467.44999999999993,21094,38.55793012,26-07-2026,00:21,54
0.57984497,52618,890.6899999999998,0.00274747,0.04185387,0.11410514,1920,0.00100598,-0.99116299,0.03053073,27.25,2496,57.49759775,26-07-2026,00:21,143
0.24523418,26492,908.5700000000002,0.00127214,0.0189637,0.05906756,1940,0.0,-1.0,0.0,10.44,2300,77.41,26-07-2026,00:21,405
0.10719387,12937,213.60999999999999,0.00056474,0.00811316,0.02832627,1960,0.0,-1.0,0.0,2.36,185,97.41,26-07-2026,00:21,719
0.10639993,12788,656.73,0.00042363,0.0070212,0.02493878,1980,0.0,-1.0,0.0,4.16,1,117.41,26-07-2026,00:21,1075
0.05568883,45793,615.8199999999999,0.00022268,0.00366602,0.01398418,2000,0.0,-1.0,0.0,12.16,1,137.41,26-07-2026,00:21,1458
0.05578828,25059,655.4499999999969,0.00017985,0.0032938,0.01270168,2020,0.0,-1.0,0.0,,101,157.41,26-07-2026,00:21,1933
103.14060592,1,2.0300000000000002,0.00099847,0.97784447,0.06732209,1760,0.00046572,-0.00731105,0.02581936,109.50999999999999,9997,0.1052533,26-07-2026,00:27,1701
83.26264664,7,0.07999999999999999,0.00147933,0.97082959,0.08476203,1780,0.00094309,-0.0144596,0.04678845,2040.6999999999966,61494,0.20045138,26-07-2026,00:27,1173
63.56783888,0,63.96,0.00267332,0.94883356,0.13394598,1800,0.00210224,-0.03275643,0.09330151,786.5299999999999,48080,0.46312541,26-07-2026,00:27,767
44.36896864,535,31.069999999999993,0.00519228,0.89848684,0.22623882,1820,0.00491699,-0.08528556,0.19891581,495.09999999999985,23241,1.25209864,26-07-2026,00:27,456
26.76906369,5961,143.26999999999998,0.00976508,0.77242176,0.38488211,1840,0.00997325,-0.21604933,0.37362505,1339.56,77929,3.63821525,26-07-2026,00:27,194
12.91356583,6271,253.20000000000016,0.01375894,0.54038763,0.50607919,1860,0.01429147,-0.45914246,0.50600691,1204.9100000000003,16009,9.76120856,26-07-2026,00:27,89
4.83440299,30213,748.9699999999998,0.01165182,0.27625405,0.42640672,1880,0.01206852,-0.73435881,0.4181617,448.56999999999994,10966,21.65137405,26-07-2026,00:27,32
1.55911418,44131,1133.33,0.00626693,0.10880231,0.23788411,1900,0.00587385,-0.9123229,0.20306998,467.44999999999993,21094,38.40185593,26-07-2026,00:27,57
0.54770379,52618,890.6899999999998,0.00275654,0.04192395,0.11414835,1920,0.00116305,-0.98920351,0.03633174,27.25,2496,57.37847007,26-07-2026,00:27,147
0.24864099,26569,909.3400000000001,0.00127502,0.01898528,0.05906661,1940,0.0,-1.0,0.0,10.44,2300,77.29,26-07-2026,00:27,410
0.10457982,12937,213.60999999999999,0.0005651,0.00811577,0.02830466,1960,0.0,-1.0,0.0,2.36,185,97.29,26-07-2026,00:27,725
0.1043146,12788,656.73,0.0004243,0.00702686,0.02493192,1980,0.0,-1.0,0.0,4.16,1,117.29,26-07-2026,00:27,1081
0.05469391,45793,615.8199999999999,0.00022298,0.00366861,0.01397923,2000,0.0,-1.0,0.0,12.16,1,137.29,26-07-2026,00:27,1465
0.05479608,25059,655.4499999999969,0.00018008,0.00329597,0.01269675,2020,0.0,-1.0,0.0,,101,157.29,26-07-2026,00:27,1941
100.8062413,1,2.0300000000000002,0.00110755,0.97483436,0.07471555,1760,0.00048475,-0.0074608,0.0262063,209.51999999999998,29996,0.10774189,26-07-2026,00:35,1710
80.9709289,7,0.07999999999999999,0.00173675,0.96364629,0.10132541,1780,0.0009889,-0.01481183,0.04762483,2040.6999999999966,61494,0.20588548,26-07-2026,00:35,1181
61.2958999,0,63.96,0.00296023,0.94172851,0.14801391,1800,0.00242586,-0.03901825,0.10734847,789.5299999999999,48080,0.53478462,26-07-2026,00:35,774
42.23712926,535,31.069999999999993,0.00558045,0.89234117,0.2353951,1820,0.00543469,-0.09694812,0.21811091,495.09999999999985,23241,1.45063329,26-07-2026,00:35,462
24.91440603,5961,143.26999999999998,0.01040876,0.75151004,0.40270229,1840,0.01064565,-0.2396794,0.39493632,1348.56,77929,4.14446573,26-07-2026,00:35,199
11.61525347,6271,253.20000000000016,0.01393936,0.50822663,0.50709929,1860,0.01442176,-0.49602411,0.50710532,1216.9100000000003,16451,10.82095806,26-07-2026,00:35,87
4.14343976,32713,773.9699999999998,0.0110959,0.24389886,0.39864781,1880,0.011291,-0.76622885,0.38948847,448.56999999999994,10966,23.34865403,26-07-2026,00:35,28
1.30702313,44031,1133.33,0.00566212,0.09425065,0.21363081,1900,0.00507925,-0.92973244,0.17120311,467.44999999999993,21094,40.46187441,26-07-2026,00:35,55
0.46365577,52618,890.6899999999998,0.00240253,0.03528848,0.09889682,1920,0.0002774,-0.99826714,0.00707532,27.25,2496,59.63011758,26-07-2026,00:35,144
0.19390524,26569,909.3400000000001,0.00108904,0.01565483,0.04994624,1940,0.0,-1.0,0.0,10.44,2300,79.63,26-07-2026,00:35,411
0.10165712,12937,213.60999999999999,0.00054168,0.00794479,0.02769351,1960,0.0,-1.0,0.0,2.36,185,99.63,26-07-2026,00:35,730
0.07912943,12788,656.73,0.00027657,0.00408709,0.0153547,1980,0.0,-1.0,0.0,4.16,1,119.63,26-07-2026,00:35,1091
0.05378418,45793,615.8199999999999,0.00021697,0.0036188,0.01376792,2000,0.0,-1.0,0.0,12.16,1,139.63,26-07-2026,00:35,1480
0.05365527,25059,655.4499999999969,0.00017556,0.00325431,0.01251408,2020,0.0,-1.0,0.0,,101,159.63,26-07-2026,00:35,1960
103.23563536,1,2.04,0.00100623,0.977503,0.06716574,1760,0.00031413,-0.00432932,0.0159689,372.15,34857,0.05329926,26-07-2026,01:41,1961
83.3127961,16,0.16999999999999998,0.00152238,0.96924619,0.08722366,1780,0.00066102,-0.00872918,0.02971773,2045.4699999999966,61971,0.10150485,26-07-2026,01:41,1366
63.56293825,0,63.96,0.00255183,0.95312166,0.12300973,1800,0.00175339,-0.02431965,0.07171615,745.5699999999999,50684,0.35779509,26-07-2026,01:41,894
44.16644944,535,27.06999999999999,0.00492165,0.91328074,0.19837332,1820,0.0045084,-0.06891324,0.16660399,494.99999999999983,23241,0.94469854,26-07-2026,01:41,523
26.14733687,6086,141.51999999999998,0.01005622,0.79464645,0.35718694,1840,0.01025308,-0.19229264,0.34329831,1638.3700000000001,106424,2.92254316,26-07-2026,01:41,201
11.89378205,8185,264.5200000000002,0.01516966,0.54625275,0.4976277,1860,0.01585057,-0.45190153,0.49735123,1226.9000000000003,18291,8.6095766,26-07-2026,01:41,89
4.00215171,32813,770.4399999999998,0.01239477,0.25888562,0.40643793,1880,0.01277689,-0.75314158,0.39638743,523.89,10816,20.70843437,26-07-2026,01:41,39
1.17897668,43832,1099.6999999999998,0.00607069,0.09572695,0.21344847,1900,0.005383,-0.93086122,0.16701397,465.63999999999976,20895,37.83749381,26-07-2026,01:41,73
0.37441239,58701,864.8999999999999,0.00243424,0.03345167,0.09349406,1920,0.0,-1.0,0.0,25.950000000000003,2496,57.1500096,26-07-2026,01:41,172
0.14534064,28337,898.3600000000001,0.00114215,0.01603536,0.05036213,1940,0.0,-1.0,0.0,10.44,2300,77.15,26-07-2026,01:41,455
0.10818837,12937,213.60999999999999,0.00056634,0.0081246,0.02790338,1960,0.0,-1.0,0.0,1.85,185,97.15,26-07-2026,01:41,795
0.05645353,12788,654.73,0.00028607,0.00415696,0.01539887,1980,0.0,-1.0,0.0,4.16,1,117.15,26-07-2026,01:41,1176
0.05646955,45793,616.8199999999999,0.00022336,0.00367177,0.01377855,2000,0.0,-1.0,0.0,12.16,1,137.15,26-07-2026,01:41,1584
0.05622854,25059,652.4599999999969,0.00018043,0.00329922,0.012516,2020,0.0,-1.0,0.0,,101,157.15,26-07-2026,01:41,2084
104.31948229,1,2.05,0.00097016,0.97841849,0.06482515,1760,0.00030906,-0.00429372,0.01584504,372.15999999999997,34857,0.05365735,26-07-2026,01:46,1958
84.38721166,16,0.16999999999999998,0.00143416,0.97157361,0.08167576,1780,0.00064793,-0.00864104,0.02944294,2045.4699999999966,61971,0.10232404,26-07-2026,01:46,1363
64.59711363,0,63.96,0.00239465,0.95715212,0.11437595,1800,0.00171131,-0.02402112,0.07094829,745.5699999999999,50684,0.2926067,26-07-2026,01:46,892
45.1435307,535,27.06999999999999,0.00474228,0.91663942,0.19250473,1820,0.00431273,-0.0654169,0.15995738,494.99999999999983,23241,0.83591353,26-07-2026,01:46,521
26.97416941,6086,141.51999999999998,0.00977364,0.80604055,0.34497927,1840,0.00990356,-0.18166744,0.33129929,1646.3000000000002,106424,2.63855842,26-07-2026,01:46,199
12.43839469,8185,264.5200000000002,0.01520364,0.56276809,0.49459107,1860,0.01580111,-0.43510486,0.4941559,1226.9000000000003,18291,8.09393718,26-07-2026,01:46,91
4.28043127,32813,770.3899999999999,0.01277601,0.27017662,0.41519858,1880,0.01318669,-0.74031673,0.40693103,523.79,10816,19.89511666,26-07-2026,01:46,42
1.26760628,43832,1094.9699999999998,0.00627345,0.09736005,0.21603262,1900,0.00561447,-0.92839167,0.1715144,460.5899999999998,20895,36.87079712,26-07-2026,01:46,78
0.41278355,58701,916.3999999999999,0.00249957,0.03390405,0.0944973,1920,0.0,-1.0,0.0,25.950000000000003,2496,56.07001426,26-07-2026,01:46,179
0.20429585,28337,911.0000000000001,0.00116502,0.01619677,0.05077624,1940,0.0,-1.0,0.0,10.44,2300,76.07,26-07-2026,01:46,463
0.10716165,12937,213.60999999999999,0.00057556,0.0081909,0.02809176,1960,0.0,-1.0,0.0,1.85,185,96.07,26-07-2026,01:46,802
0.05605852,12788,654.73,0.00029027,0.0041876,0.01549472,1980,0.0,-1.0,0.0,4.16,1,116.07,26-07-2026,01:46,1184
0.05592378,45793,616.8199999999999,0.00022602,0.00369368,0.01384666,2000,0.0,-1.0,0.0,12.16,1,136.07,26-07-2026,01:46,1592
0.05596458,25059,652.4699999999968,0.00018228,0.0033161,0.01256861,2020,0.0,-1.0,0.0,,101,156.07,26-07-2026,01:46,2092
103.3861172,1,2.05,0.00096085,0.9790342,0.06317445,1760,0.00031355,-0.00432516,0.01592766,372.15999999999997,34857,0.05743238,26-07-2026,01:49,1961
83.43272584,16,0.16999999999999998,0.00139102,0.97346549,0.07701688,1780,0.00065922,-0.0087171,0.02963103,2045.4699999999966,61971,0.10983364,26-07-2026,01:49,1366
63.68461901,0,63.96,0.00249456,0.95493716,0.11896378,1800,0.00174757,-0.02427852,0.07149214,745.5699999999999,50684,0.31347538,26-07-2026,01:49,895
44.24093768,535,27.06999999999999,0.00493545,0.91212321,0.19999337,1820,0.00450026,-0.0688493,0.16619018,494.99999999999983,23241,0.89861432,26-07-2026,01:49,524
26.17394746,6088,141.53999999999996,0.01005826,0.79695451,0.35416466,1840,0.01019607,-0.19172286,0.34208968,1646.3000000000002,106424,2.82864916,26-07-2026,01:49,202
11.87994698,8185,264.5200000000002,0.01527049,0.54869369,0.49640514,1860,0.01597677,-0.44928652,0.49609406,1226.9000000000003,18291,8.47902586,26-07-2026,01:49,91
3.95275799,32813,770.3899999999999,0.0125531,0.25714576,0.40432798,1880,0.01290773,-0.75403359,0.39494431,523.79,10816,20.55224586,26-07-2026,01:49,41
1.15107493,43832,1094.01,0.00599792,0.09111488,0.20545129,1900,0.00528222,-0.93440036,0.16009277,454.64999999999975,20895,37.70561536,26-07-2026,01:49,75
0.38003623,58701,908.4399999999998,0.00244256,0.03350984,0.09346818,1920,0.0,-1.0,0.0,25.950000000000003,2496,57.02000969,26-07-2026,01:49,174
0.16481113,28337,911.0000000000001,0.00100137,0.01318596,0.04248502,1940,0.0,-1.0,0.0,10.44,2300,77.02,26-07-2026,01:49,457
0.10017787,12937,213.60999999999999,0.00056768,0.00813438,0.02788529,1960,0.0,-1.0,0.0,1.85,185,97.02,26-07-2026,01:49,797
0.0528337,12788,654.73,0.00028662,0.00416108,0.01538615,1980,0.0,-1.0,0.0,4.16,1,117.02,26-07-2026,01:49,1178
0.05330591,45793,616.8199999999999,0.00022371,0.00367457,0.01376421,2000,0.0,-1.0,0.0,12.16,1,137.02,26-07-2026,01:49,1586
0.05307186,25059,652.4699999999968,0.0001807,0.00330173,0.01250324,2020,0.0,-1.0,0.0,,101,157.02,26-07-2026,01:49,2086
102.86587504,1,2.05,0.00100145,0.97781075,0.06599717,1760,0.00031629,-0.00434438,0.01592347,372.15999999999997,34857,0.05431791,26-07-2026,02:08,2030
82.87596505,16,0.16999999999999998,0.0013461,0.97510549,0.07270533,1780,0.00066607,-0.00876279,0.02964157,2045.4699999999966,61971,0.10362865,26-07-2026,02:08,1412
63.17682261,0,63.96,0.00258713,0.95247157,0.12363781,1800,0.00176976,-0.02443492,0.07157532,745.5699999999999,50684,0.30021055,26-07-2026,02:08,919
43.75916416,535,23.069999999999993,0.00498605,0.91269568,0.19818586,1820,0.0045689,-0.06938799,0.16649201,605.9999999999998,34341,0.89124252,26-07-2026,02:08,526
25.73557222,6088,141.53999999999996,0.01025379,0.79417913,0.3555411,1840,0.01041492,-0.19390258,0.34300821,1646.3000000000002,106427,2.85778288,26-07-2026,02:08,203
11.49736026,7890,267.4700000000002,0.01549079,0.54131953,0.49536534,1860,0.01610324,-0.45790181,0.49524939,1226.9000000000003,18291,8.61803355,26-07-2026,02:08,91
3.71088989,35092,793.1399999999999,0.01243966,0.24877268,0.39566849,1880,0.01280022,-0.76386696,0.38464848,523.3399999999999,10816,20.81884227,26-07-2026,02:08,40
1.02310382,43837,1094.01,0.00578294,0.08531284,0.1947924,1900,0.00486472,-0.94349485,0.14186101,454.63999999999976,20895,38.12733215,26-07-2026,02:08,78
0.30300512,58701,906.7099999999998,0.00212717,0.0269823,0.07777106,1920,0.0,-1.0,0.0,25.950000000000003,2496,57.54000722,26-07-2026,02:08,179
0.15683059,28337,911.0000000000001,0.00099116,0.013118,0.04211726,1940,0.0,-1.0,0.0,10.44,2300,77.54,26-07-2026,02:08,466
0.10611905,12937,213.60999999999999,0.00056289,0.00809982,0.02766388,1960,0.0,-1.0,0.0,1.85,185,97.54,26-07-2026,02:08,809
0.05544491,12788,654.73,0.0002847,0.00414704,0.01527556,1980,0.0,-1.0,0.0,4.16,1,117.54,26-07-2026,02:08,1194
0.05538359,45793,616.8199999999999,0.00022242,0.003664,0.01367117,2000,0.0,-1.0,0.0,12.16,1,137.54,26-07-2026,02:08,1606
0.05543707,25059,652.4699999999968,0.00017972,0.00329257,0.01241932,2020,0.0,-1.0,0.0,,101,157.54,26-07-2026,02:08,2110
100.07385407,1,2.06,0.0010217,0.97810367,0.06445558,1760,0.00033117,-0.00444643,0.01605689,376.53,35294,0.05430317,26-07-2026,02:59,2042
80.10433502,16,0.16999999999999998,0.00141755,0.97444076,0.07341054,1780,0.00070381,-0.00901094,0.03000147,2045.6699999999967,61971,0.10360721,26-07-2026,02:59,1423
60.34712327,0,63.96,0.00268842,0.95317622,0.12066184,1800,0.00189351,-0.02529008,0.07276223,753.6899999999999,51034,0.30008015,26-07-2026,02:59,927
41.01331302,535,23.069999999999993,0.00544168,0.90756685,0.2042219,1820,0.00505529,-0.0751529,0.17480669,622.9699999999998,35576,0.95525462,26-07-2026,02:59,532
23.29686306,6093,142.82,0.01124191,0.77059433,0.3738456,1840,0.0114693,-0.21891081,0.36404103,1672.1200000000001,106427,3.23957276,26-07-2026,02:59,210
9.75400385,7905,282.2400000000002,0.01606239,0.49752437,0.49187445,1860,0.01676439,-0.50264422,0.49188109,1245.9600000000005,17847,9.65719528,26-07-2026,02:59,93
2.8435746,35252,799.8199999999999,0.01164146,0.20715475,0.35250108,1880,0.01186902,-0.80987107,0.33472485,521.98,10816,22.71917696,26-07-2026,02:59,39
0.7089207,43839,1099.03,0.00476051,0.06266503,0.15195052,1900,0.00346054,-0.9660587,0.0928988,452.7099999999998,20896,40.57425081,26-07-2026,02:59,72
0.20265226,58701,909.8999999999999,0.00164011,0.01924982,0.05779121,1920,0.0,-1.0,0.0,25.87,2496,60.32000177,26-07-2026,02:59,168
0.10630317,28337,911.4000000000001,0.00075808,0.00940882,0.03115803,1940,0.0,-1.0,0.0,10.44,2300,80.32,26-07-2026,02:59,454
0.05573837,17765,261.89,0.00036502,0.00469808,0.01686568,1960,0.0,-1.0,0.0,1.85,185,100.32,26-07-2026,02:59,796
0.05551021,12788,654.73,0.00027442,0.0040712,0.01483972,1980,0.0,-1.0,0.0,4.16,1,120.32,26-07-2026,02:59,1191
0.05546907,45793,616.8199999999999,0.00021552,0.00360654,0.01331203,2000,0.0,-1.0,0.0,12.16,1,140.32,26-07-2026,02:59,1613
0.05540937,25059,652.6699999999969,0.0001749,0.00324817,0.0121174,2020,0.0,-1.0,0.0,,101,160.32,26-07-2026,02:59,2128
100.51738046,1,2.06,0.00094216,0.98056112,0.05825309,1760,0.00032851,-0.00442843,0.01599338,376.53,35294,0.05683331,26-07-2026,03:02,2041
80.57993332,16,0.16999999999999998,0.00143537,0.97365035,0.07527933,1780,0.00069701,-0.00896651,0.02986178,2045.6699999999967,61971,0.10868679,26-07-2026,03:02,1422
60.7841631,0,63.96,0.0025915,0.95572349,0.11531382,1800,0.00187109,-0.0251373,0.07236929,753.6899999999999,51034,0.310506,26-07-2026,03:02,926
41.41857993,535,23.069999999999993,0.00531651,0.91083309,0.19877651,1820,0.00498328,-0.07459878,0.17376113,622.9699999999998,35576,0.93955967,26-07-2026,03:02,531
23.61873074,6093,142.82,0.01109685,0.77523946,0.36942614,1840,0.01133569,-0.21213211,0.35733524,1672.1200000000001,106427,3.09380007,26-07-2026,03:02,209
9.94340107,7905,282.2400000000002,0.01610721,0.50491094,0.49167544,1860,0.01679564,-0.49493356,0.49168101,1245.9600000000005,17847,9.41701929,26-07-2026,03:02,94
2.90843931,35252,799.8199999999999,0.01182885,0.21280854,0.35800432,1880,0.01203949,-0.80168454,0.3433109,521.98,10816,22.38351515,26-07-2026,03:02,41
0.71832445,43839,1099.03,0.00492984,0.06609755,0.1583244,1900,0.0034628,-0.96664983,0.091532,452.7099999999998,20896,40.16210278,26-07-2026,03:02,75
0.21842139,58701,909.8999999999999,0.00165777,0.01935432,0.05803792,1920,0.0,-1.0,0.0,25.87,2496,59.8800021,26-07-2026,03:02,171
0.10104275,28337,911.4000000000001,0.00076474,0.00945015,0.03126683,1940,0.0,-1.0,0.0,10.44,2300,79.88,26-07-2026,03:02,457
0.05276801,17765,261.89,0.00036775,0.00471593,0.01691701,1960,0.0,-1.0,0.0,1.85,185,99.88,26-07-2026,03:02,800
0.05313972,12788,654.73,0.00027602,0.00408321,0.01487349,1980,0.0,-1.0,0.0,4.16,1,119.88,26-07-2026,03:02,1195
0.05335808,45793,616.8199999999999,0.00021662,0.00361575,0.0133379,2000,0.0,-1.0,0.0,12.16,1,139.88,26-07-2026,03:02,1617
0.05359106,25059,652.6699999999969,0.00017571,0.00325553,0.01213797,2020,0.0,-1.0,0.0,,101,159.88,26-07-2026,03:02,2131
99.94826492,1,2.06,0.00096083,0.98009296,0.05927469,1760,0.00033038,-0.00444097,0.01598939,376.53,35294,0.05437166,26-07-2026,03:14,2044
80.0239615,16,0.16999999999999998,0.00142398,0.97406773,0.07408274,1780,0.00070181,-0.00899786,0.02987019,2055.6699999999964,62971,0.10375479,26-07-2026,03:14,1423
60.2404149,0,63.96,0.00246531,0.95993847,0.10605863,1800,0.00188694,-0.02524558,0.07242916,753.6899999999999,51034,0.29653889,26-07-2026,03:14,927
40.91225796,535,23.069999999999993,0.00536132,0.91117865,0.19764571,1820,0.0049733,-0.07248586,0.16951133,622.9699999999998,35576,0.95121362,26-07-2026,03:14,532
23.15640971,6093,142.82,0.01119431,0.77078028,0.3725044,1840,0.01157093,-0.21263087,0.35681249,1672.1200000000001,106427,3.14780025,26-07-2026,03:14,210
9.64313103,7895,282.34000000000015,0.01627367,0.50165266,0.49038273,1860,0.01681717,-0.50199599,0.49032187,1245.9600000000005,17847,9.65909042,26-07-2026,03:14,95
2.81923597,35252,799.8399999999999,0.01150715,0.20199496,0.34606772,1880,0.01189852,-0.80834993,0.33530909,522.08,10806,22.79155396,26-07-2026,03:14,41
0.67826907,43839,1099.03,0.00481391,0.06302322,0.15216969,1900,0.00336749,-0.96772249,0.08884955,452.7099999999998,20896,40.62071504,26-07-2026,03:14,74
0.20505327,58701,904.1599999999999,0.00164088,0.01925416,0.05761893,1920,0.0,-1.0,0.0,25.87,2496,60.42000156,26-07-2026,03:14,169
0.10624638,28337,911.4000000000001,0.00076314,0.00944027,0.03115553,1940,0.0,-1.0,0.0,10.44,2300,80.42,26-07-2026,03:14,454
0.05588453,17765,261.89,0.00036533,0.00470028,0.01681917,1960,0.0,-1.0,0.0,1.85,185,100.42,26-07-2026,03:14,797
0.05553677,12788,654.73,0.00027552,0.00407951,0.01482183,1980,0.0,-1.0,0.0,4.16,1,120.42,26-07-2026,03:14,1192
0.05554622,45793,616.8199999999999,0.00021614,0.00361173,0.01328859,2000,0.0,-1.0,0.0,12.16,1,140.42,26-07-2026,03:14,1614
0.05537789,25059,652.6699999999969,0.00017504,0.00324943,0.01208357,2020,0.0,-1.0,0.0,,101,160.42,26-07-2026,03:14,2128
100.75222402,1,2.06,0.00098737,0.97900486,0.0613038,1760,0.00032735,-0.00442034,0.0157405,376.53,35294,0.05540186,26-07-2026,04:08,2071
80.74611645,16,0.15999999999999998,0.00141472,0.97415389,0.07302241,1780,0.00069408,-0.00894733,0.02938241,2055.6699999999964,62971,0.10583176,26-07-2026,04:08,1441
60.96769862,0,63.96,0.00251827,0.95773303,0.10949311,1800,0.00171004,-0.02189679,0.0635205,756.6899999999999,51334,0.23075625,26-07-2026,04:08,936
41.53870022,500,26.069999999999993,0.00512175,0.9184305,0.18331204,1820,0.0047192,-0.06642709,0.15668344,652.1499999999999,38694,0.80747744,26-07-2026,04:08,533
23.4830826,5993,140.82,0.01121492,0.78835836,0.35178915,1840,0.01139644,-0.19962486,0.3397938,1683.8400000000001,107427,2.73544937,26-07-2026,04:08,209
9.69699281,7625,288.5400000000002,0.01674916,0.50925454,0.48461957,1860,0.01747574,-0.49038604,0.48460824,1260.4400000000005,17847,8.90585658,26-07-2026,04:08,98
2.82107281,35252,799.8399999999999,0.01199509,0.21047388,0.35064749,1880,0.0122513,-0.80579655,0.33417977,521.64,10806,22.01367352,26-07-2026,04:08,44
0.64218478,77962,1413.44,0.00475537,0.06029153,0.14529418,1900,0.0030182,-0.97379111,0.07388037,453.1999999999998,20896,39.83882823,26-07-2026,04:08,77
0.15322178,58701,904.1799999999998,0.00146716,0.01598799,0.04860542,1920,0.0,-1.0,0.0,24.01,2496,59.62000161,26-07-2026,04:08,243
0.1037321,28337,911.4000000000001,0.00076784,0.00946969,0.03087899,1940,0.0,-1.0,0.0,10.44,2300,79.62,26-07-2026,04:08,596
0.05447855,17765,261.89,0.00036925,0.00472558,0.0167076,1960,0.0,-1.0,0.0,1.85,185,99.62,26-07-2026,04:08,1006
0.0544659,12788,654.73,0.00027687,0.00408941,0.01468271,1980,0.0,-1.0,0.0,4.16,1,119.62,26-07-2026,04:08,1468
0.05457136,45793,616.8199999999999,0.00021725,0.00362104,0.01316629,2000,0.0,-1.0,0.0,12.16,1,139.62,26-07-2026,04:08,1958
0.05461138,25059,652.6699999999969,0.00017608,0.00325912,0.01197745,2020,0.0,-1.0,0.0,,101,159.62,26-07-2026,04:08,2540
100.3559868,1,2.06,0.00095641,0.98013955,0.05844518,1760,0.00032742,-0.00442091,0.01573522,376.53,35294,0.05673293,26-07-2026,04:10,2072
80.40140981,16,0.15999999999999998,0.00144508,0.97325056,0.07511521,1780,0.00069425,-0.00894876,0.02937326,2055.6699999999964,62971,0.1085951,26-07-2026,04:10,1441
60.59188447,0,63.96,0.00253391,0.95725262,0.11044857,1800,0.00171047,-0.02189943,0.06349829,756.6899999999999,51334,0.25414145,26-07-2026,04:10,937
41.15727448,500,26.069999999999993,0.00514591,0.91747204,0.18484733,1820,0.00477914,-0.06685986,0.15736671,652.1499999999999,38694,0.82541003,26-07-2026,04:10,534
23.17796888,5993,140.82,0.01121408,0.78800627,0.35197248,1840,0.01141636,-0.19981112,0.33982553,1683.8400000000001,107427,2.82885533,26-07-2026,04:10,210
9.45553855,7625,288.5400000000002,0.01682382,0.50220655,0.48440795,1860,0.01753407,-0.49142269,0.48440514,1260.4400000000005,17847,9.10460805,26-07-2026,04:10,97
2.72249833,35252,799.8399999999999,0.01201397,0.2086656,0.34871297,1880,0.01224978,-0.80667152,0.3331014,521.64,10806,22.33379577,26-07-2026,04:10,43
0.62741926,77962,1413.44,0.00470027,0.05993403,0.14452403,1900,1e-08,-0.99999999,7e-08,453.1999999999998,20896,40.16438345,26-07-2026,04:10,75
0.14844186,58701,904.1799999999998,0.00146681,0.01598616,0.0485787,1920,0.0,-1.0,0.0,24.01,2496,60.02000134,26-07-2026,04:10,240
0.10120944,28337,911.4000000000001,0.0007677,0.00946879,0.0308619,1940,0.0,-1.0,0.0,10.44,2300,80.02,26-07-2026,04:10,593
0.05307929,17765,261.89,0.000369,0.00472385,0.01669433,1960,0.0,-1.0,0.0,1.85,185,100.02,26-07-2026,04:10,1003
0.05343802,12788,654.73,0.00027532,0.00407777,0.0146351,1980,0.0,-1.0,0.0,4.16,1,120.02,26-07-2026,04:10,1466
0.05345727,45793,616.8199999999999,0.00021623,0.0036124,0.013129,2000,0.0,-1.0,0.0,12.16,1,140.02,26-07-2026,04:10,1955
0.05365361,25059,652.6699999999969,0.00017606,0.00325873,0.01197074,2020,0.0,-1.0,0.0,,101,160.02,26-07-2026,04:10,2537
101.62811038,1,2.06,0.00097469,0.97914269,0.06089851,1760,0.00032313,-0.00439154,0.01563207,376.53,35294,0.05466234,26-07-2026,04:14,2069
81.63504042,16,0.15999999999999998,0.00142392,0.97345097,0.07459884,1780,0.00068257,-0.00887226,0.02913607,2055.6699999999964,62971,0.10437476,26-07-2026,04:14,1439
61.81773394,0,63.96,0.00234552,0.96200313,0.10030908,1800,0.00150492,-0.01833147,0.05457308,756.6899999999999,51334,0.1990054,26-07-2026,04:14,934
42.32791837,500,26.069999999999993,0.00493546,0.92186311,0.17726033,1820,0.00451081,-0.06279556,0.1498293,652.1499999999999,38694,0.74642711,26-07-2026,04:14,532
24.12510662,5993,140.82,0.01092411,0.80036305,0.33945423,1840,0.01107048,-0.18886474,0.32817316,1683.8400000000001,107427,2.54064026,26-07-2026,04:14,208
10.0623936,7625,288.5400000000002,0.0169013,0.52419119,0.48335636,1860,0.01751577,-0.47545992,0.48332348,1160.4400000000005,17847,8.43552144,26-07-2026,04:14,99
2.95490417,35252,799.8399999999999,0.0124009,0.21822677,0.35773142,1880,0.01262642,-0.79790322,0.34193842,521.64,10806,21.30008044,26-07-2026,04:14,46
0.69906639,77962,1413.44,0.00498694,0.06417093,0.15236955,1900,0.00394224,-0.9600844,0.10441944,453.1999999999998,20896,39.00658118,26-07-2026,04:14,80
0.1553929,58701,904.1799999999998,0.00149876,0.016161,0.04900431,1920,0.0,-1.0,0.0,24.01,2496,58.76000224,26-07-2026,04:14,249
0.10545187,28337,911.4000000000001,0.0007793,0.00954051,0.03104682,1940,0.0,-1.0,0.0,10.44,2300,78.76,26-07-2026,04:14,602
0.05516376,17765,261.89,0.00037425,0.00475761,0.01679091,1960,0.0,-1.0,0.0,1.85,185,98.76,26-07-2026,04:14,1012
0.05517656,12788,654.73,0.00027974,0.00411067,0.01473488,1980,0.0,-1.0,0.0,4.16,1,118.76,26-07-2026,04:14,1475
0.05504985,45793,616.8199999999999,0.00021941,0.00363909,0.01321143,2000,0.0,-1.0,0.0,12.16,1,138.76,26-07-2026,04:14,1964
0.05514179,25059,652.6699999999969,0.00017743,0.00327146,0.01200532,2020,0.0,-1.0,0.0,,101,158.76,26-07-2026,04:14,2546
101.10541237,1,2.06,0.0009206,0.98105995,0.0553963,1760,0.00032529,-0.00440639,0.01547955,376.53,35294,0.05271543,26-07-2026,05:10,2072
80.99831531,16,0.15999999999999998,0.0012741,0.97797803,0.06294536,1780,0.00068883,-0.00891317,0.02888006,2055.6699999999964,62971,0.10040135,26-07-2026,05:10,1441
61.25868802,0,63.96,0.00236754,0.96182126,0.09941779,1800,0.00152048,-0.01842756,0.05411809,757.1899999999999,51334,0.19057241,26-07-2026,05:10,936
41.70656387,500,23.66999999999999,0.00487519,0.92663836,0.16678584,1820,0.00438935,-0.05755681,0.13816065,652.1899999999999,38690,0.64451349,26-07-2026,05:10,533
23.57162039,5993,142.32,0.01120563,0.80064448,0.33482281,1840,0.01135131,-0.18739364,0.32241608,1683.8400000000001,107427,2.45041911,26-07-2026,05:10,209
9.65152065,8225,296.94000000000017,0.01715224,0.51536407,0.47769044,1860,0.01790497,-0.48381682,0.47765311,1158.2400000000002,18197,8.49332645,26-07-2026,05:10,99
2.74680952,41710,859.9199999999998,0.01225685,0.20887503,0.34425571,1880,0.01247802,-0.8043386,0.33106178,521.64,10806,21.59663669,26-07-2026,05:10,48
0.60730231,81962,1452.58,0.00469379,0.05748138,0.13801873,1900,0.00267187,-0.97871092,0.06117112,453.1999999999998,20896,39.39289325,26-07-2026,05:10,97
0.11105892,83972,1155.5599999999997,0.00120398,0.01187803,0.03709683,1920,0.0,-1.0,0.0,24.01,2496,59.24000131,26-07-2026,05:10,286
0.10982712,28337,911.4000000000001,0.00077315,0.00950244,0.03054411,1940,0.0,-1.0,0.0,10.44,2300,79.24,26-07-2026,05:10,712
0.0570927,17765,261.89,0.00037135,0.004739,0.01651831,1960,0.0,-1.0,0.0,1.85,185,99.24,26-07-2026,05:10,1195
0.05700699,12788,654.73,0.00027822,0.00409939,0.01451135,1980,0.0,-1.0,0.0,4.16,1,119.24,26-07-2026,05:10,1730
0.05682572,45793,698.8399999999999,0.00021814,0.00362865,0.01300871,2000,0.0,-1.0,0.0,12.16,1,139.24,26-07-2026,05:10,2292
0.05661455,25059,652.6699999999969,0.00017672,0.00326502,0.01183132,2020,0.0,-1.0,0.0,,101,159.24,26-07-2026,05:10,2946
